USE [master]
GO
/****** Object:  Database [WhiskyGermany]    Script Date: 6/21/2022 2:41:39 PM ******/
CREATE DATABASE [WhiskyGermany]
 CONTAINMENT = NONE
 ON  PRIMARY 
( NAME = N'WhiskyGermany', FILENAME = N'C:\Program Files\Microsoft SQL Server\MSSQL15.MSSQLSERVER\MSSQL\DATA\WhiskyGermany.mdf' , SIZE = 8192KB , MAXSIZE = UNLIMITED, FILEGROWTH = 65536KB )
 LOG ON 
( NAME = N'WhiskyGermany_log', FILENAME = N'C:\Program Files\Microsoft SQL Server\MSSQL15.MSSQLSERVER\MSSQL\DATA\WhiskyGermany_log.ldf' , SIZE = 8192KB , MAXSIZE = 2048GB , FILEGROWTH = 65536KB )
 WITH CATALOG_COLLATION = DATABASE_DEFAULT
GO
ALTER DATABASE [WhiskyGermany] SET COMPATIBILITY_LEVEL = 150
GO
IF (1 = FULLTEXTSERVICEPROPERTY('IsFullTextInstalled'))
begin
EXEC [WhiskyGermany].[dbo].[sp_fulltext_database] @action = 'enable'
end
GO
ALTER DATABASE [WhiskyGermany] SET ANSI_NULL_DEFAULT OFF 
GO
ALTER DATABASE [WhiskyGermany] SET ANSI_NULLS OFF 
GO
ALTER DATABASE [WhiskyGermany] SET ANSI_PADDING OFF 
GO
ALTER DATABASE [WhiskyGermany] SET ANSI_WARNINGS OFF 
GO
ALTER DATABASE [WhiskyGermany] SET ARITHABORT OFF 
GO
ALTER DATABASE [WhiskyGermany] SET AUTO_CLOSE OFF 
GO
ALTER DATABASE [WhiskyGermany] SET AUTO_SHRINK OFF 
GO
ALTER DATABASE [WhiskyGermany] SET AUTO_UPDATE_STATISTICS ON 
GO
ALTER DATABASE [WhiskyGermany] SET CURSOR_CLOSE_ON_COMMIT OFF 
GO
ALTER DATABASE [WhiskyGermany] SET CURSOR_DEFAULT  GLOBAL 
GO
ALTER DATABASE [WhiskyGermany] SET CONCAT_NULL_YIELDS_NULL OFF 
GO
ALTER DATABASE [WhiskyGermany] SET NUMERIC_ROUNDABORT OFF 
GO
ALTER DATABASE [WhiskyGermany] SET QUOTED_IDENTIFIER OFF 
GO
ALTER DATABASE [WhiskyGermany] SET RECURSIVE_TRIGGERS OFF 
GO
ALTER DATABASE [WhiskyGermany] SET  DISABLE_BROKER 
GO
ALTER DATABASE [WhiskyGermany] SET AUTO_UPDATE_STATISTICS_ASYNC OFF 
GO
ALTER DATABASE [WhiskyGermany] SET DATE_CORRELATION_OPTIMIZATION OFF 
GO
ALTER DATABASE [WhiskyGermany] SET TRUSTWORTHY OFF 
GO
ALTER DATABASE [WhiskyGermany] SET ALLOW_SNAPSHOT_ISOLATION OFF 
GO
ALTER DATABASE [WhiskyGermany] SET PARAMETERIZATION SIMPLE 
GO
ALTER DATABASE [WhiskyGermany] SET READ_COMMITTED_SNAPSHOT OFF 
GO
ALTER DATABASE [WhiskyGermany] SET HONOR_BROKER_PRIORITY OFF 
GO
ALTER DATABASE [WhiskyGermany] SET RECOVERY FULL 
GO
ALTER DATABASE [WhiskyGermany] SET  MULTI_USER 
GO
ALTER DATABASE [WhiskyGermany] SET PAGE_VERIFY CHECKSUM  
GO
ALTER DATABASE [WhiskyGermany] SET DB_CHAINING OFF 
GO
ALTER DATABASE [WhiskyGermany] SET FILESTREAM( NON_TRANSACTED_ACCESS = OFF ) 
GO
ALTER DATABASE [WhiskyGermany] SET TARGET_RECOVERY_TIME = 60 SECONDS 
GO
ALTER DATABASE [WhiskyGermany] SET DELAYED_DURABILITY = DISABLED 
GO
ALTER DATABASE [WhiskyGermany] SET ACCELERATED_DATABASE_RECOVERY = OFF  
GO
EXEC sys.sp_db_vardecimal_storage_format N'WhiskyGermany', N'ON'
GO
ALTER DATABASE [WhiskyGermany] SET QUERY_STORE = OFF
GO
USE [WhiskyGermany]
GO
/****** Object:  Table [dbo].[CatalogContainer]    Script Date: 6/21/2022 2:41:40 PM ******/
SET ANSI_NULLS ON
GO
SET QUOTED_IDENTIFIER ON
GO
CREATE TABLE [dbo].[CatalogContainer](
	[id_Container] [int] NOT NULL,
	[description_Container] [varchar](64) NOT NULL,
 CONSTRAINT [PK__CatalogC__58852D4DD7CB5386] PRIMARY KEY CLUSTERED 
(
	[id_Container] ASC
)WITH (PAD_INDEX = OFF, STATISTICS_NORECOMPUTE = OFF, IGNORE_DUP_KEY = OFF, ALLOW_ROW_LOCKS = ON, ALLOW_PAGE_LOCKS = ON, OPTIMIZE_FOR_SEQUENTIAL_KEY = OFF) ON [PRIMARY]
) ON [PRIMARY]
GO
/****** Object:  Table [dbo].[CatalogProductType]    Script Date: 6/21/2022 2:41:40 PM ******/
SET ANSI_NULLS ON
GO
SET QUOTED_IDENTIFIER ON
GO
CREATE TABLE [dbo].[CatalogProductType](
	[id_ProductType] [int] NOT NULL,
	[name_ProductType] [varchar](64) NOT NULL,
 CONSTRAINT [PK__CatalogP__2ABBD35E2B53C837] PRIMARY KEY CLUSTERED 
(
	[id_ProductType] ASC
)WITH (PAD_INDEX = OFF, STATISTICS_NORECOMPUTE = OFF, IGNORE_DUP_KEY = OFF, ALLOW_ROW_LOCKS = ON, ALLOW_PAGE_LOCKS = ON, OPTIMIZE_FOR_SEQUENTIAL_KEY = OFF) ON [PRIMARY]
) ON [PRIMARY]
GO
/****** Object:  Table [dbo].[CatalogStatusPurchase]    Script Date: 6/21/2022 2:41:40 PM ******/
SET ANSI_NULLS ON
GO
SET QUOTED_IDENTIFIER ON
GO
CREATE TABLE [dbo].[CatalogStatusPurchase](
	[id_StatusPurchase] [int] IDENTITY(1,1) NOT NULL,
	[name_StatusPurchase] [varchar](64) NOT NULL,
PRIMARY KEY CLUSTERED 
(
	[id_StatusPurchase] ASC
)WITH (PAD_INDEX = OFF, STATISTICS_NORECOMPUTE = OFF, IGNORE_DUP_KEY = OFF, ALLOW_ROW_LOCKS = ON, ALLOW_PAGE_LOCKS = ON, OPTIMIZE_FOR_SEQUENTIAL_KEY = OFF) ON [PRIMARY]
) ON [PRIMARY]
GO
/****** Object:  Table [dbo].[CatalogSubscription]    Script Date: 6/21/2022 2:41:40 PM ******/
SET ANSI_NULLS ON
GO
SET QUOTED_IDENTIFIER ON
GO
CREATE TABLE [dbo].[CatalogSubscription](
	[id_subscription] [int] NOT NULL,
	[name_subscription] [varchar](64) NOT NULL,
	[description_subscription] [varchar](max) NOT NULL,
	[discount_subscription] [int] NOT NULL,
	[price_subscription] [money] NOT NULL,
	[discount_shipping] [int] NOT NULL,
	[special] [bit] NOT NULL,
 CONSTRAINT [PK__CatalogS__5F1F3D15B676654E] PRIMARY KEY CLUSTERED 
(
	[id_subscription] ASC
)WITH (PAD_INDEX = OFF, STATISTICS_NORECOMPUTE = OFF, IGNORE_DUP_KEY = OFF, ALLOW_ROW_LOCKS = ON, ALLOW_PAGE_LOCKS = ON, OPTIMIZE_FOR_SEQUENTIAL_KEY = OFF) ON [PRIMARY]
) ON [PRIMARY] TEXTIMAGE_ON [PRIMARY]
GO
/****** Object:  Table [dbo].[Client]    Script Date: 6/21/2022 2:41:40 PM ******/
SET ANSI_NULLS ON
GO
SET QUOTED_IDENTIFIER ON
GO
CREATE TABLE [dbo].[Client](
	[id_client] [int] NOT NULL,
	[name_client] [varchar](50) NOT NULL,
	[email_client] [varchar](64) NOT NULL,
	[subscription_client] [int] NOT NULL,
 CONSTRAINT [PK__Client__6EC2B6C03F204202] PRIMARY KEY CLUSTERED 
(
	[id_client] ASC
)WITH (PAD_INDEX = OFF, STATISTICS_NORECOMPUTE = OFF, IGNORE_DUP_KEY = OFF, ALLOW_ROW_LOCKS = ON, ALLOW_PAGE_LOCKS = ON, OPTIMIZE_FOR_SEQUENTIAL_KEY = OFF) ON [PRIMARY]
) ON [PRIMARY]
GO
/****** Object:  Table [dbo].[Product]    Script Date: 6/21/2022 2:41:40 PM ******/
SET ANSI_NULLS ON
GO
SET QUOTED_IDENTIFIER ON
GO
CREATE TABLE [dbo].[Product](
	[id_product] [int] NOT NULL,
	[name_product] [varchar](64) NOT NULL,
	[type_product] [int] NOT NULL,
	[aged_product] [int] NOT NULL,
	[container_product] [int] NOT NULL,
	[price_product] [money] NOT NULL,
	[special_product] [bit] NOT NULL,
	[image] [varbinary](max) NULL,
 CONSTRAINT [PK__Product__BA39E84F19C31262] PRIMARY KEY CLUSTERED 
(
	[id_product] ASC
)WITH (PAD_INDEX = OFF, STATISTICS_NORECOMPUTE = OFF, IGNORE_DUP_KEY = OFF, ALLOW_ROW_LOCKS = ON, ALLOW_PAGE_LOCKS = ON, OPTIMIZE_FOR_SEQUENTIAL_KEY = OFF) ON [PRIMARY]
) ON [PRIMARY] TEXTIMAGE_ON [PRIMARY]
GO
/****** Object:  Table [dbo].[ProductxStore]    Script Date: 6/21/2022 2:41:40 PM ******/
SET ANSI_NULLS ON
GO
SET QUOTED_IDENTIFIER ON
GO
CREATE TABLE [dbo].[ProductxStore](
	[id_productxStore] [int] IDENTITY(1,1) NOT NULL,
	[aumount] [int] NOT NULL,
	[id_store] [int] NOT NULL,
	[id_product] [int] NOT NULL,
 CONSTRAINT [PK__Productx__DB71F30AF6222D76] PRIMARY KEY CLUSTERED 
(
	[id_productxStore] ASC
)WITH (PAD_INDEX = OFF, STATISTICS_NORECOMPUTE = OFF, IGNORE_DUP_KEY = OFF, ALLOW_ROW_LOCKS = ON, ALLOW_PAGE_LOCKS = ON, OPTIMIZE_FOR_SEQUENTIAL_KEY = OFF) ON [PRIMARY]
) ON [PRIMARY]
GO
/****** Object:  Table [dbo].[purchase]    Script Date: 6/21/2022 2:41:40 PM ******/
SET ANSI_NULLS ON
GO
SET QUOTED_IDENTIFIER ON
GO
CREATE TABLE [dbo].[purchase](
	[id_purchase] [int] NOT NULL,
	[client_purchase] [int] NOT NULL,
	[date_purchase] [date] NOT NULL,
	[location_client] [geography] NOT NULL,
	[subtotal] [money] NOT NULL,
	[shipping] [money] NOT NULL,
	[total] [money] NOT NULL,
	[id_PurchasingManager] [int] NULL,
	[id_Dealer] [int] NULL,
	[status_purchase] [int] NOT NULL,
	[distance] [float] NULL,
	[moneyType] [varchar](128) NOT NULL,
	[store] [int] NOT NULL,
 CONSTRAINT [PK__purchase__84A464F90EB249B2] PRIMARY KEY CLUSTERED 
(
	[id_purchase] ASC
)WITH (PAD_INDEX = OFF, STATISTICS_NORECOMPUTE = OFF, IGNORE_DUP_KEY = OFF, ALLOW_ROW_LOCKS = ON, ALLOW_PAGE_LOCKS = ON, OPTIMIZE_FOR_SEQUENTIAL_KEY = OFF) ON [PRIMARY]
) ON [PRIMARY] TEXTIMAGE_ON [PRIMARY]
GO
/****** Object:  Table [dbo].[purchaseXProduct]    Script Date: 6/21/2022 2:41:40 PM ******/
SET ANSI_NULLS ON
GO
SET QUOTED_IDENTIFIER ON
GO
CREATE TABLE [dbo].[purchaseXProduct](
	[id_purchaseXProduct] [int] NOT NULL,
	[id_purchase] [int] NOT NULL,
	[id_product] [int] NOT NULL,
	[amount] [int] NOT NULL,
	[subtotal] [money] NOT NULL,
 CONSTRAINT [PK__purchase__393FB097A4AF720A] PRIMARY KEY CLUSTERED 
(
	[id_purchaseXProduct] ASC
)WITH (PAD_INDEX = OFF, STATISTICS_NORECOMPUTE = OFF, IGNORE_DUP_KEY = OFF, ALLOW_ROW_LOCKS = ON, ALLOW_PAGE_LOCKS = ON, OPTIMIZE_FOR_SEQUENTIAL_KEY = OFF) ON [PRIMARY]
) ON [PRIMARY]
GO
/****** Object:  Table [dbo].[Store]    Script Date: 6/21/2022 2:41:40 PM ******/
SET ANSI_NULLS ON
GO
SET QUOTED_IDENTIFIER ON
GO
CREATE TABLE [dbo].[Store](
	[id_store] [int] NOT NULL,
	[name_store] [varchar](64) NOT NULL,
	[location_store] [geography] NOT NULL,
	[location_storeText]  AS ([location_store].[STAsText]()),
 CONSTRAINT [PK__Store__3A39C3396C9262B9] PRIMARY KEY CLUSTERED 
(
	[id_store] ASC
)WITH (PAD_INDEX = OFF, STATISTICS_NORECOMPUTE = OFF, IGNORE_DUP_KEY = OFF, ALLOW_ROW_LOCKS = ON, ALLOW_PAGE_LOCKS = ON, OPTIMIZE_FOR_SEQUENTIAL_KEY = OFF) ON [PRIMARY]
) ON [PRIMARY] TEXTIMAGE_ON [PRIMARY]
GO
INSERT [dbo].[CatalogContainer] ([id_Container], [description_Container]) VALUES (1, N'Mini Bottle 4cl')
GO
INSERT [dbo].[CatalogContainer] ([id_Container], [description_Container]) VALUES (2, N'Hip flask Bottle 200ml')
GO
INSERT [dbo].[CatalogContainer] ([id_Container], [description_Container]) VALUES (3, N'Standar Bottle 50cl')
GO
INSERT [dbo].[CatalogContainer] ([id_Container], [description_Container]) VALUES (4, N'Bottle 70cl-1L')
GO
INSERT [dbo].[CatalogContainer] ([id_Container], [description_Container]) VALUES (5, N'Special Size Bottle 3L')
GO
INSERT [dbo].[CatalogContainer] ([id_Container], [description_Container]) VALUES (6, N'Gift Edition Bottle 4.5L ')
GO
INSERT [dbo].[CatalogContainer] ([id_Container], [description_Container]) VALUES (7, N'PRESENTnUE')
GO
INSERT [dbo].[CatalogProductType] ([id_ProductType], [name_ProductType]) VALUES (1, N'Single Malt')
GO
INSERT [dbo].[CatalogProductType] ([id_ProductType], [name_ProductType]) VALUES (2, N'Blended Scotch')
GO
INSERT [dbo].[CatalogProductType] ([id_ProductType], [name_ProductType]) VALUES (3, N'Irish')
GO
INSERT [dbo].[CatalogProductType] ([id_ProductType], [name_ProductType]) VALUES (4, N'Blended Malt')
GO
INSERT [dbo].[CatalogProductType] ([id_ProductType], [name_ProductType]) VALUES (5, N'Bourbon')
GO
INSERT [dbo].[CatalogProductType] ([id_ProductType], [name_ProductType]) VALUES (6, N'Tennessee Whiskey')
GO
INSERT [dbo].[CatalogProductType] ([id_ProductType], [name_ProductType]) VALUES (7, N'pruebaUpdate')
GO
INSERT [dbo].[CatalogSubscription] ([id_subscription], [name_subscription], [description_subscription], [discount_subscription], [price_subscription], [discount_shipping], [special]) VALUES (1, N'dfsd', N'ukgh', 52, 525.0000, 3, 0)
GO
INSERT [dbo].[CatalogSubscription] ([id_subscription], [name_subscription], [description_subscription], [discount_subscription], [price_subscription], [discount_shipping], [special]) VALUES (2, N'Tier Short Glass', N'When a new whiskey is entered into the store, you receive an email with its description. You have a 5% discount on purchases', 5, 30.0000, 0, 0)
GO
INSERT [dbo].[CatalogSubscription] ([id_subscription], [name_subscription], [description_subscription], [discount_subscription], [price_subscription], [discount_shipping], [special]) VALUES (3, N'Tier Gleincairn', N'Exclusive whiskeys. It has a 10% discount on purchases and a 20% discount on the cost of shipping. Notifications of new products to the mail.', 10, 70.0000, 20, 1)
GO
INSERT [dbo].[CatalogSubscription] ([id_subscription], [name_subscription], [description_subscription], [discount_subscription], [price_subscription], [discount_shipping], [special]) VALUES (4, N'Tier Master Distiller', N'Free shipping cost. You have a 30% discount on purchases and every 10 whiskeys you buy, you get a free whiskey. Access to the catalog of special whiskeys. Mail notification of new products.', 30, 100.0000, 100, 1)
GO
INSERT [dbo].[CatalogSubscription] ([id_subscription], [name_subscription], [description_subscription], [discount_subscription], [price_subscription], [discount_shipping], [special]) VALUES (5, N'ASDFG', N'10DSW', 10, 10.0000, 10, 0)
GO
INSERT [dbo].[CatalogSubscription] ([id_subscription], [name_subscription], [description_subscription], [discount_subscription], [price_subscription], [discount_shipping], [special]) VALUES (6, N'pruebaaaa2', N'hjgjngdhgf', 12, 10.0000, 212, 1)
GO
INSERT [dbo].[CatalogSubscription] ([id_subscription], [name_subscription], [description_subscription], [discount_subscription], [price_subscription], [discount_shipping], [special]) VALUES (7, N'PruebaSpecial', N'siiuuu', 30, 10.0000, 4, 1)
GO
INSERT [dbo].[Client] ([id_client], [name_client], [email_client], [subscription_client]) VALUES (1, N'Andres Valverde', N'andres190601@gmail.com', 7)
GO
INSERT [dbo].[Client] ([id_client], [name_client], [email_client], [subscription_client]) VALUES (2, N'Luis Fallas', N'lfpf2220@gmail.com', 2)
GO
INSERT [dbo].[Client] ([id_client], [name_client], [email_client], [subscription_client]) VALUES (3, N'Shirley Rodriguez', N'shirod777@gmail.com', 3)
GO
INSERT [dbo].[Client] ([id_client], [name_client], [email_client], [subscription_client]) VALUES (4, N'Juanita Perez', N'juanita@gmail.com', 1)
GO
INSERT [dbo].[Client] ([id_client], [name_client], [email_client], [subscription_client]) VALUES (5, N'PRUEBA', N'PRUEBA@GMAIL.COM', 1)
GO
INSERT [dbo].[Client] ([id_client], [name_client], [email_client], [subscription_client]) VALUES (7, N'Sys Admin', N'sysadmin@gmail.com', 1)
GO
INSERT [dbo].[Client] ([id_client], [name_client], [email_client], [subscription_client]) VALUES (8, N'Prado Rodríguez Valeria', N'valeee123@gmail.com', 1)
GO
INSERT [dbo].[Client] ([id_client], [name_client], [email_client], [subscription_client]) VALUES (9, N'Prado Rodríguez Valeria', N'Prado@gmail.com', 1)
GO
INSERT [dbo].[Client] ([id_client], [name_client], [email_client], [subscription_client]) VALUES (10, N'PRADO', N'jeje@gmail.com', 1)
GO
INSERT [dbo].[Client] ([id_client], [name_client], [email_client], [subscription_client]) VALUES (11, N'fullName', N'fullName123@gmail.com', 1)
GO
INSERT [dbo].[Client] ([id_client], [name_client], [email_client], [subscription_client]) VALUES (12, N'fullName', N'valeprado22@hotmail.com', 1)
GO
INSERT [dbo].[Client] ([id_client], [name_client], [email_client], [subscription_client]) VALUES (13, N'Prado Rodríguez Valeria', N'valeprado2@hotmail.com', 1)
GO
INSERT [dbo].[Product] ([id_product], [name_product], [type_product], [aged_product], [container_product], [price_product], [special_product], [image]) VALUES (1, N'Glenfiddich', 1, 15, 3, 45.0000, 0, NULL)
GO
INSERT [dbo].[Product] ([id_product], [name_product], [type_product], [aged_product], [container_product], [price_product], [special_product], [image]) VALUES (2, N'Glenlivet Founder’s Reserve', 1, 20, 3, 38.0000, 0, NULL)
GO
INSERT [dbo].[Product] ([id_product], [name_product], [type_product], [aged_product], [container_product], [price_product], [special_product], [image]) VALUES (3, N'Monkey Shoulder', 2, 3, 1, 10.0000, 0, NULL)
GO
INSERT [dbo].[Product] ([id_product], [name_product], [type_product], [aged_product], [container_product], [price_product], [special_product], [image]) VALUES (4, N'Lambay Small Batch Blend', 3, 10, 2, 25.0000, 0, NULL)
GO
INSERT [dbo].[Product] ([id_product], [name_product], [type_product], [aged_product], [container_product], [price_product], [special_product], [image]) VALUES (5, N'Johnnie Walker Black Label', 4, 12, 4, 55.0000, 0, NULL)
GO
INSERT [dbo].[Product] ([id_product], [name_product], [type_product], [aged_product], [container_product], [price_product], [special_product], [image]) VALUES (6, N'Makers Mark at Drizly', 5, 20, 5, 150.0000, 1, NULL)
GO
INSERT [dbo].[Product] ([id_product], [name_product], [type_product], [aged_product], [container_product], [price_product], [special_product], [image]) VALUES (7, N'George Dickel Barrel Select', 6, 12, 6, 70.0000, 1, NULL)
GO
INSERT [dbo].[Product] ([id_product], [name_product], [type_product], [aged_product], [container_product], [price_product], [special_product], [image]) VALUES (9, N'Prueba1', 2, 15, 4, 10.0000, 1, 0xFFD8FFE000104A46494600010100000100010000FFDB0084000906071207061213121016131515151217171718171A181A151715181816181616181B212C211B1A251B171821312D26292B2F2E2E17203338372D37282D2E2B010A0A0A0E0D0E1B10101B2D2520252F35352D2D2F2F2E2E2E2D2D2F2D2D2D2D2D2D2D2D2D2D352D2D372D2D352D2B2D2B2D2D2B2D2D2D2D2D2D2D2D2D2D2D2D2DFFC000110800E100E103012200021101031101FFC4001C0001000300030101000000000000000000000506070304080201FFC40048100002010300050805070A030900000000000102030411050612213107132241516171817291A1B1C12332344252B2D1141524536282A2C2D2F07383922533435493A3B3E1F1FFC400190101000301010000000000000000000000000102030405FFC40026110100020202010303050000000000000000010203110431211341611222F014327191B1FFDA000C03010002110311003F00DC40000000000000000000000001F15AAC685272949462B7B6DA492ED6DF02B577CA1E8BB4ACE12BEA6E4B8A82954C7FA1302D00ACD9EBFE8CBDADB30BC86D764A3387DF8A2C74AAC6B52528C94A2D6534F29A7D69AE280FB00000000000000000000000000000000000000000000000000014BE5666E3AB1149FCEAF4D3F28CE7EF8A7E479DEACF6B48CBFBECFC0F4472AD6F2B9D03452C6EB8836DBC24B9BAA9C9BEA4B39660173A39DBD672E2F2E527B514A29BDD1D86F6DCBC97663AC8998856625C9A3A58D25159E3F8C7F037BE48E7B5AA18EA8D7B94BCE6E4FDB26FCCC72C344D2B8BBA6E9545D15996FDA9CA5D70514D2C678349E71C718CEC5C935BBB6D5AA9197FCCD778C34D2E8F14F7A6445A24889895D40059600000000000000000000000000000000000000000000000052B95EB4FCAB5325D2945C2AD069C5E1F4A6A935E18A8CF38C7476DDF4A0937B2DFF793D2BCA94B1AA525DB5682F55452F81836827FEDBABD1DBE92E8F6FCE2B69D46D7C38E32658ACFE789947DA68AC69284649C53CB4F38E1D8D1E83E47EDBF27D45A4F69C9CEA5C49E5E71F2B2863D515E7931FD21BF4C5BBD8D8CA9616EE1B3159DC971C761B1F24B2DAD46A2BECD4BA5FF007EA3F88A5BEA8DA73E28C5966B1F9E22571001666000000000000000000000000000000000000000000000000A5F2A5F29A2ADA9E71CE5D4579469569BFBA65367A079ABC94A8B72929E7127F3B65E5631849E7C0D33957B856EAC5BE0AB557E7CCCD2F7B299A0AAE6AB7DADBF59C5CCC96A478232CE3B45A3B87DDA6AC7E5D79CE5C4A509B7294541ACC76B7BCE535D9DB8C17AE4A63CCEAFD6A69E79BBBB98EFE3BDA9FF0037B485770A1562C95E4B2A73946FDAE0EF26D7FD3A69FB8CF839AD937B44E6B65BCDECBC800F452000000000000000000000000000000000000000000000044EB0EB0D0D5FB4DBAB2DEFE6C23BE53F05D9DEFDFB80ADF2B14217763674E52C4A574B1E11A555C9F86E5EB451A8BA5A1EEB156B46316F73724B3DC75B59AF2B6B8692556AA718C1354E119E3613E3BD3CB93C2CBEEF03AB4B5769CE4B9C86D3FDA6E5EF387936C768F3B677985AE8DFD9DECF0AEA9E12FB71E3EB2C3C904E9BD0370A135271BCB8DA69E78ECB8BF0D9C7B4CE2E754EDEAD3C7311F26D7C4ECEACD4A9A8FA4253B78B9539E39CA6E59534B861F1525BF0F7F1DFC4CB896C54F1132AD26B0DE0113ABBAC343586D36E94B7AC6DC25BA707D925F1594C963D36C0000000000000000000000000000000000000000000088D6BD371D5ED0752BB8ED38E1463F6A52788AF0F82326B597E79AEEE6EE6EA4E5BF1F562BA925D85E796159D4D7FE2D2F899D68A97E84BC0C334FB2B298ABA4A145ECD3A51F1672D9CB9FA9997B371079CD725B46D4DA7B8F2B916998676DA614634DA6A29F733B4ECA85E52DF4F0FBB71D26F28EF58ACDB49F0C35DFB9A7BFF00BF89CB8267EA52236A7E97DBD5AD251AF6D51C64BD4D75C64BAD335DD57D331D3FA0E9574B67693DA8FD9945E24BC32B7773463FAED2DDEB342E491635321E9D4F79EDF16D3AD35A2E6003ADA0000000000000000000000000000000000000000299CAE2CEA5D4EEA94BEF199E8A7FA1A34FE56239D48ADDD2A4FF008D19568CA9B34765EE9259C3EB4F84A3DABBD1CD9FB8565D8E35497D11D1ADBE585C56ECB4F39F3F67E30F0E95526F427CAD7C6F8EEDCDF07DDE1F89E66545626675094BC8A6D283714F7F6BF6AC25D9C59CF60B9BA18CB6BBDE782C7B8E3B9CA92524934B1BB7707D8725ABE8339693F7E95C93313A53F5D19A4F2531C6A5D2EF954FBC669AE2F6A6D75E33E0BB5F6234EE4B563526877BA9F7E4BE07B3C54E35B00076B4000000000000000000000000000000000000000055395159D47B8FF2FEFC4C8ACA70A9651854598ADF16B74A9BED83F87066C1CA62CEA3DD7A30FBF1314B67F228E5E44EB4AD9DC8CA56B53A5D38754D2EAFDA458346C9548A69E510B672D927747DA465BE0F665D6BA9F91E666E98D92929656F7D58392DA12AF1C297371EB97178FD95F1614630865EF67DD19660CE3C7FBD5EE772A7EB9D68C693A74E3B305BDF5CA72FB53975BF62350E4C16351ADBFCDFFCB3327D6E7D266B9C9B4767526D7D19BF5D49B3DDE274DB1ACA003B1A00000000000000000000000000000000000000002BFAFF006D3BCD4FB9A74E2E539462A315C5BDB8EE323B4D54BD54966D9AF19D35FCC6E1A5F7E8E9F97BD15DBDACE868D725C766293EC726A29F96726396916ECD6D40A1AB7734F8D34BF7E3F0648DBD8CE83E924BCCEFD5D331B3AB5D54A8EA28CE6E1B3B2FA11A34A6D2E197994BCDF52E10DA5F4D7E9492DB84152BB949A50728CA8CE941349BC34B6E4F1D798F7A39EDC5A5BBDAB3484E51B39D5E097ACEDD1D155765F47F897E245D9E995F9C24A2E4E1B13824947A556355D27B39EC7192DF8E19DFB895D1FA65CEC22B339D5FD1F69A8C70B6A1466FBB665B4F0DE37CB1BB719C7031C4EE36AFA7554B597556F6E33B16CE5E1287F51A7EA45B4ACF552DA9CE2E328C1A927C53DA7B8FB8D655ED14D67128292CF1C496567BF0C91D1FBAD23E7EF675E1A453C42F1588760006E900000000000000000000000000000000000000007574A2CD84FCBDE8AF568C6A5A6CCB389471ECF3DE58B48EFB29797BD10518ECD24BB1246774C2B95F44D254EAE2A4D2A919C658C70942117F57F613F16FAB71137BA0E9D79CBE527D255E0F1B3FF1E509CF1D1E29D358F3E259EB5CC64B29FD9EA7F5B72EA21E7791A9BF38DCE5C1F05D7C0A6F53A4E9FB63A1292ABB5B738EF9B58C74653A92AD26B317C652971EA64D58683A74BE6D5A9BF9BDFD1DFCD2A718A7D1E0B9B5E727DD8E8DADEAA345CD624A3BDA5C71BB2D77ACADC582D6EE1349A794F86E7BFAFB06FCE8D3B16D415B5A469A6E4A31514E58CB496167092E04A597D1979FBD9D19BC23BD63F4487822F4ED12E7001A200000000000000000000000000000000000000001D7BFFA14FD17EC2BF34DD158CFAF1DA586FF00E8353D09FB99011FF748A5D308AB8A9B9F4DFF00AA1F810CA4F1C5F17D70ED2C372B2FA885AB454258DDD7D4BAF7994C7DD12B474E4B5A0EAD2E6D3924DADADF0CE376E5DEF1EFEECD8ED6788AE93C6EFAD0E1858C6EEC2BF6DA3B9F5855670F470BCF8168B78A8F04BFF84563E345BF97324F9B79F7E7E049597D0E1E8C7DC47D4F98CEFD8FD0A9FA10F7235A2B2E7001A200000000000000000000000000000000000000001D5D293E6F465678CE29D478EDC4598D5B72B50A914A56328E7ECD64D6FF004A11C1B369259D1D57FC39FDD6797ECEC2956A3BE3ED7F899E4B456372ADA67D97EA9CA5509BDF6B5BCA549FF3A3A53D7EB79C962DEE3D54FC7F584058681A3564FA5521E8CF1F024A9EA75BD4DFF94D65FBF0FE9EE472DB934AF7FE2BEA6BB4D5B728D6F45ACDB5CBF08D3F1FD6771256FCA7D094FA3695BF7A5497F3B2AD3D51B6A6B7DDD67FBF0FE93928EAE5AB9EEA952A3D96F2EA671EA457F578FE7FA3D54DDF72B8A9CDC61A3E551EFDCEB2EAF4612C9AE587D069FA10F723CCFA5ECA9DBD65B29ACEEF9CF876713D356AB16B0F463EE3AF15A2D1B84D2667B72800D57000000000000000000000000000000000000000055794BD37F98F54EAC92CCAA7C92EEDB8CB2FD49F9E0C5F553462BBB3DA9C5ACB78DED6EF266C3CAB683ABA7754A51A11DBA94E71A8A0B8CD4534E31EFC4B3DF83CE94EE67695A49CEAD171786B128B8BEC970DFE252FAF75657FBFD0D3B78E6965F737C48CB4D34E857D9A94E517E1FF00A2AB534C556FE95571E94A3EE91F96FA49AA99755C9F7ED4BDB930B62A5BD94B42F70D32AE2E230A74DB6F8EEE1FC258E14E14ED5ED3DF8EEF81953D2BF289AADB0D75A525ED246CB5A6A41B52B96D7795AE1C75F656B110F8D69AD1A77EB119E33C5E706FDC9CE9BFCFBAAB4A6D74A1F2527F69C12C4BCD34FC7279CAF6EE7A56F52873955BF9A927D27D8B765F923D0BC96E84ABA075469C2B4766A4E52A928F5C36924A2FBF1159EF67453E1AD56E001A2C000000000000000000000000000000000000000011DA5740DA6995FA45AD2AD8E0E74E326BC1B595E4488029373C9568AAD9C5BCE9E7F575AAC579476B65792232A722F60E798D6B88F7668CBEFD26FDA69208D4234CE21C8D587D6AD7135D9F231F6C2927ED24ADF92AD154A69CADA555AEBA95AACB77638ED61AF145D40D41A847E8AD056BA1E2D5BDB52A39E3CDD38C5BF16965F992001290000000000000000000000000000000000000000000000000000000000000000000000000000000000007FFD9)
GO
INSERT [dbo].[Product] ([id_product], [name_product], [type_product], [aged_product], [container_product], [price_product], [special_product], [image]) VALUES (10, N'Prueba2', 2, 20, 1, 20.0000, 1, 0xFFD8FFE000104A46494600010101006000600000FFFE003B43524541544F523A2067642D6A7065672076312E3020287573696E6720494A47204A50454720763632292C207175616C697479203D2039300AFFDB0043000302020302020303030304030304050805050404050A070706080C0A0C0C0B0A0B0B0D0E12100D0E110E0B0B1016101113141515150C0F171816141812141514FFDB00430103040405040509050509140D0B0D1414141414141414141414141414141414141414141414141414141414141414141414141414141414141414141414141414FFC200110801C401C403012200021101031101FFC4001C0001000105010100000000000000000000000102030405060708FFC4001B01010003010101010000000000000000000001020305040607FFDA000C03010002100310000001FAA40022400042609890409890000010004C0940944800000000000000000002244242260484480109089109A4953426EACC43CFF99BF87C5EB71DC8F49C879F7C79C2C6F4E1E9DEC9F3C7ACFAFCFEEAB33EEF0DD53331291121091091121090891091121090011211211222401120011415D36ADC5AF51A9D5D7D7D260F3F14F5ED713151BF03ABCFF46F1793E79E57E8BE370BF8B5BF5BAB4A715E99B49F4C7A5E6F3CDFD3D764F11936F375F7341B4BF8F3671EE4E3711330000000000890011210240209448204516E26AB3AED1D3DDB6D4DB67D1266BB52A9088A87997BB7CE1EF1AFCFE2723D3F29CEF57398B7EC2DE8DCC6DB45EFC3BD4A3B402A81B4DC72755BCBD8DEE776BA73B6138D7EDE6A9133112089044802260024000000A49B51831A5FE771AD65D6134F5A4A59245820079AFB278E7B8FABE7B89F3BFA1AD613F2FEEBE86BA9E4F8EF4CF30DEDD4CA71ED12ACC251309262F5A4D3A1CFE4377B7337B562E46BCDA84C0000000112824000A45A6B23573B14E3D9495DE64ADA452C0000719DDF25B7F0732F7378DC87835DDCF056BD54F56CCE17BBF54F4D313ECF7A6159000014D54DEBBCDC715BEDB97BEAB1EF6BCDA82000000089041280B538D16B1CC57671ED098F42626B333134B84480001CCEE78DEE7C5CBE5F92DBF9D7876CAB3ACEABD35CCEEF519FE975B544FABDE11200042489A6F4216AF47B5E27AAD395B29B37B4F0000000224448299B253CC6CB9ECBA814E848899989ADA452C000001E71EE1E1FEE5EBF9ECF26FE7848D3F997A7F9767ECEB079BBA10212904422D5216A84C327188ED3239CDFEDC3BE89B60021200044A0A71AEE8ABBEA6D18F704A53155644D2E1120000083CEFDCFE53F41F4F07DE1E249CFDB63C624F55F24C0E66BE8F671E7ED0020269B42117A02024055D5F25B2B797A9B98F7F5E34898000104D155A2CF21BDE7B1EB857DA92266534B056C0001223CCA2BDE78772199C9D394CBEDB2F8DD2E12E7A13CFB79F59DF697B1C9C4C6DBDFF579BD2BD87E46D8FA1F58389EDBDBA04CC44D36A20BD400004C0EBB379CE836E1DF44DBCE000849162EE245B9AC398C3E81312B2535B24A5C20000A2BF1F5359C76CBABF8EE9EA761B3B9F33DAD7D79CCB4C3D76FF13DBE3E3B4BEC373B3C8F07C6F55D4FD170FCDFBCD2D49A3D67C9BB4F37B3DE63CF7D0BBD31131A44098000000BBD8F13D45FC1B5AADDCD7940008982DEA36BCED3D7A919766444CCA69608B0400039AF13E87ACE337995BCBFCFD7CFB5DE95A5E0F578EA76783C4EA2A9B934D4636E757F49C2EBF1B95C0CEBA7A3B8C2FA1E2F9CFAB4FAAF967E77F75E7792F57AFD6C8FA5A048000001BBD266CE3D5DEB37B6E148980113496B92EB38DCFA3689CFA6989ACCCC4D2E112000B5774F35F12F6FF21F6DF92DF655C4F53C383839BAFE6FBF43AEB59FF1FF0044C3A6BF26B5D74DDA579CE4BD5703B9C7E839AE17A6F6F33D8765AED8F9FC5ADF09FA1FC13A0F601F7BE80000000172D91DB5FC4CBDFE7EA894D0088AA931B8CEC38ECBAA14F7CCC226A989CEE112000E7BA1E6E69E77EC3E3BEBBF11D0D9ACBABCFB3A3DAF3DC7EA6B2BBF87F37D98AE9AFCDA57728BD38D77ED5EA6156D30F3E3C1B4DA6AB6BD8E25CF0EF72F10EA61E937F1333F42F5C0481098980005735ABD2E66167EDC3BA89B6204535D061F1FD871F975829EE4C4C4CCD3313330ADA508481CFF0041A757CA7D568E83E3F7C1C6DDD1BE5CB69BB7C7E674396C8D85AC6F85938B66D5CEAF9ECAAD7717B97B5957ADCFF3FCEF2E5E8DB4F35D87439BDEF85F7FC5FBF2F4ABA7D97BE12298AA2D58895A204C01317251D16D75BB4DB85312B63090A6AA4C6E33B6E332EA5B14E824892508941334CA666269669B73A553A1BB6EEF2F99558BD8F9DBC8EAC0C0E979FB1D1E4E9FC9B6FF00517B8CBB7DA6E97C8B5AFA0F3DBAE3227ACB9BFE5F3B77999899DE6D7231F271EF5F494BA9D3426089898A46948130105DB498EB326D676DC14C2D948113059E47AEE6F3F7EAE4CBAD29565256D094A122248969377A59CBA1BB457CAE6C713DA78EDE3D1B179AD144F7FA3E4EE52FD56B743B2D22FDAE77432EDADF0F91A57AEC1E5F7D59D8EEFCBBD4E96D8626563527D28753A610416AD22F5813002BA3315EAAF5BBDBFCFC89A81091674DBCC1AEFC94C4E1DE9933B844813000349BBD25B2E96BA2AE5F371788F41D5D2DCD616E2C56FABE73B8C41C575F81BD2E723B9C4BC6573FB3B568E6B3F796A97D276781B3CA726D5FC73D30753A60844C111545EB112988130DBEA3A6B79B657EDDCDB8A08000A6C64598B7236373A5F3F7A64CFD01120000347BCD1DB2E9A8AE8E573B0B168D6C4E6E2EAF193B5C3C6D2D6DB4C3C7B526BF5B6F48D958C0C6B46F6AD441BCCEE7B7B59DE63E4E3D5E9E3A9D3080491308A531A5204C57D973DD269CBB95274E7C2442400A2B830393ED39ECBA5AC9A670EAC8AD9120002745BCD0DB1E9AAA5C9E7D18F18D59C8C3B7819DE30AAD767AB597F596459B36348BB630275A67DCD75D96DF3B4F72AE931B27195F50989EAF4C00113088898D290674D379B1B77B7E0D5129CD0920120890B785B0B317E29B8D2F9FBD5A19EF309891049129D16F745397536F22CF279D89AFCED7E77A3599F8516C3C4CCC0ADB59839B8178C3C2CCC4D22C4556EF13918FACB36DB1E7FA25BA0A75D9748F569A6AE9F402240535517A88B567A8D4F49A736BBB4D5AF311221304A04800515C18BCAF5F854F672B279FB5289A5C001A1DF686D975D67268E473B59ABE8B12B6D3E16E70B3BE9755D16B6B7D4EABA1D6DDA5C0DDEB748C3AAA9BC63EB761B3B3599B8B936B6D69B19EAFADD7457D0F7824051545A9172DF49A79F332A9BBB70D24D624212201200008B37E94E939FED34D974B4CA670EA488B041A1DF682D97698FAEA793CED8E2D58D9DB0B17230F3D7070A8D645AE59C1C4BC4E0D589BD2F3069BC65DED7595B797E9B559CDD86AB636A7AD5CB17FA3D10890945356CAF8DEDE5191E8E1CD5136C22504820900000000A71F2A889E7F4BDA6AB3E96848CBA75444D65A1DF72F397458DE3BEC9F34DBEBEEB4CB9FC0E8B498EFA8D36FACF97D1CCE076D8DA65C3E377B6AD3C158F439B65C25FEEF3A91E795FABEDEF8F943DBBC374CFD92FE364FD1F426698261B6B656B7CC9F47195A6FE5890894048824804800000029B57E13ABE77B1B39FB38D6DF539F52394EAF8988F20F7BF903D4B891F4257E3FB389EFF9DE6792E4753BFA7CB2E703BBEC38FE65855C3D5F37C6B3A63D7ABF21B55F37B66778255A793E8DD9FCCD99D8E47D05F343CE7BBE3FB272F5F9DDAE9CDCCCDEE9E5C2D9D7775E54545B1920944840989825000900000000114D631F13656E2FCB71DEAFE775F5F8F7A3F947D1B3E3E2F07DB2EE7A780E0FD1ACB5F99ECFD3CCB4F98E9FA7959F982E7D363E67BBF49AD5F9CF2BE82699F856D7D81AE7E49E49F4BFCCFAE7EF3D3E9FA98F45176A9B79924C42609044844C49091091090000022400000053C975F07C53ED59BCBC4FAF6CFC976B0F48C3E773E62AD7EDEEA797B1D8CC4F23B1DF44C51B6D4DA98E9AAE3F0A1DED1E656AB3B2F9E7D7FAEB47679499212448011210911200212424082400000102404484098911899639FC1EBE2B3C45AEF513C047A021E7F73BB9387BDD925CB676EE262CDE26124A1221304A2484889000084884C128120000000000000000000000000022400800090804C02422420007FFC4003610000104010302030605030403000000000200010304050611121330202135101415223140072332333416245017254170364243FFDA0008010100010502FF00A2B339DB10E427B76886FDDB22A6BD6772C8DB15166F240F8FD43965A43514F9A6FF0019BADD392DF7F6663D6E4FD191FACDE6E6C9BF5639DD9FF0F5BFBCDD725BADFF00C3EE9CBD8728022BE028F206E9ED48EB2B6047272E66A835DC8432BC938BB9CCDBF5477C7D88F7D133B8D81BE6C87202E8278CD6EB92DFFC1EEB7DD11B0A9320228ED487E1E94394CF8E12AC4392C6B729A96CA481DD475BA8D8AC1436CF060D5321ED0B12028F20824136DF65CBEFF74EE8CD85A6BE88DCDFC58BFF00CA7FF4BBE6AE031472830A8FF5E9A6FCFC57AEF8589C5E2BE42A398646E4B97DE3BADD4D75811C8523F60AE4B8AD4B4ED4D62A5D936534C2A699888261E58BB7628C18293AF94F1B138BC57109EEC2499F7FB8DD3BA924689A7B652F6F50B7FBD53AEC35727BB3DE27E4EE4E5428CB6A697171D2C469D7E58CECC72BC6F0CED22624CFBFDB3BA77F39EC0C0D24A52BF6F517ACD1FD8286335EE902F748104211ACB7A6E9AF49F6EDE367717AF65A44CE99FED1DD3BF9D9B4D1311393F7329546CE563BB2471CF97B22A7D437C11EABC98BC7AC3268B535BB55F4FB70A1DBFA2AB6F97B19FECDDD5AB2D08BBB93F76DFA9485C209A53279E4376EA119C446A1FA607F89DDA96B9264CFBFD8BBAB33B40044E4FDEB9EA463CE29EB0B3DA8051C6C0F0C7C543F4C0FF13BD52CF545BEC1DD4B27486591E53EFE6EE9D4CAC54EDCB0E75B3354A6BD9342F94B0F434DE7AD3969BC8D4ABA60CE5C777849C5EBCDD7067EF3A756E7EA9FD86A1F58A5FB3E0CAFA769AF4AEFC12F44C4F933775DD5E9F80FD8E7FCF374FF0067C1936DE8699F4BFB0A33ECEDE5DC7467C0643790FEC730DCF50D56FCAF05FF003A9A5DFF00DBFEC19F67825EAC4CFDB7F35909BECBE8B23AA298EA483F13F0D107FAAD865FEABE1937E2AE157FAA9847577F1130D6E0D179BAC777EC694DD39193765D1971190F99FD85EC8D7C7459ED5D36484716C49B0C2EBE071BAF8202F82027C2032F8386E34BA2783D71C5A19E3B31F7FE8F049D589BB2EEB212710EFF00D167358C7514F259C94D0E3D053D90D64D0B6CF0B335ABFB14B66D48D3C453BB057096E3C4078ACB5BC5960B54D7CC377F1F26C4DE5D9FF9B47CE6EF11300EA3D4C774AB63DCDE2A6C28605D25D35D35916E34F198E0BCB398C9A9D88E91384F8D9840A939D767C4D79251864B1A6B54BCE7DE88F848CE9BC6EA53E11F7F56671E42A38F775141C5346B8AE2B64C3BABD0FCB4EBB4505CAE32C1560E1673B8F9A3A8F11BC412C8EF431D2E4AFE5F07F2E93CFBE4A2EF533E70378C9640B8C5DECFE4FE19431D4CAE4F4A80C11C98B8E45363E5856CB65B266530F52BC59317AD0E458DA089A30B957DE032261157B383D9F0B39D59F1F2D8B6398824C2DEA56E3BF53BB8E3F31F1BF9AC816F277B555A7BB94D3F45800017144CAC548E4535428FD9B2652D386C2B98E8A3A18ACE34989C86A326A989D3D043473D09D9C969FD381651C246B358E6B15F41DB28DBBB50B69FFE7C5FF369F79FBB29F4A3819EC5EC7C5D3AE028991A35765D95787AD25B3629132DB75630314D2E4F13F0F26F37C94CD6B291B34600AFC3BB037C2F597741F89B26FA781FE8EA47E527772E5C31B8C8FE789B66046E8D485C448B997EC57F6B26592A4D7AADCB3374F49D0B0F9067DC81596DE3D5A3D0B3DE89F78DBC2E8FF4F7B3CFB63715FAA342E89D12BC7B430C7D596793A92FB193264CBA006A206651A0537ED6B71FECA02E70F71877506ED5FA9E7E0752F945DED41E9B8A740E99D3BA32590351FE557E2DC7D8CB676764C85028D0297F6B5C3ED429FF0013B62DBADF6553CEA7067F0BA9BF67BD9D1E58DC66ECA07278FE64653290AC2363392D3FCC7B83B48EC01FB8126E20FCA560E63B0888A051A053FED6B8DDEB443C23EED5FE18FD3C0EA6FDAEF65FD3A2D375410D4011E833278D3C3BA6A1BC8F8E1627AE0CA5FCB799CE101B671A82D9929732E467983350E5A6171CE48833D2A0D432B22CFC920E7846FD5EE0A76DD53FE2785D1FE9EF663D376F963F3146DBB62B29350CF6ABB473DFCFE5DF1316466C9E36A7BC7C431E1991CA4B842B16AA499E2E1463B7D1A362DDB5967B91D3A76CB216E34C81B757DBFB1EEB1283F8DD3E45E07FA3A36D8FBB99F4CFFE71F9812253C5F12C5E51BDD2F6A9A47316633B06471F141F03D2D6E8B6429E9D62870D469C93AC6E542F4147DDE15F40D3063EEE08132BCDFD977A16DA1F0BFB2CB6D3F7735E986DF2C5E40EEA4D462CAE642BD33B57ABD5927902108F2752CC97ADC3428C166B490496A2B55C2ED67AF35CA63623C9C3664BF729D1962BD04B1D7C856B6F0931832BDFC1EE8B6E4C9BE9E1757C7697BB99F4CE3BA8DDDC24D98232B9A64F571904D95B93CF98D46EF6F3BAB6B46D8ACEC92DDD25662683014584309A5B6F85EA6FD9C9D8F871E74CDAF86F263F08E53588FC90BEEAF7F0BBB54794FE325911DC3BB99F4CF2766261098A29A20C0B70CCE3CB2563318E2BF6B2D8E8F241630D62FAB51C0752853B512B0503513A45152C80436C6FD38ECCD7A915BB31D62682AE323814660855D7FECBBB8E0DCDBC6EA70E70F7735E98FF00487CE32570DE2AE5708E4396568EC432B4F146E757DD7A85354E08AA6E7EE6EECF4DD1D5E0E34DF96DC1032042EAF7950EED10E10B378DD3FD6C07097B99AF4C77E2E1CBA27EF0C8C27919E1999C8671623B0F21496446596D3A3B16594966CEEF35964F62D6CD3D967EBD924DD72716945E3EB3A87766BFFC0EE00F3211D99BB04B211F7735E987E6F1FCB15DAC166CFB8B3CA7871F779F1DD49020E9526C6947074A602AB00540F7190629E991BCD505DCEA7357606B486B0349EE5193571088E37F2BFF00C1EE508F948DD97528738DDB8BF6F37E98FE7247E4124A004F3C69C991B33B188BA2115208A904772115C59108AD999726D84DB61941444C4995EFE0772AC7D2859BB4EAF43C4FB79BF4D91F638DF78E7E875248AAB83C55C88A0819ACC30909D58C9BA31C68AAC7C65A91BB71111F74854B0426ED5E0410C0C3F91D3A76408A36590FE037D3B5522EACAC9BB4EA68FA9190F02ED66FD366F2511728EC7459C9EB183C55805EB54DA48203368A20796BD636782B8314100C8F560524302E843C7A55C4B9D7007B5170A300BBC53B11E43D3DBE9DAAB1746266EE3ABF076F37E9B37D626DA3B33C7128E6AD314B66A934DEEC064F51D72ADC6486AF03AD549A482B230AE63305735B574FEEFCE49E194A338F8C53F4DAB0BB9DC958F1C3F4ECD283A86C9BB8E9C7769E1E89F6739E9D279B8B3884F3881FBE41C9E4AF3239EB14927BBF068EAF39EBD7E728D614615F83FBBC483A461D18D948202C10B13C2ED1A8FE6514BD309C5DB1C1FA3B1183C87147D306EF3B2B10F58085C4BB19BF4E76F9DD3A264518A3881100EC7146CA41052431BB14622C714429C07D8FF9B30330A90784917D5BE6298FFDBC3F4762A41D1066FB07656EBF51BB19BF4F26F99DFD86FC44AD83A2B7123B913B95889D159889BA824334FF002C82DC9DDA24DC88A0FD6D6045431348D38F9C1E6738B363E3FD1E3A759326FB0764EADD5DFB19BFE04B90E917BE01AE248849D1D64503B29FA301B94209DEB83C871144661D492616908A34C51919557627A6A31E88CB2B3CF34831476AC33D387F67C556B737664CDF64EC9D95AA9BF8F37FC1B343AED1E3F813AB0265190DC6377BEC0F1CF2AF779DCCE1345048C3D29F7920937B1149CFA72B307BD6DD2B0716D274E1AB21C91D12E36E20A94A0FD9F0D6ADCDD99337DA3B2D959A8D2276717F06A5F49C1CB2C71C52C9C58C9D3BBA27756EC1C66F6A45D62741175D7451D7F20C73CACF87774184438164180050E9F8556D3D5234F8CAF0C3AEE26082B79D7F057A8999337DB3B276F39AB0CED2C2513FB753971C46233D52155AD432089327747F5BFF00B9ECA4DE68FF004D7FD0990A051A026657F2752A56D5BA8E9E58AA3FF69EC00791E0A8D1AE299BEE5D918B134F45C53B6CEB580492614AA754EACCDB412B2E7C91C72116571F6E6B0D8BBCBE177957C4E4097C1F228B0F9066830D90707C2E417C0F20BE057D3612E21C44C29AB749654C66A515226968B38D250D3291471346CC299B6FBBD96DB296B84CA5A471ACE170A75EB4570E3D118CB0C5F86F51D1FE1BCAC8BF0F724CA4D01994FA133AC9F4567D90E90D411AFE90D409F486A0743A4350337F46EA074DA1B3A49B4066490FE1CE40907E199A8BF0D28B2BDA17175A9180C478E80AC558AA842B64C3F7DB2715B2D603B418DB3D2B58FB426005BB77F356DAAE3EAB94D634C81869F665B7F81FAAD4F4CED61EBBFCD8894B840685C93BC8A4F7CDCCB2CC8E7CF322B9A8997C4352A1BBA99DE29B513BC1F14751B584CB75C939B2D55F363E8B49364EB40D5E0FF099DFC3D8AF4D16275062506A396AA8758D3251EA5AA487390126CB44EBE271AF88C6BE231AF8902F8982F8A827CC46C8B390B23D4500A3D555D7C6AD5856F0D9CCD8E9DD1F5701FE236525382647A7B19222D258924FA37149F45E3D7F46535FD19557F46D54DA3AA26D1F8F4DA4716C874C62C506131F1208238FFE89FFC4003511000103020403040807010100000000000100020311120420213110133014324151223340425261A1D1051523507181B15391FFDA0008010301013F01FDA28831A1A2815345452345A553D9404CC3BDC9B8568DD08983608E21B5A5173490AE4D78BED28C119F04EC2FC253E273370A9EC1451E1CBB53A2646D66DC29C3DE286DC1BEB871A27E19AED93E12DDD114EAB5A5C681450066A77CD3E929426A782E77C961B5972900E854D05BA84474D8C2E340A38C46380CAE607486A1729BE4B96DF251B1AD7E88652A783DE6F49A2AA28B963E7D07BC35E6A8480A2F68DD46F6B9DA219F110DBE90DBA3868FDF3D1C47AD771C27ACE8115142A58EC7533C4CBDD45B74658DEF79700B9127C2B9127C2B0EC732405C321CB3B2F6D51CD86651B771194B804C8649774DC2F9A1856A96781A68D154C7F377D956D75A0D5035E0734CCB1C46568AE89A2D14CEE75AB0B84F79FBA0C0151631FCA81CE4EFC3DA20DFD25CB7B985E0681432087523551DF8805E06BF441D519F14DD03B2E1C55E3A18717174C7C340B9CE69A82A1C65747A6B83B50A589B330B1CB1186C416E8EAD173606441A76A27C0EE5F35CB0EF91BB3A814D412070D9DFEE7985CC211C9841A939DC68D2506F2F0EC6AD6E51856F2981ADDCA6B6C6D11589C23246BAD1AA9E7320E5B4278A0575D0FF001D0764C26C73BFBAA41FA6D56EAB0ACABC206E7D7FA45129CA45326771DFDA1B66AA7F78D726176392AABC1FDD2BB5C4630D4311182A3FC42262EDF050047190A38B8755DAA33B94EC4C6E523AED9036B0AA6797BC7F9C984F1CF2770A1C3C113BD554D6A893E8D113B50AF7B83B6E838EA69930A7D3CB4E12770A09C68AE571D7E4AE2745E2022695F9204D484C75C2A8ED9DC682A8E489D6B81CF2F70A0ADB972D1683AAA355AD56B41541540536476CF8875188E40A275EC0734BDC720B5553C2994ED9F14EABADCD857D0DB9A5EE390E016999DB6671B454A7BAE35CCD3451BEF6D72CBDC2821442D5A6676C865C4C9EE0E8412D8503925F5650E029E2B45A70A7176C8712A59396138D7A3879A9E8BB24BEADC820B45E8A2470AF0AA71D10DB8BDE182A5492179A9E902A1C453D172AAAA98FE9B91C1BAD0EAEEB92E4CC24921A05F96E23C97619EB4A7F8BF2F9C0A90BB1CBE4BB2C8374F65375682C2EF2436E0F903054A9652F3AF5629CB34F04C91AFD949DC2862A7B436DAD173A43EE2C2CF2078FD3FA842677C1FE7DD1924B890C3F4FBA74B216D3967FF47DD1925FF9FD47DD3DF2FC1F51F752DFF0FD42ABC348A20745262033409F2171A9EB8711A847104B0B4A0E236284D20F1431528D8AEDD3F9AEDF3F9AEDD3F9AED9379A38994F8A32BCF8A2E2774E9DCE1455F63A1E00ABBE59287D9EA55C7CD5C55C55C7CD54FED5FFC40039110001020305050505080301000000000001000203041110122021310513304151141522329140425261713343505381A1B1D1233492A2FFDA0008010201013F01FC24BDCE73AA554D502543710E1ECF795E554E9720935D56E8039AA04C61F32A957957D88B956CAAAA7E89DAD90FC9803903C726CAE002AD46054EAB71F34721656DAA6BB8A4D6C386622BDA680A11E21F78A11627C4A0447B9D471470840F0C9AF023407C435685D9DED39A105E7450613E1BAAE18858D3C171B4E26E96BF4C230038CF0838019ABEDEAAFB7AA738119601841C6EB4E12699951E79ACC9A9FB41FD577844EAA13665E2AE7513CBE10D4D5438E6E82F0AB5B0621C5240152A7F69126EB744E8E5CB78A45BBE986B5376ABCCCD69E0E8B7F0DB104227C454C42331935C40F914661922F6C32EA83EA86798C6DC2ED2D38768C5356CBB79EA8CBB1EDA38298D9D77384539AE8668E5063BE5E2088CD42949E93BE2ADA54FA7EABB3CDC5982F60CC150A7E13A644A43CE9CFE8B6ABE5C6461DE77F0B61CD6FE0986ED5B8C6B85D8C27BF7B3711C852EA8C517EFA217BB409EEDE38B8D925B4E2C18AC111DE152D2024DDDAA2BC655A7CCF2FAA8710BE2171355B3DDB8DA14E4EE23B810CFF9A22BD929D89484E445D861BD73FEACA22154E8A57550FF00DF85FA70060760A60EC9144673F91465DE46AA2ECE8B1742BBBA62A4D3F742466176099CB9A76CD8FEEB51D91340E83D540908ECD42852B17B63221190A700607631AA7580F8ABCD31A086D057AA0D6DDA7CF54D60ABEA9AD3E2A8CD0F21CB4B19E6168E0BACAD9555B06A9CA1B43AA8420403F54218F083CD6EC0153F454147109AD040F9A2D1741EAA2B031D4099E61C438C6A9CAF96688453CB920F73720817841EF0AFBC85575289C493E24CF30C635C4E1886A9CB22A8D1CD6479AAAFD50FAAE48A6798636E2704708D539511B42C9502A6499E618C632308D5397891BEB35540D80551C86480F10C02C68E01154700D515922554AA940AAAAD2C191180202BC270445A35441B33575C834A03A2A2A03CD0CCACEA300080E196AA2A20335DB06F1D0FA2DE0512721C215721B565FAAEF596F8BF95DED2DF17F2BBDA569E6FD8AEF894E47F6299B520BBCA993F7A619029ADA055014E296D552C7484BEF1D103A84AECD0C0FB4FD94E49C3743237A3D0AEC10FF387A14246157EDC7A1FE9191854FB71E8EFE976283F9E3D1DFD26ECE827EFC7FCB94BECE823EFBFF25419080D8C235E2485441AA9EC14CD1683AADD30F2465613B50BB0C0E8BBBE5FE15DDF2FD1761803DD425208F750830C68100068A9EC9782AD94B6A15E6FB3DD1D15C6F4571BD15C6F4571BD15D1D3F0AFFFC400461000010203030706090B04020300000000010002031121041231132230415161711020324081B1052333427291A1C1D1143435505262828393E1F0247392F143A2446370FFDA0008010100063F02FF00E146CB0088600ABA532AB6B8FD8F977297CAA3FEAB97CE22FF009954B5461C1E553C216A1C233953C2317F1C9DDEAD10AD21B95832CE6527F57E2B59580ED51780E68525E10E016042C7EAAF82D9C56739668540BA49C5EED4315231429B5E0AC793A4155E15B4B4EC5559C1669F52D4E5B38FD4BB567394981632E1CD8AC890DAE2CA00EC16659A0B78302A660D835AC6F05B15D322A59180F77DF64D5BACCD63406BAA47331F5ACF0B35CAB4DFF50ED2B3CA9316719F3ED7C793014D7C94CE42825B11F457853D2F79E74C192CE536992D9D7B605758A6E3A18E7E4EF8AE79CD68A4D32244819079F3099C919D0946A8BB514273512342B13ED6255B8E024ADB180CD8B274C60374F41314527AA546CEB7EE53715B068EC1BD0B885792554C870DA5CE2A2EB88D8673931D2009267744B45B96C2B7F58DEB6B94CE93C1C9AB398D7710BC8C3FF15E461FF8859AC6B780569FEDBBB943E27BF4730AEBB15EFEADBFB95D6F494CD4E96CEE71232627440364A8F9762A46FF00A85F38FF00A0558AD3F8027C3899321E247355C1E6B8E96E3D771EA9BD5D6E2A674CDF4138EC09A278CC26E7E209AA703ABE2B1F3A58723FD3D35C7AEE3D4BB96D715338E9D9E822DDAA7E763343635510C69C8FF4F4F75D8ADFD44B8A99EA1656B2187E504AA652AA986B3D69B91B197B7590CBCB3E016FE515996588FF0046095F34105BB6366A8B1220844B1A4E6B95F7B2E12F349CF4F318A1F68750DC16E1D47C1C9BCDB4FF006DDDCA1F13DFD426AF0EDD371571BD4BC1E1379B1FD029BE91EA370A97AB4A5C5171EA5621B026F362FA25386C79EA3340EB1A4E2AE0EA6E88E8B1324CCDCC1340175ACFE585FF0097FA61616AFD31F15FF93FA6174AD23F293D82D96C64C4A9087C15A2CC23B9EE8B9CCBF4C3A94B515ED1A32E45DB7A8E523C40C1B3594E81669C180684EB2A779CB172D6B5AD6B5A95FAEC9A1121C4735CDC1CD29B07C215D5971EF422427888C3839BD443B5E8C3075130AC9E322FDBD4118919EE713B79950A7A95D85EB5E2AF177DC500C28823B08992CE9376846E8BA0FDA89252667EF69595B2C49B3CE6EA4219F1369FB075F0EA05AB8687823BA9A72E71901AD1B3594CA0EB3F695E72C39B137D13AFC37C3B94A8C530C17BA1B3A61C0CABB902C992EC4ED530011B8A83160383C3B11E7378A01932F23A6019294073A1C50693124DB15B8DD8F83221F3B4E0A07B342E77503638073474C8D655E227CF63C89B1B377A9346B3571DA549F502A04F5A8B63B8641B3076A6C0879CE702E961B1438E21321123653D48B05A1F7A53A45BA3D4BE4CC7863DB27E51E4D14DAEBEF6F9E04A69D65B41FEAE0FFD86DD3EF1A028374EE703E31D46A99A92506C9505D3B961786D1CD2DC5C339A9EC0F10E3B0503D319122979C5C0892FBC6AE3B4AA3AE3860F903250AE5DBA5C590E1EE09A6D714B1991CA92C655B4FF0048C76C487045DC918D18525B46F4D6E4E2DB613ABF2AC964DA076CAF76285E1081430CD77850AD108CD9104C698B741DA80D38803A30E8AFCB70E66123B42A54733C6430E3B546167861B1B1075CD1711E3A00BAF6129CDB927B84C3986624BFAA8422DA6349CF9F99B1A159EC8D7984D8D0CB6F013A6B4C8F6A877E0C2A42847CE3B7829924F727B48D4AD5E0E886B05D79BC34C37A3CFEC4ED339E70689A8911D8CD431BB9B7063AD06ABADE8B69CC3161BB2310EB0A04488FCA35CF6B5F4D5353563F06B291224DCE78C58DD7EF4C6345D6B44837672715677E0DB4661FE7AB4CD3BD379E538EFD347DED923C79A4A24AD8F89DDCE7C33AF050A0DA81061091D8E1B50B7DA66EBF67BAD738FF0035732C96818C38A0E9DA79EED3C4E210E3CDE283513AB01CFCE683C798513BC28676B4699BAD0071E73F4EEE2176F35AD4F7EB766842B5D9CCC39E53B88507D01DDA5DFB1058739DDBA789D9DE8A6F2518DF5AE88080774908630651171C5800ED594F3A8D084F16B264A9FD8C148EB6CAA9D11E65EFE781B5C135BB04B4D4439CFD3C6E0AF87BDB7AB29E08004F3328679B82BD7EB8D4A338A0CEBB566BF29AEA14E7589885497684E9C843157143C5E60C04D518023780785E4DABC9B1792629649BEB45EE98B8410071D36C3B10E7BB4F1F826F01EE5B2A79625962122CD15CE870B748AB0591AF70618C1AEBA65B3E2A1321332B698CEBB0D850B49890ED21B58B0EE5DA6E423D9A25C98BC0CBD8A340116E47862531DE10CA45CAC5739C019615928D0044CA3D8726D0C6D5EFDA89B54605E460D6F454769B5B58F63F26DCC12726C58312EBD83C635A3150DD0229C835938825AF673227677E9AA9B21440F39C88D347E09B2D83DDCCB5C7833F94D9AD4E8D0E4DD535E05116B1B29978D21AC91F0F62B1DB6134C53657DE74318914F828967B207C68F185D10EE1A715183CE7B20914FB4559FC216074AD309A30D7218284E89991A25E35D42655A6D364716DA20BEF01B5A892327119D369516D7181BF952E832F394DE2ED2641D4A334508893ECE644ECEFD3B473FB13B4D1F8265350F772888DB2467D94BEE7CA04A58CBD498D8F184373FA20EB4C6458CD86F89D1075A2E7B831A3592AE43B44388FD81C83A3446C20F7CA6E4EB498CCF92B317CE8BE52D8B0F22664C49D0490F93456C576B20CE4A715F273E6435E649AC84E647733EC1D69A2339A23385EB935122B5E2E37A52D48E4A2879159040B703C91787BF4C026F3C29E9A3F04DACBB782AD53A7412A950E0C6BB6BF0545750E329AF053990F28E168A376AF0465EC8EB2CA2F9CE0E9E1B17836C713E6CECF2DFB457CA1A2E45804186E6D25550096DE8912131DDA484DB2D2967CFD93BAA0D2991F72FCC2ACDFDD0A0DA6135B972EC9CC8D4BC1EF0DCA44BE4CB6E0A2447C310E2BE19BE3B1588380879284E20FDB1CB178699AB80E7941DA68FC100777B96C1BD3E1B9C24E174D542811BC22E8F6484EBCD8240F695657C3B5321080FBE0113995638CCB4C387F2775E91139A678DC946866F438ADC5A53196EF0808B01A679386CBB7B8A0DBCD032775A06A5928F6F63E0DD226599C9D060C5630E4EEB4CB0A2B4C1856D63728FBD3BB86098D16886CBBAC89AB2C5891DB1722241ADA09ED502236D0D8792A8129D55A03ED41EF8BE74B0A6C5663F289BA04E44526362E9054517869895DBA070D347E085367B90E4739BD2A77A2D6DDA166ADA9AEBAC3789C020C63592BA7108447065EAEAA221B7709834AA76065AE5B89F726090A991539B65FEBE29C4C85D923504058B6949AAEC58CF963FA3A69EDD0F14E1A58DFCD6BF9B966C83B785231A0CF65C3F1575C60381D45A54EE40F6A908302539F48FC15FC941BF294F287E0AEE4614B65F3F055850CCFFF0067ECBC943FD4FD979366AFF93F65E4D9FE7C376E0BC9C3FF003FD913761D7EF1F82C21CB895FF18ED2BA50FD47E2BCAC2FF0FDD67104EE0AD1E8E940DA9A343C107E9637F35A1B7FD72418B94BB93044A5B54188EB4309870CC3E8FEE84216A6BA4E982F13966DDDAADAFF009433C7B2E89E2280289072CC9BAF4A58366A3C26DAE795BA2F3CCC803150098AC89721E4DF338E15F627898ABCBB1D53A28ACCAB4DE7DE0278EE2543944636EB40C4E6D710AD05AF6B4C49287E35B0EE8E8B30C414C94610C8D9FCDB250DD96E80025B687E288CB7498D6D377FA57A737100190E48FE81D2CF623EAD139AA5A48DD9DEB7FF00A42B35273802BCA37D6B1E4D4B00BA215005D10B00B01C9A97482E905433E4B47A074BBF497B4917B3BD768F7209B95BB7E549AA9000FBDB535E0B66C14CEC14DAE96B9DE571C40CE9E2B13B7157819CA7AD748D37A94D38038AE96CD68B89F6A02939ED4E6D25291AEA5595C59364BB392D3FDB2868C6C0B8690B4A91D1C5ECEF586B081432A013AA615D322DC64BCD9381663A94806E12A14E7388BCE94EAAF31D84FCEDAABD1753A4A236633C57395F0E01C093D244E1337BA488711DA5399A8E3546720EE28D45D3352005CDE1078000E08B55A3FB6749BCE967B15F1A38BD9DE82159EF4044D7B949B233FBA84DC258812FE6D575D75A663F64DCE1AA59DEA5936B9B29E00F6A6B096CA1BA72BD81470225239CA7319F39676334D06E96E02AAFBAE9BDAE6B1153B75A24DDBC0D56A90A21B31C1340ED57B5056897D823D8868AF6A0B861A6BBAB5296AD144E23BD01DA80352835C2A54EEC8EDBBD8A1E6B7C674663153A5F96CAA02921EE408BA0CC4910E0DBCEA99EB5A84EB8A04C888541F7566C86E1B95D03346A5D109CE2D0A41A11A5752DEA5ACE2AD1B0B4F726F0D086841A3A81DA148E3A17F16F7AECE6745741BEA5D10BA014CB5740239A245745A14DB2AECE4979ADE513C392D0CFFD47B9378686F1C56FEA1BD5E6E3A177A4DEF53E52762D6B1C4CB0473B05474D7482CD2A73B8CFB67DCA405F7FDA75648306AA927529F459BF12A26D9A94EA15E7E25348C304DD426AD26529C377726F0D05F72EEEA5DE15F6E80FA4DEF42F8CD9904AF3836F5CBFF7974CFB14AFFADAA993FF001433594DC88786074B7ACDB827BCF045A32625422F14F635CC00E39C578C735CF6D25332EE45E1ED6D33AB43EC443A58CF12AE8767FA455E65D69DD4579C19EA5D20D6EE09B0AFB936EE7C8C8D5476CBCC70F626701CFBCEC17DDEFEA9BB5857D9CFFC6DEF59B135CD561B1CD2FCA124EBFF007C8E10CDD7EA29D9ED70A4956E174FD9FC9A0E8F061B9D303B10BD0181BFCDEA293676DF269BF6EB4EFE99B5A4BF85071B3B664E720320D20817A6578B82C236940B21B03E7FCF7AA9134439E2F26B5F32F1AC6B4620ECDC51048E9DE0A29891409B4813DB24CF4473A6EC17DDEFEADEE579B8A91A7362F6217233DBB815D2E6484979AAB24752C562A77805E57D8AB17D8BCB7B15629557B8A39A5C0EA2566426B7B26A199939EA17A239B79EB777F58DEB63957D7CC89C42C9C57E49C3ED6085D8AD3DAB1E51C395DC343884E7C6B4C386D1ACB9320D95C62C9D32F948283E80E59053762BDDD6BDEA4EF5A9B3D4ABC8F109A5CEBC2811F34EF433C2F2A17CE152D6476A6399E107B006ED5F49BD7D27113A5E1688CA2FA5622FA5222FA622B57D351BF9DABE9B8DFCED5F4D46F6FC557C3317D67E2B3BC26E7719FC556D61CA241CAB6A83582FBBEEAB3838E4DB3F572568149A16D3B7AED3D4AA24553382EDF726B5EC6BE67585E49D0FD0795E2ED76887C64578BF0A1FC50BF759B6F84EE2D2152D36677E277C151D673F987E0BA304FE6AF250FF00542F22CFD50BC8B3F542F270FF00542C208FCD5589676FE61F82ADAACC3B5DF059DE1184DE0D2578CF0A9FC30BF75E36D56989DA07B944742B3973C0C623C94C643686D7001417600B4556D2B66EFA836ADBB8AB316C32E394911BA4995C1C87518CE9D6E9512286E51D09A5F73695606BF35D916CD6CFA8E364EAF667852D69B3135AC76AE91547ACC8ACED6ACD7D9CF169546D90FAD790B21ED2A963B27F915F33B1CBD22B3A05847E272F1BF251E8DE5E31F0FF000B7F758F32286CA72C5408702B11CE95143863063437EA575A2C11BE4518D4B25361F8293ACADB53079D05EBFA9B1DA606F742325E5403BD79667AD7946FAD7482C562162B158AC57482E98F5AF28DF5AA4404EE5E22C76889BEE192B8E10EC50CE25EE99F62CA5E368B49FF0095C30E03EA9F19061BFD2682AB60B3F643017CCDA3D1711EF5480F6F08CFF8AA18EDE114AA46B48FCC5F38B57EA2F9C5ABF51796B49FCC55CB3B8C672F20F3C633FE2BE66C3E912566D8A00FCB0B321B5BC07FF09FFFC4002C10010002010203080301010101010000000100112131415161711020308191A1B1F040C1D1E150F16070FFDA0008010100013F21FF00E4AE5CB972E5FF00D25A96C03D247CF117A97E9D12E029CD3F730D9BE9BC69FB4B8CA29A69FE887A5B5C07EC66DB3AA85BD4E38FF9A82729728D413847B133C0EA8455ABFD10DF921A055C622618199851D20AA5110A8BBF959635E8330BE83CF139C8077FF8FCA5CD8BCF0854CD1CFAA19ABD5A98DB3A13440EB387BA406A6B3D11E00930E4709FCA2684C00A97195947AB35376BF3669E198DA3A973605E68274F8185316AE118EA4BBFF84F0CE167ED0AB2AE060806474C4776216DCE7B94C5E5C7993780B1BAA6FD4CA2A0D3ACB7F686359378E37A5C4AB56B880A09C6BDE609C16C84BE3512E32819DB5EDD269B73841A551EE4BE55EE4E13A1A430B727125DFE735E6CCB5E411B238DB696E1F37497E45DB52A54AEC85A18D602B81D5C1105BE8476861B3865EE5195488E00A775E5DFF2E49729521B3893242F6851CE7ECC38B0CBFCBC3AD1C63867F732FC2DE52E41EDAEDAEDFDEB8C0317097255971824DF8187748D7A43BDC096953C21A4B4BE6FDF5F28C9BA08E6B79897B707BB52A54B90AE53FBDB42C9E625A6327B9287E434271CB768A66BF623282FBAF6D7806F90BF382851D5B6EE562C758FC056A61CAEF89A1007FABC21E16A52A5B5C2658EC282DD5D772A57770E6F8206231CD5A7071FC79444C0CFB48E3367AB2E2F438769E08C9CFF0073DA476D4E4B3FF23D9558F94C7631F43C52BB02FB15DCA952D4530CD0FAD25096F4E296727F1288981D4C6A717DCC46B66FDB5E13A82B9BB3FE4AF00729A1F970CB8C78FBE25041E7FC6013CCE03335610E71C608D886B77DFF0070EDBF02D56619CE1F306A85C42CEBF84B444BA3FC4D403FB71C25AEFE37B57CB187D5595BC65359DEBE23AEF1406885438D862B98884B3A399C7F704FB87C10F0D9A4E387E62AA2FF00081E7AE8883FD0C4696BB8787EC1F2C043414D429550D1EB79FEC48693429DA3D6D9DEF9DFEE0D62AD65BD8FBCFC1E1DC7B069B3581B17EDC48D3A3DE0DF8E59BD0D60E16FC441E970FC06849DE00A5DA6920496EDBE2CCFF3E388F59C5981DE797C2EFDA53DE2EAD1D252F3406863C37B80DA840518F626FF00AF2F1957588D7FD98AC0E6F5EE90F0F3EB7EE7B6FC601651DBB900730FD31EDE2A6DAE04014CBF85F4DC663D2EED078FC7163E1F2F82C7BFC3B749B4DB3D106CF0DDE20E1D8C749BA07B7E17589F7655D2EEE05DFE297EECDE031F018861324AA7EDB4E168E7C3DAFA25889CDFC25A2B8088127A618DCC4AD2D0AF8BEFC7B2D6EEBF4E33E72A7F63D0DA919725503C830651DB87E135BFF59AA8D182B3C1E1E3053D36E911ADDDD3C445B21F009A6B2071F37F513B22EF35AF5A0816D5CE1C5F5C68D646C24E4C702BA5B96FF57901959D4603F0FD93318B458F79F08504C24ADB467FB1FA393C1D6E3A13880F8FC0505AD06F31BF49D7D2E3375033886A4E0253B476E38C5C9019598E0D6B75CA9225E326A1EFA6538C1A899889BE12F65C5EC10B40CB5B4D5CBEA4D0C6CBE3A9FAEE31F0EFDD1C9358E2F6F01688E3A17397FBA1E11C035AB408E62EA1D7FCCD68AF1861026D0242BB4E89C3C8A7DE9303F203595BFDDE6AB648540111BFF6545279EE7391A3C8F2311CF421B9069074CE38C40A96AE2F6FA478A3971A9F13FCA10179FCF6BE2722D97709234F7F613CE662DAAF8F7944AF407426422DD820C4A36EE5B11711953A28BAF89AEA2E70D58902E6481D07CD4406BBB61C6CD2F847D014BD046D57D4946A66068C5D37C5E97195C2017A47FBB44407D02599C5DB798E6286332E35B4A291657EE78F63E2D19B1F11DF9E7BEA85CA571BD1E39539EBFC61C2D1AE0C03C577872F338CCCABDB2A639458F32A91E49FAE1288851654DBACD360CEF57DAA1FD1EBC35FE794C4866593D7102E68E5717BE929780117649CF14EACBDCE22B2C806518C53CE016D8BE953640A5B5069B83CA5601795CBC6AFCF4C31C1AEFE40E31CBC2FC76B6F69C77F7F88A1E50A0981D958AC25A2A410EC17BF5223AF41BF0DAF9E4F3964835112B17D252DD3873E9CF1BC4A7DB0AF86BC056F28D9A48741CF033E51CB54194715C87AAB2E50568143912CE2289BF733ADB5FD7AF8DE954F7018775D2381CAD3A7F1DC3C21D581F94CEC2D50F7DA2F6559DA7BE088669BBCA08201A540EC54D31596AB7E30A682006D5ED12EB2ADB3150F6516C75010E19A6D934C176B0256984F5B4F19CB0137BA934BBBAD35F484E782EE1DFBED549AFB9C7EE59CC8A838475D82B848E8171B512DC14EB71D20843B5D5E865C1D9896D8CC9B2C37C11082038D643E0FACBE4D269ECDD3D59BCFC7F279F682BBBA62A5E716DEE1E175107BC302C4A7B1719C3754E1D2E7A4AA34FA1087749A343C0591328A9B66982E1CEC27BCE628F6F15B2D0E2C01140DFCE542A97776F58EC75F8FC09514C63EDFAA59EB4E1DFF007620859F0E902040F098A50F0604725772ED9A7B27517C843AFAFEB4A95E1673A86D1D45BD83423F571A6B971877351D7F03BA3D5EC8283B3181350DE08300F9CAB0523E999AD02808669B7AB78B412BD5F588AB55539DB2CB2D95E1B3F5868CA3DC7498711A2EAD358F58CC1CD3CF7478F6E74ECD851703AF783B7178C497D59896ED6BBBB3AC17E678372E5F73DBBE49A19461D60713EDC7460C5C370C3379B5B7A10A94230D2D96112DA18EBB4584D51180B37D860B78F746D2EB30EA5917551E27A5CC1DB7658885BDB5B7511B812AAA05D9F38531779CA0C9E6CB004EA86B5AA37A6BE2D7262DD2E0DA8A3581EF4BA0EEE986CF9C75F02E5F61DBF579928F2FCA9CC68D8056EC5AC425130EB10C943B980FD7A46356AA956C5F410216C58B8CBEA4C7364D06E5DDE39C1D1CBA9706ABDC9856208D380F0B8EF89D260B674B80C5E5DC57413400F10F56F35D15B619FE4C8C8407992F841AD2A065E9D5C674764839854FD61E369D2EB4778FDC1E714AEDB7775A1BA74672A97BD52BB4EE7D3E70B46D70D70696EA56F17AC5436C4039B85A83E7667CA3DAB314DF9F2C20781C1D5A6B9C5377509E36186B3AE2F01E6C30449D0B0B5CCF78E78F771BD97CE5A4D760FF0058DB49CAF3E934EB256BAEA1EA45472676356F28758D12B2D3E2208AE6389E97F0779F07C9A977DDD11CBD63CFB7E054AEEFD7E64D4C309A77CBA759ADB73825057ACEA55DE5BC5A135772E5197D53F39D6264552D60963D0B08ACA479894346935DB03F4258C303E9C2BCA6441585C9BF789C261A2BC39C74EF7C0E4E5A4B813D7D1CF8B163F5D6AFDE1884DB52B8CF356260739A5E4F878DCEE6A691D59A5DEC1E46A57F110F17EFF320B4180EC62E6AD6E7CE5EDE758D51318B3128563FB5A3B4A427A6D5F18BDA03DA748CF822F2BA0AC75F4F78C828DED88C72E504F2981AC0AA04EA1000014A95AEA664D61CBED2B6E31D6861F28CCB6BF1EF3082A5A95B2E36BA94D66DACC8754B2CA7B4A02B4EC1F4B99E3748661AF910C1DE1FB4A6F67B0F13EFF323B09C973786CA0989F40BA4A8324611D3435520ADF15CDEA47EC55C92CE7CA37EAB33FA0E504118817F35C30002BF3346B94B6C704E1D6E082F7D6D82614B3190A1437C062F2B2DFF008C7C552468B29706B6BD66794BA37E806962D360A94ACEE9BEF5E212D58CB3EFD7C6E47E2656F1EFB5938CA59FCF1BD93E49669486C9CB5DE5CF9C78C41C44202AF504AB2A07573CCA670B306287D6306A4DC10D5E575EF2C4A5B14A6CFA455F609DC4A3C9A9702169DEE83E99B003A38BF29A25B5535D3B4D71184D98CF38B60C2D946DA69ADDFA47D1A134356EFB7296B1939634D6B84A69D507A6262152E8FCC3C6E63CA554703BE2C992E4F79C0CD4F17DB9F094C98706B071ACBA510CF0B2592E5A225943CC247BCAA191BD9CE12DA06E4356D4708E1EB61F224AD154DBEC473CF290DC765396656D08D05B15A4BD8A4CD2EBE9E84655A3365A97FF00109C4AB6DB3C6135536BC6B6797389AAA2530798EF990D68C1C13385E20A27B8CDBC07B882EAAA11BA6BE534DF8028E794D33A78BEDCF84064004E5BC60DE35E7BF28F9BF8B34A9C2EEEEC441366BFF90A465BB0D4571156328CD5AEA43BE90F8D99ADB06742259076E501A6D8859EE221AFD5AF7420BE68DC54F2312F4ACB1B4BCEA33F6E69AA899A5B573C33C26034E6FD47ACA152D4A65CE6D896CBCF2B5D13D028603595E2836C0DC691AE7466EE129B1ED5AFBED01B974F18FC1C7B96FB632571C255781B5828EDF11556131E15CC4F6FF0414016134EB15A63988019B20B5367E8FEED14D56DD0BD66A019B44D6CFA5078F627E81C23FA63FE7400C39423B8F54CF6032B70D5639AD60C2034B269238C69E03DCAEE3F99560D0F052634F0C32A868E1F13EE724A0D740CF38C7EF4DDB9864370A6ACFDD411A002A343BDF0635C670D0D251CE541BD4FE1317A706DB71E0645B7159FC828E24237D6074161CF04CD82F1435BDC5870B897EFED3355B14F2989C4356E92CA96D3719CD6E0E15D3220604EDC716E653C06505E7307086BE8E27B6F01ED5C0BC8C14F2C7CE0A3C23E8E19BB43EDC44C49E1FD4E486E086EABEA4665B5CCBCACC65F3FD4C32CE5B7269FA8868092D67712B81AE8BC3599F84717087CC1964DAB1967DC8B5465C282DAFAE58000043B8D9F79E648019BF98755B70AB739F763858E2F5F95FA4CDA9729C77FD8E040DB9D8B983C442D95B1CB1B430D6A66BF903F8715482FD4DE65F571343C17B3389FDA55470F9F0D2E1A78B573251C3DFA787EFBE29BD6B4F994DA63A1BB8D05E0722060A1668D87E1210B7505BFD7ACC81A11B3300215E2AFEABDA557762B7BA21406A16E3AF3F780374975F079ED3005991CA5D67A450681F0652D2E56C1A81A80701E757FB1B75132D441AF618942D502BD25928B5FC3103E0F54DA7D48936AF949ECBBDB47B5051C0EB326CD308147887735848B57D1197734F0BEA78204DAC57BA30141948B910BBAC6A1AF9C168E615753F626628DB7743F8400AEAC79C7F652131AB0D1927A666F0452F5AC7B4D8F89CC3F92D9C42D917A9FD89012B1BCA1BEC45E4716CE3941432A9C8EFF003365AC3E6692C837375AB0AACBCA604698C304C9C542C3B47A221700F54CBA0EF6D1ECD741DF841C4DF821F434F1B6F8E8F080671244543C1FA2E1964B541505741F280AA02698D2527A5517D79DB7134416EF046A094285E12BF82AA08E42D2B5978A5CDA95AEB0C23BB7BA05571878DD438B0CC00F28680DDE7A4A1A75989B2B2BA101A9A2DF9A7B0781AB4660D0DBFB538DAB5F1D2C8977B3DC835D87DA954D3860CBEF7DE70C5E5554D49A9986DE82E68DEC8A0CF4196B8FE9002BAAF0ED32A6389D2FE25E461E1F7992F90430B2D44F00BBE8FDCA7DF7EFBFE1064986C03758B09C03E820A1A8AF7B06B5ACA84B925615120585E220AF6272B457D277D99F4F87286E9AE882BF02C8295A8718F2E3E07DD70CA40625BB2B94B2E29EA4A383D7110D3CF3F884A823AE49468FAF596A2D5665CBF846A7964E16CE129905806B7A3CA5AB0D0604F2807E1509C2F68EE05001BE8727B47D85103EA3F5A47AD6E6E2F910E115C2D7ABE529AEEF3B7A314B0ADCEA7E60D07021235D541B02B303B15E713FF9076ADD269392FDABBEE61C83090AD1A734DC75FC2B3ACA2F1071872E33469EC3B881DB47E9C5B0D142CB33098B164B35695C1894AE70C8D193694A57D340E85DE38DC7DD1F55810CA09B558BB7FA8DE31AA393FF005339E6556EDDE8992FA70354BF41143376BD0A34CF5949193699C9AC0B536A9F79CCF265B469880B0B8D55540E5AAC9A73DA15BEAFA1140AD859D8958068C336C3A50A654FA4E1D953076A917430EA886F3E9F89C0D634BA2CDE4099C058D9972FB2E2AEB7CA350EF232A2DBD49A827A461B433B4040C4BC91669E97FB1D33C91D81285C6CD4017BDF49832749B3095168E552873E8977C3206BD4E51AD176711A591A393DE5F1D4017079456B8FC5DCD7AC470556CC3A315C31C5FC6B26A8C7B19A428F5250CE36EE096FD196CF6D58CBCE79296630C06047D86B8C67AF9BCD79A5D266E061879CEB9AB179CD45DC32573ABDA9BD65CBF5AEDA2B6C0CCD25B53A4EEBAFE425CE3F90D494A447C8CDF0212A149B3D96405EF26F16D2599309526748A2F38218A79B123E60FECA8D8105C7AC0FFAFF00660C7D3CE55B9537F7995FD9FD9675FCDFEC1143E157FB8313379C7D063FF4A03D51CE0A1C07140B2779DFF60216BACB224D06534A987553B191BF03794E8A7A1335FE58151E1F49FECE9301F232F1FD898CD17F64C0DF35A18573B9BFB323D79FAC9ECCBF8CFD1E2EB18DD07108F6978344E93FC471A5BC63B0105A894C0E06B7ACFF0013DE8A1D2279347D08EE644EA7957F3347CCE8B168231FB9D4C183852DE0C37537C4AC5FDB0554E3C1ACC15547095F9ADB598383832DA18434341666CC993E023EB330107F00A24051E92ADD204BD203CF3E5095AC06F752BD3CDBC01FF050835B8A935C19F659780EA89A3E6196049B2870275096D8270BFF0073EC40EB2CCE1EB21E3D551B72394B471CD32551BC17C5CABDE56C86F722C6A1E84A4A40EACA10B351D2613A41BAF59A5D81E857FC4AB97F5762CFA6BE4F49CBDE65F469F698BA5D44F544A9E1012038F433405E83B101767667293978F0F11DB3FA54D40E35D28B55C2594E207404BCE72E5A3BA7F888626A4C74169EEFFC7A9485454FBF0394FA50F942A107D34FACA3EBBD27FE3BF93EFBF90267AFFF00301F50E8C633D489FA8079B182D8DFFC21741F2C95FF00E11FFFDA000C0301000200030000001000040003440C40000023480C200000000000000000C00430520800C10D3C9C6EB7D3AE70830C20C10C20C0020821002000DEDC5FDFF4D9C3CF26A00000000001000830010812B78F6BF7E4531576FB1836BC881020053C00000010061D3E00C37FC12681DEF05762C000000002400012C9361020C30C01E2A4288208241A30000000020432B9F93C90C30C3B63A31A820C332533B24000001080DFFC58C0830C30DAE30BC008C03EBBCB010006000241DDE6BEC30C30C63C65910831F43BEF3C74A000004776F3E4C30C20406AC4450320009DDF3CF3C54800061BDA9C200C30D0B5A302D12663751F3CF3CF3D240014BBC7B30030C3600D9B3AC4A514A1FCF3CF3CB37000011E2F8820EF58963215E009AE11FCF3CF3CF2D99002133CD6A0C30C112369D5D9C85777E7D1B4F3CEF7200D1CF3E6243A04FB474924ABDDBA5828BFFBCF1CED0C010BC9B39CC8978EFF00DB182AE343AC1B188F3EB7BB0011A8970C0320445477390B69CD44C0089A3CF2AC80030C6D8C30C30D142ACE716B0FC0C10015BDEBCE2000003A3A10C20C2548BA6311D9335D4400C11B5F21E30C0017ABC248249DAB31C23EE8F4D6380104257811063C020C2639B1C551065CD6F5CB49B0010C350E7A9434300004E3A2830C4631375C1887F07004105DB47820C3C000020E5E002109E5C1BF18589AFC90C8C4DA24038000000017B504F92F3F1FAD5AE5DAB8042C1660930E3C000000000FB08EC3AEE05E36C2241FA6174420C50CF000000000215600050910E2CA0012BCF834020A30C30000010000000D4654DC970ACF4B878620020C20018C0400000030020C40C170CEB8357A0C34230800030D0C000000000000000000000000000800F3C83C72083CF3FFC4002A110100020102040602030101000000000001001131214110205171618191A1B1D130F040C1E150F1FFDA0008010301013F10FF008E0BC1529684403488768B4AD4FB9695FC3AB8AE93544A3C664B731A46538693144B658F0599D35DA6FF00A9C0251FC02D36F5EF07D32B82A5213D61A0C7526A23ACA953568CD634B1BA1132FCA602D9BF3F081025714D1EB2A43A74D51B63D18170204A86D164719CF8947E3041AB2B867761072A4D8DC0CC3D237E3E900269E72AB3D372257E154042D7CB3C021CB6FB784D8CD5154263E52C5E16775ED12B9C2E527A1C081CDEE38E1ECC39162F006C0C467E5DB9E9BD7DA0028E040E64368BD19E2A53BBD22E00ECF29E4D35920E50B65D2DFE381072E6731CB1474FB86142075A8E914DF68290079AFE1BF1C46C699EBE5D609B3828F2D098DB951037822768421C95002D74094EFA84D0427AB09479E9288ECAAE0EA1FBAD4584EB6D9AF38EA17464BAAE9A95770D091B86AF0EF0AE22F35FD0691E4ECED781039485D9EA37F7F8869A18B51F33EA076DC20F463DD00D9453C4C5D6758B2ED61FB86CF5815A4383BFC784646A3CC7AE9FDC5D131ECFB3E23CDD94995F2791389C9506C4EBCE5EFF00AC550CA54B7451E7BBE5080ED1C48A5EA64D7B635C5D4B192EAFC0D2ECDAB1EB0CC0A824BCD1F47EB9D2C4829A78998357B711E4C92EECFD70351F7F4808F068F97EBCA22145788F2F07B2F84D4254AE47612A1753C4CCF7FC083C419EC23A856784BC50F7181B6035B0C690AD674CDA5FAEBEB1A34BAF83DABD2FCD8A50A74B1FF77890D13A03A7431FE43345F480A086E51F721422448F1BD698F4FC5C4CC5A1EDC038908A97C1985C223A36BBFF00220D95D3F7BC6BEE0D4F9A9597443E935DE234A747FAE1921C1E441CC71BA9E4A29D4840952B8027B77E261129588B143C220208108DCB82AADCB8E96D4F79E007D44B1334382F259F41CE90E5F66FC7001171EADE016DE29975FEA2C8DCD417F49AA777BC2119E12A2448F0B30CBA4CB91EB5C30397D93F130820D20992525690B68935AC7C4A4BD2223A1EF0BBD4F799A18E29C6906DF2F292D5EFF30797D93F104B712BBC04665110DA5BD20B2EE658638AC60AE22223CBCCEC4C90C8C1E4F66CC268EB06E9D64A3A128AC11EC4D3C20748294C38B19FDC7D45BE7C9E1CFDCB0B393DABC04103C10371135D094AD651099E60720ADDDC4556E7F00D4D1369B41E3ED18A8D60D61DF0628E92EF33296F49A3561D89838B1933FF00CBF151348BA6CFDC2DA908A3B0C01C315B5A4AE3AF7891A07CC972CA78FDA3841DC9AFF62382F7886962054E0FB4C51976258A1D7F18D4D7DAF47D406DC223E12E703071045AFD49A80FD3C62F7FAC04C575BF0A8150CA261AB89B75FD1DD9A62073BCD04DE96598B65DFE676CA60636A6665C26025BB88720370B14C2D1949CB464D70B268F08DBF83701713C294928DA362A916F6E14BB4F0A257F182C33C74F1E78F3C545B2FF00CAFFC4002A1101000201020405050101010000000000010011213141102051617191A1D1F0304081B1C1E150F1FFDA0008010201013F10FF009170C9285ACCEB654C302570FB4BFB5B8822B68A779BB1AF496D681608AABE902875C0BF62C0348A65F118162B442C9BFC2E5C53582C1FAAB52DD231E4110CB460CB38425245E0BE02259AC3E9AD16CB118B96DCC3B46BFB3286AF363A425739B6FD25A97382C5BE5D1E263042285CC20151E51C2CC3F47638317369F22F20E2352C2F9D51735E0B1E62829DB4EDA5415F28E4A9E756D7062E5036512F933D629C4AED5E1CC96DBC114D4ED58F2AEDAC651877F78016701CCECE562DB7C179513D06B112D4356B14C7BFC5DBE066520DC806AEC39DFB6D7BC09EE96FA5DBD304A200BD81BEB86EABD669F108A53A3E0FEE2019060733DB95712E5BC19CBC128D521A7F01FE3EF2B053102AF85783004A81C8227A5AC07B63AB1420697663BD3A949B5531465047658D0EAF57F72DED2191A41A67F86A6BB5AA3BD0F07D9FDC399D08723C7063C82D09D95A0F9F8944002B0BAEEAEDB1F9636E8952C80506C16B4D6AF1AD5ED0AB1906850E0DEA33E5AE6ADF45D7AF79527015E67BFD03936F063C84AAEEBEF09DD076AF3C47035C9E1A0FDBF994CB55D4A3583D27134258A3AFED2E5CBE5D05739382B81AC6860D0CCAD08F04F68F0239CDA557E216B05B8C30035E58F2824B06BB9AEB7E2B5F820D5416F49B78D6D476ADE6482BA5A997775D3A6F28621D41FDA62A55E643F8F21B32E0C1B872683936F26B18CD09AA2ED01ED12BC0BBFC9514AA2BE0CFA6330EDE8AAF0697D9954A99FC6BA763ACE932B63E5445E8BECEBEDB70F5C7EF907206390638348B0E26845961F6CBB1A5F5AEF2F46A2726D72FA33D3B668F1CC46D51FE3DE21AD0879DFB4DA56DE93FBD8EBE1DA7C15BCF5C71087132C390D918BCBA1C2112015DCD8DF5857434C18F08160C5F673D6009467E6F30215FEC68EC3C3ADF499D2DF8CF547118370E06F94CA18F2E94599555BE91D27A18365EEEFEF1AE6EFCFDE08BFEBDE21AF77BCB1B2E7C1800B1B7C3C27AA39061C0E2F9AE2E0E5D2E0025E614D26485CBC0EA7CA3D47CA6B20CF507204205B5051CC972A6A272694C9626DD22B6FEB31C3A4362B513AB05AD589AAE168B4AAAEA72084DCFA1520E4D2966E343488E8CEEC36998E9596D997330970DAEE730057D1B72721A12F6235D655B52599A96B245344D36DC32982E160240C5C78B389415F4925D9230C624BA839D7CF2839719E97845B9A7E1FE4036F97B21FF009A2BD1C7C34887C4F49625DFC7FB00C5A738FD7E23AF05D10F0FAA10A359A665E0EA0D4FE33100F344C064F8111F83E92C8628B68018A8443E4794744B7C3783BD0E551EFEBC16EB0069F5D2E04B13435C75D055457E304D3468C268ACD115024AFB25A94EA900E8C4B986F2B821AB3A4C1BCFDB2BA89DB794EDA76D3B2F280E8257FC9FFFC40028100100020201030304030101000000000001001121314110516120718191A1B1F030C1D1E1F1FFDA0008010100013F1097D6E3D2E5F418BE9E7A5CBE9C75BEB7E9B972FA1D6FA5F5B87F15FA2FD5CFF3B2E52525256E220261E95D2FF92FF849C7A8F532FF0083E65F9802EE06AF1DBA9A28833D963BB26562BE014F8852104B778EFEF80A8818B7BE61191AE1FDC8E132031F8C63155A8107B96BEB03C995D4E36A01E386F454BF3D2BAFCC27D21FC3F337D0DCFA43A7CCD7A6FABEBE3AF301B50F78B76796882BE2CCB0FE86A453BF9A24B2C7034E10900A32AF3FACA8EEBCDFBB32F87D4A2696CA69F224211161839F1144B80250C5DD2D7B728945DD5212053D8DA58DBEE663B80BDBADF4DF5A9B3F82FD0C63D43A54ACCE6732A54AEB516A55C22F1AFAC0B55FDD312C1F72FE8891F6803E92DB6FDAFBB3060EB25FC54DD33E2110F25832E10E7C5378BFAC6E10216BFC4408A8C61442C055363DE2340E4952ECE383042AF80C044C32B41CE451825BC3743EA7F90BBF0D6FD9FF0026C41DA0085F04FD61CD07732400C64E9C75D7AABD150E9AE23E8E66FD37D6E2D1B975D6FCB808DA97EF183158039E8F767E0467D798C2EF7187DF71594AEEB6F4DC6179C352A3A4E59E78C4C09EA495EF06585F44583A1C694F7979A0360529839B1BF6CCA330050597C99F9860C2890957469E48D5A28E6157AC8F647132237188DC4B4C338A7BCB9CC1B5987BC54BCBC8400D1DFF0047F32A18EE87FF0018ACD3E4A950A13C8400C649CFF3D7AB8F5EA1605F6096583F147BB07A0E1687BF78A5C5D5543D8E7E637E28BD1ED1817C745A5A0A3BFD1B210B246EE83116B667BC14E6BDEA0B30F0D595E38EFF00988298DB75A1A7DFFC95DFC14446B3AF6F98E797791D33E65B2378F42A5128890A01E95518F09D9F934FDA04326E9CBDCE25306DD237225AFE83292BA73D2A574A95E825475D2A710E87A5436C3B343E7FD46CD3FBFED0E0B5AAC1EEF3F12D25E0BA0F638E94B08A804A77945C42531E4758B91022622332B5E882C50D94FCC3A5B2938FA9F32A717000A34F9B697EB313C2BCE31FD7118144CD36BE39E25C7D9056CD7356B49461C692BB680C2A581C90267A5308F7741418E5547000A71865EFDA00418BBB27B30AD49611FB902C1B25F5DF53D5995FC45733205869DBEF1E24747D80E58B59EC1FA9FE4A9B7A02E189598FA2EB0B37A668E2F1B8B41142E8F2F8868029130E7BEF198B4088C1634D599F3EFA9543E36C2DEFEFFE4678162902B7C01CAFF90FFA1BA6DB43483A1350EB588447818140BE8165F57BA55732A2ACABF10F5DDCBF8ED284262FFD2366AFA6F3208D23C8FA2FAF317A1E8D7F008EEF0778A007D87CC1E17E93C110DFEC6BD9027304D4AF46BAFCD1F8C15EDA79528C7DC8B6DBDFFC62E67F53C4BA5C14E77E84754FECBA1820311B5208D9369558F41A10CD2B92167A755F9FF114199D7AF066B251B3ABFCA7A00F97477968E6369A119E0975DFCF8476A8B54ABE84076F4EFD072675B4D786CD78778D11405DD96965850BF920886B6321BF32D9406BD8C991F758DF808055BB005912979ED2A889B64299FD9F13812B7DA0A69FA4F28B9DFA35171B9564A0441B1200323285D7FD46772BFF00166A381B3F88F46E1D4EE711B81736F1EECB49BD9E7CA21875A9DF4399B86885FA77E82DA627AF74454E42E5248C7A86C3A7587632AE3126501A6B2FCD461AA82D42EB53C941F32EA4D5AB18881EC3B4AD25EB999C3F04EBCFAF89A4B688A2384826EB0A17F798ED6D7F21D9941E13676E97FC15E82316866610B15DCF3054723F4EC4BDF0B5E843A06BF86E3A87D88DFD4412B1321BB0BC896FCDACFF00267AA0B25A451EE584236F6B595D97CDA8913B1DD584FEE35BA7115A7F1BE0743A8C6881B136474E01BEFE11CE42E38F78644D4E7F98C68CC8FC44A6D3076701E598465C1C0707535D2B33899F46BD1C4C65483516759DF787B573E280805060895DAB2542BE44A43E65BC09FB02FE92D37B75C1F5A40474B51A35915A8969BE4201634723F4958B955E8D7A2E2F423A4D891F0389DDDBD984EB42D0EE83FC84AC06DA25A536BFAFB4B1B32AB4BBFF009D4DF41894E9F5FE1348DDFF001868FC25789476944A3B43646D23EA9FA8EE838F4567D0B645F3162FA0A4ABC1727FA46D0100349C464BB7591EE7A4E957CF4E7ADD463FE24E594243AC7072FCFF00BD480DC2054A3895E8AE952BA54BF64CD49F869BF47888FDF2EED17DD030CD4A95D798A5F52FA575B99B2F9BDB93FBFAC56B2DC8EFD9FBE2192377D6F1D6EBA6E779AB981ADE57C46AA96F60E7F7C4DC82C1D9C1D4CCD40E605935EAAEB71946DB5AFA9285E3E9260405FAE05CE5DF209F98CAF4D742CC75D39F4ABB6EC3865953651DCDFEBB909A571A6FD27523822697A5FD04C271A0EDC1FDFD3D012AD81454AA7D5BEDD373DA6E1A0016AB413667D80D8C8B0F718E5435B7FB2637E22E47687F2C0A2C7BEDF894D59FC13FB4A55E84D89B542AC0242AC68331439CDFA96862D4DB1DFF000106CD83B7FD6A507FB059FBDE01274E3A54AF42D0C3F84776A88BB0DBF9FB4D88A35D8E0EA138821AE9F795D2FAF3D2A0BBE2B369DB72C324D722DF407B3E563355DA932FD25758C5EA7F51A04D1435F69E41FAED134B0ECA7F92B84B810FC4BB0816BAE77A4BA959513009C2272314DA4CA1E04F7FA1CC3BF34137B9D2A7B74B331475FC2E028B1ED36A070F3C3F7C415C3703995E9AE8D4CDBEB43615ABECDFDEBE9E8AA86E1895E8EFE972215A9A03BCC36D6CC8F1E7E75EF1F62DAC5AEDE0F04246D7C92A18FD2253494613B46E1E055180086954258AF2EC132C9846905B81B280BF118A4A295053ADB0D2162935E14341DC747F30CFF8E01DCAD99DE21157195E2BF3E77D995F81CB536F37BB279DF4B9E6526D2DFE25FDC10FF5F4983D93DD0467139E9BE3ADCBDA3AEF233F77F58ECBBC0F8DFDEFA85C609567F0A3973B40DAB03444CA799EDDA73B7B4060E75C1100AF12934AF108D41101384B7987736AB9AFA9F889502285E3296DB3263DD5307B14008058287C066598CB76726F6ABBC397E65BA91AA69CA34BACD6FE711143055C516DD2C1B30D242300BB78CCE326AD57C4123D0C1BA76ACB2E9F12B0C53742E1FED7D9BDC5C450FE342DD6BEDCFDA11BEED1EFDBF7CC5757661F5BCECB60BB85A3E35F823B0B56DE84A81702051D1EBCCE3A6E65AE25ABFF006777DA1F6D374DD41A2B50818408EA50E2565615109DA38AB5DDB8C25313BCE7F75F82830117C69A9683497790708E6612C1FEF575D66C166B986EA14105720B4CAF67BC1EC74DD65AC102B5BC1B87F77C869A29D38BA0B3B6659A2E0A566F153EC38A2754AC511AD9C92EAE08220C04F00F0D7C1E58B1663D2BF8B255D0F9FF008A82ACD1A7A5E8FC8143DD962A96BEC65FEA1D03A054AEBB7D54A28D5B2993EC3F548D53EB436ACACD80036E597F6F3C77E48E2A9F05FD4DCA1A4A63566D2B210BA21D3779248F66D9C141CDEC80A734C76BA750115B2612CA076EECDBAD4420043EC42AFB1A7601C40B5D7BBA50529309ECF0556405EADBA2374B2BDABE613D0F35F95A5258CF051581868C0DD08918034790D4EC444EFD85D8E1D2C3846C72BE422C7C4B580AE6DB5E46C7C9D16FF8F997738C13C69FC9154EEFE1C7F50D1D56BA3A9FB228FF00C99DF09F53FF003A9A9CCAB87A35D5E9C21DF4A397E1F09596158B5DD860046206CA8E5EDE07E7BC4040CDE925AC42944BD4090B5715857D6661C7DB655B12B6860BE1DA044C99D80779C337E121B06DE369C1800C339664163E924CD1E46D6CE339D3942C53A185B86B14819402A92D1CE57950DD3050F50AC380E025828813C4B172C5ED513C0DFE72EBF96AFC05FE4FB841BE0099903D6FA3A4C4ADE68BC70823E007EF7D020541CC21A95E8AA3A54FB3F3815FC4B926D577BB7EEB29400F7872FE65C10A880166ED42CFCB21C1DA5D70F3DA1B94523639E5E80D4B8113C9066525FAB77A451E470C4033550CABB16AFD8AE6D97B64EEB9890246F0AF1C3F44436842E04A0F7A0BF661C21405813CC5BCD2DC0A297F2FD1FCDE749F78ED6D27EBF48941E31D6BC7454DE23AF0C0896545FCC21BE9A43642768CE3A692EE711C5A48BF3202BDA85F7CC324A0012910E9CCB4F89BD54BE23C96E4B2E5A8C8693D7B5C19BBB5E61CC3C410EA5459654BAF3FA70B2E54F35815A1B3B1C3DF2C534E4055C73776AEB36CE60738511D8804A6466FE5038297F8258826BC7F28D4C8F76DDEE3FD94EBD3C7C284CEF55F812E1EEDF425458819F49E8AC19FC55FEA02DDCFE6634611AA6F8C2525F1DB1C7C5C7D8656162B85341C1D02086D9B1336994E02DD4B3D92321A0A1EC743542576A61E0E18FC65FBBCCF90CB971C92A257F00FA69E0FFB1C420D91529FD4C9A6C178837D0E9903C2560D379FCBD06A187C41A9A9B8F57ADF0EB3FD60F0A83F785598A5E4D637DE5D0756CFB4CE72ACE4391FBC44D2BC878719EF11429BED19429BED1D549B68C6E7B06653F482845574953843750D274344C7DB279C824C79C60DA6FB9492FA57AB2C1E036B1DD612A47285501F78A08E294CC141D33DE5F4ACFBFF00E195D473D07BC1BDC1CE3A8FA3E83BFD39865614310D10A9F84CF6381A41AB8797FE4AC05DC57F301A5753DF12A7D1E1CF34CEF37BB0157E0FC209AB64D1B64EE7E65ADE4554C9F253E9176DD599A50C3C52FBC5140F4D745DBFECAE22B6B2050076C4A94171C39A994EC6BDE0710364C5697423A4E5203758BF6C159837C01FD4C46AA52C48FAC52E9E87F470C5F310B60BC78E8CBF32E62AF0946CFF00E5E97D4C93983706BA2DD037173D00A2693E654D8FFED9B02C5CB7960B8E9623AC704B2F8AEA1496AF68EDA33C409ADBA0705DCA58972AB6EF559949B35010EF47761308D007B3068AD565908DF98B58C691669F884FE10EA9D9B5BDA61AC802FC1B62CA929281ED88B4EE8FD127F72EE76D79FE65203C2EE7E60E555E507FB8C6E032592884986406C6B2EAA3D1F69684ABCB12FA3AF4B6B0F635F69905B47F5285BDDBEF01690C433AE9EFD311E13F32B2C5FE44348EDE831D469847B3A6D39E98AF60C0C9EA82AE94D89716D4A15BB3CF7F316C8975C342E9198871AE1E69BBEECDBE51252891020E2BDAB2E32C872034E5042ACB5DEE62C7BFE0C57D45EEB8940FF648D6474E13B246D9413AA06811B21138BE627060C60DB017BABEF5C4BC68E1E384EF51968072E230A100879CA37C9C56218D76C34E9639B6DA7F108A9C15145F0B95E3B3E226411B2D50A59B34741DE25A5575DE2C0559DA3170C401B98F9F4262256E3963AF552D87A181FECA419659639D2A3DB42C96C818E9F1D0DCB32D24116E17DE1D2BA52F5A92E05C09BF42A7F1FC20CA0A5015416CAF68F7B4AE8E5EDEDBE65867C20308016DD54A889F008686A81F29A61E97E93C038B005D025F060725A3C8E1D97B4C81BEAA4B080017CB9AE225BD74B2D583754DF8B800DD4D1003AD5930C7230F958BACA6C6D83CC6EB85AE768C9B6853BBA87AAE8A835695DE0F92B3E58E263A1B52044BB14C591D7A346CB27B0752E16F33805CC6A94A06F53051CA6D82B4D312DEC937BFA1D743B8FABC4E3231AF82FF00B8018CFA45A3C54C13BE7D220DE75F92FF00B9B952BE9288E251DA3E27B21E129ED10F9EAABDB484103650BBF6767E906950C6DAB7EF2C5594DA80149517AD7D82D57363AE02E0AA0E6D215C0D1D1C039CA1F3023B530DDD5C10D2402CFB873F132AA78C257D8BF11E346B79D817EEA85406DC4EC04177816D1CC0B7D9CA64545068A0EAD61B3D38E2F2BE58E2165FDC45DB4061C46AB1BCC1BEAB2DCB42851AD0C7C3EA3186E91C3110584C40360414E2C978D4594A6A1C359731B4362DC12BD1B22DEE3B8EBD55C653FA986BFF001BFAC393BE7AFBF4666CE55F3FA47ACA2BF917FE4DA243500AE97399B94C7DFA6BA7D9A58738202403B7D9C793BC1564C26EF2AE08C263801436AF14731F4017DE15930E4DD92D710C9BAB2B0561286589A64B60C8B1A4C6EB643513036898382012BB3EF0605807A811D99A7209A86C8A5E4F61C2DFDE088D9663FA71CE79CC20A7552733DD5BF786F8B111DEABF68EFF00E0B0A6EBE9F899DDF8466184BAA19B291CCA804A48585982FE9087292FA805B2D188EFC270D2D2B459C39B1799DA8680879B821E7BC24EBA6A6238C7473388FA6AF56359EC414CEC7C98693B139F4DE13B03DC950342BE12BFA3A64C0C5F47DE54DC1CF4BF43FA697339600AB30FBBFB52A3580DD5DD5E739942194564AAF9A63A46F7B7B33017582BB7140CF020115D40557973286E879746DAD155AF7CC3A9B7C3DB2E4A2F9511DF69DC5C509AF01CE29CC7E72F2A75C0A414782348CD92342D1AB326B11F3FB504A509D9C774788ADCAF2B17902D0467A140AAB452CBC5E2F3751BF77734856AB7AF6967CE14948AAA630C7BF788D6F20345780077DCB5AC7212AB99C5AFD523CB57B161CBCB66A12C3E8F09EDD0DCA89712A398EFD568E807E5B7F1F79CE7F91FF90D75F9EA291F6FACC1B623F19FE939AD540A20E273E97D2FE7291BD12D470DACE7B0BF1F5561ADB5BCBBCED99C5B16A1439C3165E1798EDF3D880D6CAA52A33B2A2AA1646F22F4F88E87488B84A28302B6DE9517005345B725B9A2E60597308CD9031631B1C3E56CCF0002323B34E34CF0AD1A1D034A5567596B3775C5CB82734D72DADC15AC90A31A8CC3F804BAA69875931973883CCD17397CDA603A85C4500D05A656413ACE0371B450CA42D8B935CD6FC901F15B8CD0A68EEF7E26C91EB66461F809F721AF49123AE957D6EA66C607EBC1F8FBCF6A47CFA6BA589CC142AB39ECFDFB4530A6D1E1CFFC86A1CCE3A73D0F469E86E39B8A654522977E31FF00B3381674D6DD871E4957235200DD1DB04BF082046F4BBD5C100E04586CEC790650A0A40195DFCFF046E19B554AA782FEA4C4DC9EA2ABC6A55C838F0AD45DA2AFBC6B18AD7A293ED53E66725ECF6AABCECB97F1A0994F24FDDE4CCA6F6C880B6B1BC3F5634636E6DE1C1CB033BAD49680AD0CB67E9DA621A216CEDB31E350A0AA1CD41C1BC3B4B7852EB158CFD47D6010196B0AF815AFAB0BEE48D3D1475661C7A2D3A8407D4029E1AFEA1B5DCDF5D463D1D4654BB2A78E7FB81D8997B3AFBFE60D90D7F01994CAE870D008DAE96D5EAF456DBDC776D45345B2AF48B346DA732D6A555BB1F15B83B591BBB013B00BBBBA7962DEDD4A0E6077938A2EEAD3B7A948A54A1B0AD41E75153465E3169A9C9DFBEA2D8C0914D03B50363B56E0FE13142C00B3902ED66523984A0865790F844344738EC4553D8A72C51D0366317209F08E2C9BFC0B6029A89863755858C25C76863670670DBDB112A34A06B81BFE889CC37CAD028C85ED6FF0EEF00B98BD777B1B294055F344BD78A008A581756563C20AEC1A23F465A7C1F82683A1E8257A6EE98E8BEEFF00C183CCBE037FDC341AE951975D2FA62F670FB4326E885F769F8FEA10F6D441C4BEBC7A06A1C125F944147210CD2C115202B7F49430F357D397BC03A94F496165F943E63AEC73E2A5EFD97D1ED2F54C9C07708D2B7E9B1FDD90D5B0BDD0E60581BC38C7F67C18874871ACB609E4188955CEF64AE2CE1025716A33C10B5D4D55370899194341E5BF101178859A5361ED1937BB1658E62BE6A9964AA5FB4C83E3A575DCD4BC57A265EF16D15F9DFA7D20534347BF335EADF4044EF05D727CB1D3109FE5387E4FC41D40E60D9D4F43B8C6FBEC9765BD06253C453F980B20B50ACCBCBB85A40857B981E1A139C108A8BA08A82DC96BDE5EFDD7D48DF7AAC5BDA0A2CB06D5825A8DBF449448590174B35DED6B9AF114DEF05F61AC6AC6B500DAB84296367E1AED690F60168B5A16A6B110D0969ED9AAF95C7F7980E1421629487872F9B945C39825A000DF80CEFED0DA2D0A85023B6AB7E2397CA3C056B9CA207DA2175937B79E70094BE2069AB79A0B1BCA8DD43CC2B435CAEFDEFE62214A1313D29F74556764C7A798ED9B75726CCB34BC1006B214F2BF7EF2BC72FA18BE91B54C1442CA8EAF9AE3F5E604B6E920EE6E5FF065EECD5B5B00C6BBBC64EDED283054E3BBD83F11012D7B2F20C3E55E25AA20068A054E7160ED8F11D516B9137ADD14FB66579A0041B18E4A4E3CBDE51B0A1AE0885F6459BC45D88A14B5A37A42BCC50B40CED8A8E6DA7BBDA2B0B30E500BC5F23B101694526CC5C62D6710BB229B84D19AAAF06586C0031703B871F641CC3ABC94A06F0D2B1CCB6BA28325B762A0FC4BF3BC752C77BBBC778CC43BA20135EC087714BB0E0FA71020751C1ADCEE9FF5C7F44E9AEB51D475D40A8197823182EBF75FE7FB3BF4CD7BAE7A3BE952A57A352823A8840BC0216C3BA18F3C1F882C1330F41E84103A0F4548A5E538C379EFA9A3E53099379E637D01BF7B15CD398EE25CCB03F35DCFD23B6022975150ACD81F844302CB50AC1D8C0E3C66218867C25D2DBCB877F662872A7057A3379ABF8658BC7935B2F2B253D92ACE1088152DEC2E78F88079890661DE5A8C694ADC242B87537411CAE69DC2029819796929AC17F49561ABAC235D356A3DDBEF0D77092A458EE23E210E510D29015792BED1A02A554DA5275BCF3C46736A94D97572AF4BAE7DEF11FB4CD666EC8ADB947E3D26A309B8F4CE8BDB4FFC42064C577796531CF7EA625C63E925255638EE43C8456DAF31561B95BDBB3E48372FA5FA97CC72BB80F3780BAE71ED057D158A5EF98EAF269A1B0A81E0734C4C900700B01ABCA151AA7B581B2AC62BE854AEAA259A08D62F74F99482D2543C8D5251C6FB43634281BC23AD9C6B3E615486DDB085D6B63E911238408E4ABC8DF8372F51004A21473D883501C90B4E0D59789AA9EE692C19DED7EEC4DCE09583603B9DE3CF3D91BA50F9CB2AF0C5078D7D2BED29CF0AAB6DE5A9712EC9BDDB1A6028308AA23576637A358EC77FC1EA63627136A2656872C0DAC32F3C8FBB0F0982A1E21D48745EB7D5970E82B0E50BA36938787DA32A4D241A837EB3719246F20FCC39778C3345CB2D4F3FAEC4B059A80996EBB4392987074B75AEF9871CE92A5A94CA64800E410A1F70C4329D2AD03617E1CCAB168A568BBAF6CB0B21496CBBB7CC3041800C2ADEE61EF00BC4F19356E3BE23E46B67C4F783E0EC7EF98817CE6A1709DD970EE7046AE53E60FF00C63935B55EAE1BAD8FF7C84FDC763D3C458C04814B4073358CECF3C08B68AF2338EC4283D075DF5E7A71D0104BB9503F7B13FDDABCBFA9640A308F118C51F31C38B9BE9C75FA908805CB62F37391C42DB9F12F02F2A3281710E5E6AFC2F1E088A5DDE0A2EDFF00B4795C10D40578EC3F497AADC2F776630599F74CD9E43B7FE905B55D2A6AD1B862270586377CA572C6169330E4681E116EB2E77545F8332C24B076555DD6E8E5BE061E3DA0F96B878DBCD724DDB27C66307A96A820FCC12A7A82807100E48C3BDA84100A0A9A00CB2B244038C0FF00658CE7F19D79EAEA3A658028165E1DFDE59C235DB3BB29D6FBBDFD1BEACC73FC156F934C5C8C71DEF244B9D92D1C3FD835877C92F1E60CAF45D1EE70430A30C814806C6C3EB1245C4B9955BDEC5AAADAF30BAA877D166C80104E441213BB467738AE3B22B93480A685EDFF0084A9D16595D1C2DE48550C804B6167BD8E1C90EE589AD51982894818725E664139196C3955106D799A6EF48524048148039358B3343B4EF22EAA8868D535DAAF709D552D5B2D5C5EDB789718702D7BD05F998A7DA2DADDDABF3048B684DEA304234E6D45E37FDCBCDADBC2B6DA78FC211036E086F3EFF88D436B7D9D42EA3B9EF1650D0E791E5F10D05261CFF8463B8FB7895D6A540E9F3351E9BF4B3111A1A99A2CBDD3C9152227283F77F98DA0523489A83D0BF32FA2B8058AD01134CA6C253023AC7DE705C956B0C0A02975E4950172E63A954161599D3C5F11D54020086FC85FB2456E118BBAD866FEE229DCD0935437C2BAF7A9853A4F10A7450D9C76800EA0812B61B57711628D4BD132B906CC721DE0FE26B9AE6E5B530AB1AAC382BCC054F319A088CA6ADCA70FD9138D5892506ED5730C306B362F3C3C4C07AE05376F9577D4CC2A52BF34272B6B05A553BD187CC6D9B407058895D983380342002B95A3E915BF1FD0E85A34EED8B716E5100E4E4F2F895380394DAFF221400E81C7A38F567A5C1E97E9BB2AB8B2F2B0DDF922950E7D9F0F67CC767B415D41E8F7D1FD8FF506976FFDB36850C92CA9B4F7C26C1F023F33F719B066D61BF794663156F9EF3F37121AED736454550C608B5D0F08B125AC97F32F4F6597F7308E7B87E6D82ACDFE998D96CF0916F3A120FD09A0A655E39A447EAB094C01487CDE2889A7175E801C6EA19F9B7F6F4117115194B0055800CC7400C8D07BFF0091C42E3E5FF133082CD1DA057F06BA2FAF5D59C1C269882A1F645267FB0F245D9B680C3FF7C74CCB621D58C84922B4E0E4183E62D0F46E3F981BE018C3702F988E2FFD3117B217C4C8782099E4DC3D98B527CA21D8FAC6724412D0F995D587E654AC0F983899E441E1365467DE0F3C01850E281DBB5422322C7D32CED16A5A1F33C1E58892DCD65F012E1AB8B47965592FF0F6818EB75D37EA657F154328973CEC4025C32A17EE44DBDF367F0FF51233190A4964366DA361568735BC4734964A87C9529E3405DB3DB814A1DE262BFDA1819D0457D781A2DB314886E0E5896988CDE6E1C63BDD57D914EE6DCDE51452184B2127710AA7CC91AE6ACA450141EF306EEA6D6F7CB7552AA877CE150AA4532A5FE5454E906469B952AEBF4AFC620A7461D803055036F6871AF3DCFF00215DA2793BAF2C4B5BB8B478208F2ED6574AE952B1D2A54DCA952A27425752574A952A3695DE39DA30CB58C077B5ED02C54C0E07B3CC6C2870143E39F88976D5C3BC2B28CA46A45BC3B2032ECFDBAA3ED0CC8F4127DEFBC354DDAFFDFF00A23AD37198FA316A50A2F5FBE7D9477E4C1BE887F6235542056ADFEDFEB16AA5EFFEB0201F3247E873F852AFE5AFE1450F7D6FE30E3CC7F6B06C4BE43F727E25C19E0DBE893EB1F835A96675FD1008A1885D38209A2102F468E652357565BF6ED1803B39D7BB0A881E8EA00C18F457A0DFADFE62C4592E427D60F99814EE6F3D988BD912B22CB43BE582CCCC26CC650AD839856935C41BE97D6E5F4B9CF4E7D0C86505CDDAA2E003857A45EEB3C7C27252A270CBAD1DACA9AD33DE3B8F4BC74DCE7F819F1E9D4E7A12E6BD37D0CC9706A5F965600F3011A031F0DC1E680B40BF48F494C694507D52317B3DC89884F996F904213CC81FA464AC28C1BEE831E637B8FD1A9ECCD7C9F38AFBFF005076728515632F93FCE6658FD52B3CDD5FDA5534539955E473023245D3C71B5998CE232519FACA9DC476C3103EB1108B1100E659FDE370C2DE2AE655A806C0B7DBA5CBEB72FA5D74B9CCF997D2E5CDFA35FCAC4044B3CC41EB73FD5052BF086BB9B30F0F1263EC2CA7C2985B9A9E1F52065E3DCBF339F9EEA14229E119CF6C1B93E60660653FEB01C3F30BD7F33721F082BF2C097588F096A75DF5F62507FD24B4A8D715C2F68ADBE17DC4D01EE9359D05EEBC1758944E3D15D4DFF01D1C74AF457A38F43D2BD14BD450A4B1E18A819C25E7D465A2F5E50FA821A9FBDB545BE81CFA2E2383E55F932EB59D8BFE54A7412AC52C7B66BFE6A9FC41407BD42FE84B437DFEDD1435475FD971E3505B4F96D05016824FA12902A73D6BA57A39E8F5E63BE89195FC2F43AFC7AABD3F1FC35EAD4B97FC863A317A99E8648C33398C61D7538EAF3D393AB83A7339E9CC3ABD1E273D7BF51836F52779CCBE830DC372F5D2E5E62CFFD9)
GO
INSERT [dbo].[Product] ([id_product], [name_product], [type_product], [aged_product], [container_product], [price_product], [special_product], [image]) VALUES (11, N'Prubaaaa', 4, 10, 4, 50.0000, 1, 0xFFD8FFE000104A46494600010100000100010000FFFE003B43524541544F523A2067642D6A7065672076312E3020287573696E6720494A47204A50454720763830292C207175616C697479203D2037350AFFDB004300080606070605080707070909080A0C140D0C0B0B0C1912130F141D1A1F1E1D1A1C1C20242E2720222C231C1C2837292C30313434341F27393D38323C2E333432FFDB0043010909090C0B0C180D0D1832211C213232323232323232323232323232323232323232323232323232323232323232323232323232323232323232323232323232FFC20011080365029E03012200021101031101FFC4001B00010002030101000000000000000000000001020304050607FFC400190101010101010100000000000000000000000102030405FFDA000C03010002100310000001F77211210900448224000000000000000000000000000000000000000000000000000000224000000000000000000000000000000000000000000002090000000000002090000000000000000000000082502512000000000000000000000000000000000224000000000000000000224002000412890490980002482400082502482400224112008900000000000008911312000000000000002094000C1C7B3BDA1E534358EF72B56FBC75EF89ACEC64D499776FA168DEAF3B5B53BF93CF0F4B93CC44BEAF378FDFCEBD1DBCE337D25BCD17D33CD7425EA8CEE4002244480000004260900000000824000000000000824806A9B55F39C7D67D4F1390DE2F8ED5B98ADA2CADEB63AA2C124DAB31830ECE9EF36B2B65CAA64E87377F3AB8CE8167734F7337B83977900000000000000000000000000000000000080793F59E4EE78A5BAF2AC8226088B56A2D5B2756256449133126BE1DAD4DE62F0B24593D1E6F471AB498D80DDD3DC97B9313CBB88260000004C094480224000000008900000000000000401E4FD6794B9E34CC75E5113022629015B56C9D4164889989230EC4D6BD76D66AD7764D1DD998944E753024EE69EECBDB989E5E88014F8BD7DAE3E2F6E9CFECCF8AE397EDCF8744D7DCDF11FB562E4981204480000000000000000000000200F2BEABCB6B3C7ADE9D39444C0808898A8BD2E9D442C944933089989AB2262412892660A093BBA3BD9BDC4C72F44C4C187E1FF6CF89EDB7177A3CDAD8B263E5E8A8CD7DC7E1BF6FC36C44811200000000000000000000000803CBFA8F2DACF2297A74E550226A41B06BED761C3B277F2E2F2ABD6B59C58EF5ACF3B1DB57127BB09C476AB5C69EAE4B38EEC575392EA5539BBF6CC75463B01A9F10FB5FC534DA9A66EFCB5E9931E3A52518AFB87C3BECF974C448000000000000000000000000200F2DEA7CBEB3C7A5F1F4E5008898A8DBD4DBCDE9B23C3ECE9E5AE6B9D6C7B88D18DF935ED9348DA71F76B723570A6FE2D8C8694EDC2EBE4BC2464C792B6C77C448687C57ED3F23AC7E830F4FB73C7183170EBC5D3EFE969CCFB3FC8BEBD2749311200000000000000000000004480200F2DEA7CBEB3C7C7929D39541113046D6AED66F5E61E2F5F5F362CB64148BCD66CAC5A92F9CD6EA57734B074356BD5DF1DF0A5671D5E2B117C98336A6F0ED9448D0F977D4BE36BEEE9E27376E7EB747CCE0E7BF51A7C3ACBBBF5AF8D7D9A4E92240000000000000000000000000200F2FEA3CB5CF2297A75E552044C11B5ABB59D75A627C5EAEC65C536793DCE5F7B534FBBE6BD2C798E8713AF5932707A86DD75719BDBFC7C866AF3FAC6AEDF2BD1139B0E64DE1DB2891A7F12FBCFC5AB065D5EB77E7CCC3DAD4E7D39F1B1AD0FB5FC7FEDF94A2600000000000000000000000000803CB7A9F2D73C8A5ABD795626044C11B5ABB59D75878BD5D9CB8735CF83CDEBF4753979BD0CCBE1BA5E960E4717D88F0B3EE2B5A5E73DA54F21E92289C0F57E7FB665CB8B29BC3B6408F907D43E575B1B97B74C73E363533BAEA6CDB375BED3F12FACC9D500000000000000000000000000100796F53E5AE78F5B57AF2A9022608D9D5DACEBAE978BD5D7CD8735CC733A7CA6F35B54DED534625E8E5E56EB3B94D7E4AF7F2F1B5ABBF5E0E43B4E7746F265C596E77931DB20792F23ECF497523D5D7A72F21AFEDB1E7A7849F5F8B1AF21EB79DD14F5F12B00000000000000000000000004003CB7A9F2F73C6ADABD795626044C11B3ABB39D764A78BD5D7CFA79ECCCD6B4679D7B192B1AB66E3595B4D4BD9B16C769694AC0C98E0CB975762CE844BB660C279FD8F3BD8E5D7D24EBE8EB3D7791A635EAF1F95B2EEE8DB895F4E60CFD38850824000000000000000000000100797F51E5AE78F5BD3AF3AC4C22260AEC6BE79AED63CB5F0FABA196B92C88B5613190B70BB9A1D794E0D8C9A9A791B17387A3AFB3CFAEBC5AB8D22446C6B6CE9BF276C39FD0E0637E7FD179FF43F37DFD1C49EFE4D2679F9FDB4F5F7F538F5C7AD9F17A3A767ABE7FD07D6F9A44F6E600000000000000000000000100796F53E5B59E3D6D5E9CAA982226A466C39A5EEE3C94F0FAFA9970E6B15B4457240B79FF41C2EFC2F9ABAFD39E3ECE28CEF075B87DCCEB163BD78F59840D9D7D8D3A03B623CA7ABF1BC3B6B7678BD3F97EFE9E6D3DAE9E64A73316A6E6A79FAEA60CFA8F46F7A7F27EB3EB7CF0F5F9C00000000000000000000000200F2DEA7CB6B3C7ADABD39440456D057361CF2F77166C5E1F5F56FAFB09688826D5B16D2DC6B3823655C8EA645CE96E226B0AE96919462CF5C966EC9DB31E27DB78AE1DF5BA1CCE87C7F7F47734B6F5C324D6DD39E3D4DAD5F3F4D4D1DDD0CFA76FD878FF61F5FC01ECF3000000000000000000000000401E5BD4F96D678F4BD3A7284C111305763041DDA717271EBEA72719AC76238E5EB472D1D4B72A57B36E2CC76E7883B18F97597A8E549D49E5CCBD7CDC4DC3BE355E2FDA78CE3DB9FD0E6747E3FD0E96D6A6D4E59E627AF1C5ABB5A9E7EBA7CFDEE7BD3D0F61E4BD6FD8F9C1EAF3800000000000000000000000401E5BD4F96D678F4BD7A728898222D0444C117A5ACEBE3C95B35706DE3B2C8C860CB8ED59A99B045AD8F2116C3616C163264D2DB363774B779EFD08E5DDE3FD8790E7D78BD2E574FE3FD1EA6D6AED72E59E6B3D3962D3D9D2F377D6E7EEF3BB77EEFA9F2DEA7EC7CC0F4700000000000000112000000000200F2DEA7CB6B3C7ADABD39444C084089822D4BD9D8898B2042624944936AD890B5ADA012044EEE96F4BDF1CBBBC17B5F9673EBBBDCF3BECFCBEA64D9E7716C3C463E1AF67ADE63AD8E9B1ABDEE77AD4F6FF2AFA7FBFC19874E200000000000000000000000100797F51E5F59E356D5E9CE22611598113056F4BD766B6A5C908998913124CC4ACCC49589813130989277B477A5EF571793F3FA9E7372FE4F6E876315B8F5DDC3926E3895F4B8F78E1EEEDE0C75BF1B6B79AE4FADE4EC75E7EC2789D8F6782E89D600000000000000000000000803CBFA8F2F73C6ADABD79444C111302260ADEB63B116AEB31044CC09989599AC960444C09844CC4939B0727977CBCCC3D5F07D3C1B1B93E7E95C7B3ADE9F25F6ADBDD396B6C570A6AEAF5F4A6B16874DCFBF3669D7F37B391DDE573FBF1FA4DFCBFA7F6FCFB0DF3000000000000000000000803CBFA8F2DACF1EB6AF4E511302B3022608B56D5D9ACD6E50448266244C4AD80ACC098989462975F85B3A5E0FA9D4EB5F778F4E6EEB379B5CED4DBC5ECF36D74389B3D796D64D2B97C38265C3B782BCBB53670743C7ECB79DF57CAEFCF8DEDBE7FE83A73F6CADBDFF003C00000000000000000000200F2FEA3CB6B3C7ADABD39C44C2444C089822D5B576226ACC0251248266256480898228AD7CDA3CFA7233EBEFFCFF00ADDCDBE566F1F4E8E2D6BF99934F72F9CF373EC63F6716389EB98A66CBCB7AF1B35F27A2BB3AD4ADAC18A9DAF1B6698FD5CFE85B9C9EB7BBE7075E60000000000000000000401E5BD4F96B9E3D6D5EBCA22608898113044C4D7662619A8131226256502508905693596BCFDBE7F2EFA5BDA5BBF33EA6FE6C1B1E1EF932E3CDCB16C95BF2CCCA73945A0AD6F16E3A64A6AE2C59B174DE2C5970F5D6961CF87DBC7DA76F85DDF67803D1C40000000000000000000803CB7A9F2D73C7ADABD79C44C22102260ADAB6AECD6D5B988988998120412CCC493130531DF14D6B69E6D3E5DB1EEEB65F97F57A5B1ADB3E2EB9B361CBC7392F4B73CDE6B39CD95135455696A6B54C597174DE3C19B075D6AE15BD9CBD877389DBF77CE0EFC800000000000000004480200F2DEA7CB5CF1A2D5EBCE22612226044C15B56D5D9ADAB7304448040989966626B0E6C19D31EA6DE9E75A7AB96BCBB6F75F437FC5EBE8E7C1B4CDE2D7B95322A95CB58A4C46A644222D05C78F2E2CDD7D6D9C18DE961DD8CF4E9F6B8DD9F679489EDCC0000000000000000000803CB7A9F2D73C7ADABD79440444C08982B6ADABB35B56E6208904112A6249B56D5AFB1A7B3731A5BBCDC6F47262CDCBB74BABCAEAF93D3D2DAD4DADF3CB6ADAC9ADAA73F43B5E657AEF315B3D36CF97F512EDDA24AE2CB8A306AECEB73D6B63CD83975EC75F93D6F670893AF30000000000000000000200F2DEA7CB5CF1EB31D79440444C08982B6A5EBB35B52E6044A0226254C0B4D5582357A9AC731970E75CECF87370F4743ADC9EAF8FD3D2DBD4E1F4E7EB2DE5F16A7AEAE979A3D7F174E0CF0E59D2EBC70E5F553E5B76BB58BC87423ADAFE67D2F3D61D7CFAFC7B773ABCBEA7B7CD1274C0000000000000000000100796F53E5AE78D131D7954111302260A5AB6AECD6F4B981098109A9284B698930576A9ACC6963A4BA79B1E4E1E8DEEBF23ADE3F574385DEF35D79777918F6753D0791ED681B1C9ECF623CD68F4746BD6F076625E4F6F57BF678AF5DE6FD0E6F9FEE79DF438D61D6D9D5F3F6F43D2E7747DFE5893790000000000000000000200F2BEABCADCF1EB31D79444C08044D48B52D5DAA5E9730444815B544C25B22499C77B31EBED6A637CCBD6DCFAEE76391D7F1FABA36AEDEF9E0D5EADF538D7EC56B8F4ECA39DABDB1C69EBA38B9BAB6AE1EEEE62979CD8D6E770E9EE6971EFE9F7F4B77DFE48989DE408900000000000000000200F2BEABCA5CF1E263AF28898201113056D5B5766B6ADCC44C448108508998164494D0DFD5979D272EDB7D8E3763C7EAE95A9B9BE7CA76ADADF071FA4AAF9ACDDE8979B8BB1567871DDAAF22DD6B1E6E9E970AEAE2D8D7E78C1A3BDA1CBB7ADDCD5DAF7F8E24D40000000000000000000200F29EAFCA5CF1E11D7941001113056D59AEDD2D5B98898890444C044CA989266B25753360974AB7C7CBB6DF5795D3F1FAF7B7B43737CF62F8EFACE59A5D38F9B9BD5EDC1A583359D0D1E8F273BEDDB066E5D70E3B639AC3AB9F06355D1DCD3E5D7D9EC60CFEFF0020580000000000000000000401E53D5F94B9E344C75E511220815B54ADE97AED52F4B98898890444C113132855A97C49AD4D8A4BA38EF4E3DB6BAFC6EA78FD9D2DDE6EF6B9ECE4D7C9BCE788B1C5D9E567EFE6DCAF23D3CD736D8F9373EB2D8AFC3D38F0DF0CB8B57360C6B1E8F439DCFAFBAC94BFBBC6140000000000000000000401E53D5F94B9E344C75E504089815982B6ADABB55B56E608890444C10166279D73D3C58B6CE73730E75CFC597171EDB1D4E5F6BC7ECDBDCC3B9AE4C939352B3759E7B6BACDF3E362EF1797A3E8A0D6CF36C6F570EE629AD1D7DFD6E7AD4E6763918EBEFE4F778C280000000000000000000803CA7ABF29ACF1A0E9CA226044C1159AD2D4B9D982E6000456D58224486B4ECCD98698E31BD3C39B0F2EBB1D4E1ED78FDDE877B8DD1CE77B2E9EC5C66B60BD97A4C18A6D19B7B61B55E2B8CB6162963572EA4DB9F935DAFA211EFF0014800000000000000000000803CA7ABF27ACF1A26BD394C02B23353BB5F377F3F3E871D9863B19B59E0BBE97853D8A9C98EB4472A7AB0BCCC3DEE0F5E53133D31CF8D9C12EA61CB838F6C64F9BD9BBBBA1BFDBCFB59F0EC66DED17CC998A968A846B6E563AE6A2EBE1DAD6AD7D6CFA3A9877347A1C3D5F451EAF18000000000000000000044900793F59E4F59E2C4C74E489811307A460D4F0FB3A13CAD93BF979D64DE6BF2CEE38D8D3BB5D1D15EDB9F6373CF7A0F3FE8E13318FBF1B61CBAD9DE860CDADCFA4E2CB87CFEADEE8686EFB7C1B9B1A99EB3E4D5936E31DCB6B26CCB35D45DEA6BE68AEAE7C0BA7AB9B599A7479BD4F07D1FA04C4FA3CC00044800044800000000000100793F59E4F59E2C4C74E48056D07A1AABE1F644E3C91D3B62CB62148CE8C466A454C93824CDC0EFF009FF4F09D7D89F471E65B6F066F3F536F4F975C98B261E1EBD8DCD6DFF67833E664B32457716AC90BA9B524A4A571D33634C1ABB788D1D5E8EAC68F6395D7F17BFDEA1DFCF200000000000000000000200F27EB3C9EB3C5898E9C9130226A77EB6787D958BDA37B2E4CC9A99EE0D6C366FE3D1C76741A70BB7E7FD079FEFC66D5B77E3A3382A6AF3F6F0F2ED93165A79FD7B3B7837BD5E2BE4C96D671ED46C946789AC337B1464831E09C5ACB5F260316B67D68C1DAE2F73C5EFF00703BF9D312000000000000000000010981E4BD6F93D678B131D39426056D53D24523C1EC9A48ECE7D2CA99DAF48D8A6A456E46A58CD6C233F9EEF707D3C26D5B77E3A76C5597539FD1D4E5DAB8B2D3CFEBC9BD837BD5E3B6C467D6676F066322B097526DC119C9829B343530EEEBCBA7ABBDAD9BA9DFF3FE8BCBECF663BF9D31200000000000000000000209F23EB7C96B3C6898E9CA008982F975A25DFD8E35F3AF576E493A95E613A51CE56FE3D4AA6DC6A0D9C113A936ADACC118B04D62D3DDD1E3DA29931F93DFB9D2D0E9F87D397670E7F2EB264A65E7CED689DE18F22B045A73BC38F6313583167C5AE9A9A9B9A1E9CEBFA4F37E9FDDE4F5A3D9E14C48000000000000000000209809F25EB7C8EB3C6898E9CA0089815B415B56D5D74C5CC08015B5480B3304B5AB262D4C1D05D0E7F479DC3D17C7975BC7EEE8EFF2FA3E2F4EFE7D4D8F26B3DF0E5C6335B1DF789850AC22698D8DAA61C9875D306A6E6A7A33CEF5DE4BD6FBFC9EB07B3C29890000000000000000402225152CA4193C97A8F29ACF26263AF2104C00822626CEC44C59113112056D5204AD6DAE7EF1D2B73FA12EAE0DDD0CEB06A6DE1E3E8C3872E3F1FBF73A1A3BFE2F46D67D7D8F26B265C3979E735F1DF7CE696C6B159A3518ED4BAC78B2E2D6F06AED6B769CEF4DE6BADEEF27D047BBC09890000000000000020088555115A17AE2C4B9FCC76FCFEB1A03AF284C0022608B44D762B3173113112044C15128573F6F36AEB1B7AFAF5CEF0EAF4353CFE9D6AC5FC5EFDFDDD4DAF17A36B2C6F7160CB931EB963D6D9D7C6E716A69F4BD671F6753A97E465C5DFC55B677875F3E0E8E7E7C76F670FA84E0CFF43E605000000000000010915ADE231D32D0C38B3E25D7D7D8D630F1BAFC9B9D460B76E5955259026102D4BD75E262E6225002260A85904CC498A2F4C6F4B536B9FC3D1AF9B9FB3E6F5F5FA9A3BBF3FD3D2CF87677C2B5B4FA39EBF33739DE7EFA5AFD3C1AE9C874B9BDFCF7DFD2DA8DCBEBDB875D9D0D9C537CDBE0C5EDF3FD4BA1C3EE7ABC444EB20000000000000010222B7A98E99A860C1B945E7E8F6F48E46A76AB679CD7F538ECF2D6F43A573CF9B6B6A66C9A59F58EEA27584442DA71D0CD1AF8E5DA69DA5DA9D7B19A71DA58C59631BE64EF57976E360EDEBF9BD1A7B58EF8DF476B959337A54D424EA6D565D6C5B8B7937E95378D4BE6AD456F8A5AE1B63D62DBDA5D493D6F638FD4F579F2A277900000000000000001122B16452B9062D3E86AD6946759AF5DA835236E25D4A6EC1CCD2EF8F3F7F4136706FDB938F97A726865DA935ED9E4C139A4C33965313317579DDBD5CDF29A1EC71E77E3A9ECD9BE2DED217C5C7B483C547B583C4BDB0F0F1EE567857BA93C2BDDCD9E1F27B51E4BA9DAB99BB1A5D1B949A8000000000000000000022606AEDEB1AF3336556145C635C6364113794A2E5A2E4A4DA569362556159981349ABEB6DE1CEB4A725B97532658C76C96B9C11B0AD4C7BB8F3756BB756B4E76B15CE3B5EF6639CC97133639AC18F3D6CDCDBC39BA738989B0000000000000000000044C13AFB1AE6194D909109109109169490910910900820885E913589ADCBAB32E3DAD68B45E6964B41631E4ACB829B14B75ED96C98B25A4ACDE25AD6F53157256B7EF13D39050000000000000000000003067C0634AC8496122122122652904909109109115BC2245845885AA615EBCFA4DA2D9A94C09222E4A2E5A2C2224445A2AB5BC2E24DF59DB896F00000000000000000000000462CD88C6910910910910912959090488488488585561499AA5A2D0B8EB78E7B8B44CA99094C020109158B16A95562D0B8EF5C9739C6F2000000000000000000000031850504000016910000000048564B2609690677324B2249048A40000405880ADCB330D640000000000FFC40035100001030202090402020202020300000001000203041112130510203031323334501421224123401542243536430625446090FFDA0008010100010502FF00F19EEAE3FF00A8C959146A5D24E2B35EF931158DCB35EB3E45EA245EAA446B240857B97AF285785EB98BD646BD5C4B3D8B358B31AB1B55C79D7CCC8D4BA48052D54B2A26FA99CFB521B05897D5F57B21C15D5CAC456372A690977972E0D12D746C52D7C8F45C5DB2CE6DA957DEC7DED5375BCACB511C2A5D2453E77C876DBCDB4FE5FAFBFAFBFAB206EDD9A5EB795D23DCEE5BCDB52F0FBFAD76DBA5EB795D23DD6E5BCDB4FE5D76D5EE81B8D9A5EB795D23DD6E5BCDB445D657B659BE51B6072CB72C2E4D166ECD2F5B71757F19A43BADCB79BF4E97ADB0E366BEA659A40E589662CD2B34ACC2A2A99619187133C3E90EE772DE6FD3A5EB6C4BED08411DA83B7F0FA43B9DCB79BF4E97ADB153ED4A134046C8ECD3769E1F48773B9643212DA6791E95EBD348BD3CAB22459522C0E563BCA5EB6C54DBD3268710439612ADAFEE9F0FA6F0FA43BADB85A1D2001AB106A8E58F0663166C6B1B55C6A7CAE6B84A5662C6C57897E05FE3210C2E1E9E35E998BD2B57A50BD2A86131CBB15BD9268458116ECE8EFF005DE1EBFBADBA6EA905060BC6DB330A31357A78CAF4B12F4B1A6C618DB05656565658014731871CCB325598F588AC4986EED8ADEC53168E7FF945C26A57584D506F36AD1DFEBBC3D7F73B74FD5438C7CBB254D31893348B5EA2A964B2B2AA391E2BE98ECFB2B05EC99CFB15BD8C70070868715752D2B1F5196F104AF963AE9A9B19F4C2C6216D1FFEBBC3D7F73B74FD5438C7CBB275689F76D3CB2334868F7E3ABD1D3814DAEEAEAFAA3E7D8ADECA36072822737498CF6BA599B5549340E7D78761D277C52BC1C3A3FF00D7F87AFEE76E9FAA87347C9AB10D9A0A6929952D3CB156D2D3CB155D0FA9A48351D98F9F62B3B2133F03514763110283FD7F87AFEE76E9FAA87347C8B1BB49575468B8F2B4938B29A0E8439F355C9EA20A3D1D54E9DB0CB2BC50544952CABAA9209A7AB920A9AAA834EC9EB4C337AD28E916B4C354D9A451F3EC550BD226A28ECD0FB50787AFEE76E9FAA87347C9274F409BBEBABFD12D30F3E8A0EDE9F39DA4A7CD1A2E6BD0CF46F0F6E8638A9F499FF2B4BB7F0993D4D457BC3348C3511D4BF48F716F751F3ECD7B0334800A0A2CF1FC714CA50F12C796552B43EAFC457F73B74FD5439A3E454FFF00ABD29A79EC745A4E096AA923A8AB020CEA6D21512BEA346C94E2AF46E8A063A2D13590D2D3E919DB2CF5F166D0E820E79D20EC3A604B13A5D2A6D55AA3E7D9A88F3AADB48DC0D83E328C0D102742D738C01359933711E1F48773B74FD5438C7C8A48A399ACD1D48C76A3B160B2D87532264425A582674549040FAFA39AA67C273147CFB15D2E451418DEA9E9DCF924A7735D3C0EF518666BDED91AD73646A90B82D1D367E8FF000F5FDCEDD3F550E31F26A6D5DE2F5213EA991A7D4B1ABD4C784D4C6D4658C06BDAE6B668DC04AC23136D7D98F9F634ECA0410C5026D2D381934A9D152DC881A864A11D2152434806819064787AFEE76E9FAA8718F9350A4C34AE8257A303DEBD3CB187452629A39243231B9316334F81E20F83A0710E530065F7CEA41F8B547CFB1A4E08E695946D6C9E905BD105E851D1C0A7E8D011D1E409A95D874542C8A6F0F5FDCEDD3F590E31B861B8D93B7F442B04D8D8DD71F3EC3FF254C02F26C39594CDF8D23F04BE1EBFB9DBA7EB2FED1E0C185AB07B61585C835D7FEDEA066E7370199A17A88F1E7469AE0E08BCAC4B12C6B18511BC9AE57608A79A76C9472484B9F841AAB27696C2EFE5D7F2EBF947159F2489A2A31C4FCC8BC357F73B74FD622E2C31332CB2F1A018AD18585B66818BECE3F5F53119194F317C8CFF0068F16ADA6EB7BD8E62F92F92BB95CDE2E7D754EB46DF93E9822AC1606DF2DA8B1A88415BF2503AF0786AFEE76E0EB2E0633F10E05620AEC57626E15FDB2DADA973708606BE40D02B1D1973E36FC9612AC558AF92F95A2BE3D7A41F66C4A044AFAD451D5FF6501B4BE1ABFB9DB83AC8125D1E3C177ABB9622B19438FDBDA1BA5269326BE218E7ADA66451190B20D1CE2F87EACD2ACD4405658545CFAF48BBE71A88ABAFAD4539144FBD29B54F86D21DCEDC1D65EF78C3B059EACF5F3BFC90C77FED2FFB5EBD5C31FA7D20EC333DE5C5DA30FE2FA25ABE2BE257C57C5456CCD75E7F33130A050D6539393953F57C3690EE76E0EB7D06A8DBF8F2D612B09585C8072FB34B1991D0B5CE1000BF8D8939B8994F4DE9C225CAF65757D511FC9AEBFB862626A1ACA29C9EA9BA9E1B48773B7075B823200A29D863CD6ACD6ACD62CC6ACC0B12BABEABABABAB8570AE15F5B3A9AF48770D4C4D43594E4E4F54BD4F0DA43B9DB83ACE7C7713457654461BEA6359F0ACCA72BFC52B0D22CBA44194CAD02B44AD1AC2C4636ACA59456539653D08DEB09517575E93EE18989A821A8A727291517BCBE1B48773B96737D6FAEAE5622B139523899F5E95EBB13135043514E4E52F0D1DEF3F86D21DCEE5BCFF004FB86090A6CEE2C6BCDE379728E7C6592E211B8B9671C2E9B0B4CB84E6FB63F8899AE19ADB668003C172A3EE35E97EB31313504353939394BC34675BC3690EE772CE7FA70C4D1100B20584364C616A14F61925A98DC2B25C9F139CD7C5893A273DAE8C98323E2D8DC0189E5AD67E5547DC6BD31D462626A086A714E4E52F0D187F3786D21DCEE59CFF005FA549DC6BD2D262A98FDD43192836CB15966846508BC22E47DD48DF8E8D96D53E1ABFB9DCB39FEBF4A93B8D534A218AA5F8A680FCA99E035C41537B31D59203EB6542AA42A22E728A0BAAEC0C6D3485B244F1247E16BFB9DCB39FEBF4A93AE9CE0D153579D2CB4F89D1B0B5325C2B3DC9F3B9C0D3625E980423604D7E146AE4C2F6492BA3A670546F742DE3E16BFB9DCB39FEBF4A97AF24AD89B535866370810ADECD8C94C8C103DC863D38CA15EE9D0B4A25F039AF6B9A26013666150CF8535C1C3C1D7F73B9673FD7E9473085D5150E95C5F751C2E7A8E3F70DBA2E25DCC6306D4F2594A46370BC61BF20DF8C91181CD18DEF8DD1A6485A69EAFDDAE0E1E0ABFB9DCB39FEBF44FB09A544DCC5006B5AEF80660A77DACE0C2DA78CB116618E163254E81CD646C6CAA48DC488DD89ED26317C2F7D8CF4F60D72A3A9B106E3C0D7F73B9673FD7E8CF25839D73470E37D40F79061A5987C64F75EE053D4B63474844E0ED20CB39F216C85B14955282E6B6E3D9A21E61F2A5A71899511E5BE27D8D1CD8DBE06BFB9DCB39FEBF40952BEEE68B9A36E11247732C25F0819B48787B356536C61F8C790C32560786FB1C0DB9F9172C272D913990C4DC2AB1B89703472E13C4780AFEE772CE7FAFD094D98EE10B7DE375866ACEB26C85AE70C48B3E58535CF627485C330DBE4F40611EEB0A6FB132DD66279C4256D9D4CEF7A676287C057F73B9673FD7E8541F8BB8428157D615AE8B161B23182B00582EB0AB2B6BBABA9941CF427E3E0348773B96753EB7A75CE9FC63E0D4104366DB451D454DC21E7A1E7F01A43B9DCB39FEB7EE2A44FE31A6A0821BB28A28A97843CF43D5F01A43B9DCB39FEB787514E29C9FC589A821BC28A28A93853F5287A9E0348773B9673FD6F0EA72721EE6FF160F76A086F0A28A2A46AA7E7A0E6F01A43B9DCB3A9F5BB67B487512538A8D321639B1C31D9B0476F4F115911D853C6B298B2E2B96C4BF0B5638563855E344465608ED96C4618D18634E8588C2C525331C9B4C23541E0748773B96753EB77FF00C83A9C549CACE567B46C7B935E5071588AB9572ACB0AC01653564B1600B0AC2B11588A2F28BD19117A7F25072F80D21DCEE59D4FADDBBB83AA4E33701C23E9C69A86C15355B2078D2D4E5ADAD89D55256C5154CBA42186682A19503594514404FE4D1FD3F01A43B9DCB3A9F5BB98E1931070533BDE6E2A2E9C69A86CBB974276EE748CD3F2BE47E9BA9739BA7A9DEF7B46B28A28A7F268FE9780D21DCEE59D4FADDBFAEF616968CD4630D5273950F4E34D4365DCBA36924A46368E61A5EA28A59749CF4950ED23067AFBD4514515270A0E8780D21DCEE59D4FADD1E064BCA548C58C94FEA95074D89AB366AEAB6D3544158F9A61A6EB096D1D10AAAC86B0D45368ED135A6614D24874A52D4543F4C55170A4D1D24F534BA26AA59A48E4925D294D2D6D4CF955E443257546A2A4E141DB780D21DCEE59D4FADDC9107A0F2D5C47D3FAA7841C8C43D9BA0FA66BC36B65FF0090D6F65A3A2AA7D36916BDBA2748C0EA39B464C2A348D1FF00C82ABB4D09DB977A1D35A28628A8DB506B201288346F58A2A4543DAF80D21DCEE59D4FADE3DA1C0E388B4925FD53C20E4626AA078A2AD7BDA7FF0020A8A7ABFE4DDEBA6652475F471D4C75551A39D109A9B45D0CD4954DA7AD874963AD99BA2609A06695A392754D164D2D3B2B29AA69DF2BE3A17863AF70549C687B4F01A43BADCC7D4FADDDFDCA29DC1FCE7853F06262929E29C434B0409F2CE1C26A8C79CF72925A86D436A25BFE51009A529AF99C44D3619A7A98D67545D93CCE31973A36C11444A2A4E7A2ED3C0690EE7731F53EB765B74753F8C9CC7853F062621BB1ACA28A2A4E7A4ED3C0690EE7731F53EB7851E0F24BA447853A62629FB6CB63144FC05A1E1372C83EEA56832323069E96C24A904CCFB674981934787D542C2E4E399136D965152F5697B4F01A43BADCC7D4FADE1D4FE32703C29D31310D56D4404402AC35580D5842C22F845EC1102C51454BD5A6EDBC0690EEB731F53EB78754A9EBFAD3F1694C0104DD4D5F51CB23AA2596482998F2F15324D4F05A409B3CBE8C3B146E5EE8DD1446A97AD076FE0348775B96753EB7853EE8B6C9CBFA53F1164CB2165F10BE299A98237D63A76398EA76B26D29EF039EDC860FF159D17D91C0BE28E144B558297AD0F47C0691EEB72CEA6F643666091662771FEB4FCCD4DC68625F35F242EB80F56FF5B34E4543A57C35133EA5C68AA8D40ACA914EDFEAEBA38D7CECEC6887AF9DE5EB47D3F01A43BADCC7D4DECA40646FC6D90020AFA83A800BB3021810B04004DB6A7FFBAAC609EA04B2D3D548F11B29E3F4B157DAD7058FB23857C510D47021C25EB3797C0690EE772CEA7D6E810754ADC6CC9B2C7893B541D66E2BB2F604A1EE8129BA9D0CC6BDD0BDB55340FAB927158E9A9D93B956D33E6518B46ED44A28DD0BDE4EB8E1E0348F75B96753EB74F63A3314A1EBE93C04E4543D56A621BD28A28EA7771E0748F73B9673FD6EDD002B30B7539391E10F5834DD8D720D2B09584AB15856128B5EB0CCB0CCB0B9615856128828828829CD720D7623EF53E0748F75B9673FD6F0FB82C2C41D89AE479730C6F6563AF1D60BB6AA3285546B3E35EA18B3E34276146662CF0BD4357A86A150C28D4477F52C46A6346A6346A6346A989D5AD0217664DE0748F75B59122314816129BCC386BB1584AC0E596F596F594F462781A9D7C2262AE331EBE9E9A131350435DD5D5D5F6484514549C28F9FC0E91EEB68921622B1145E028E46E5E30B1AC6E4659166CCB3665992AC722C52AF9656B730396586A7EA7A628DD72D28140AB8570BDB59F611B8BDFECAE15D5D170523ACD32FB3CDC51753C0E91EEB71608017637E160B085842C21582B0D87F26C393F53D5ECD8859AD410DA97DD34611ACA29FEEE7733F9687ABE0748F75B4EBA9389710617132D3CB7766B9B0449D2BD91445D22189AC3D3746C4DC6D883A44EE4D4640D7279F93F53D0F720D830DC5ECB10B36404CAE2131B85A7D846F2E4CF72544CBA070BEF70E28A0753F868FEB781D23DD6D5C005AD72CA626461AF8626B5361B26C2D62C88EC2260764B2CE8D85B81805C058827726A963C604A583DDC9FA9DC1A9BF357F6E0C203231F169614094E189A2376102C1EDC438358DC2DC24273422F684E7A2E7226E347F5BC0E91EEB68B710C1EE63285C3DA1E5831E20C72CB765BD97594EB1896036C0496C764EE4D6E17574FD4EE164CB5C009A9D6C31BAFB57575EE88458DD4E453F868EEBF81D23DD6D104AF9AC4EB091365FC6E7B9A9D29BB4DC6D3B935C6EF93C2795CC4F2841B74D0F081726B892EBDDAF711F35F2565846C624E7845C8B91727F2E8DEBF81D23DD6D39D8417D8E3F7C6DBC7EECD7338B58E91D819338B9CF7E6661CD121C6EE4D65A73DD23C27DDC023CAD1EEC4D0805172BF95ACB370AB6BB2B596228928DD1BA3891C49FCBA37AFE0748F75B5F5605615957510B375B9A1E32996113012C69381AB0B53B935B88C6E4F47D8FF4FA05071C0D790D26E22E1B26601D9C84B759B7766128BCA739C89727F2E8CEBF81D25DD6D5AE3E4AE5668698E5063CC5988CB65EA17A872CE916390AF9AFC8BDF2F5E48281702FD5FF00584C4D40040042C366FAAFAAE8A28A29E568BEBF81D25DD6D07B82F512042ADC9952C2E6D446D6FAA6AF5617AB5EACAF54E5EA9CBD4BD7A8917A891199E46B27092A44EE1FD309C5134B9460B93558DEC86C1B6C14538108A7231B8BF460FCFE0749775B9673FD6F676DC5B007A7F2BBD9A1446CA309A50BDD37609D5F5F4EE0EE2E3773C583F88C4F7E8CEB781D25DD6E59CFF5BDBB5C9D1FBBD3F8BF94101D13800C3ECD22EBD90D8FB5C15EC9C5391E2783AC8F1D17D5F03A4BBADCB39FEB79F4DBB257F0917195DCBF71A6A086A1B928A29C9DC746753C0E91EEF72DE7DD1E0C9AE7549187AC32299D853059397DC69A9A86A1B928A29C9CB461FCBFBF7575A43BADCB39FEB75346A196FA88BABBA22FC2ED4E414682086ECA28A727AD1CFB547EF5D5D5D57F73B96F3FD6EE48B0A864C414BECD91815C84FE2D4C410D402B59172CC7DF1BD67BD7A95EA4212B1DB05393D52BB0CBFB97575891722F5566F3EE5BCFF5BC74564272139F9A9E8A726A6A6A6B094D8EDA8856B279B27CE5ABD43109E359CC6AC50B9005A849745129C53D416C713B143FB85128944AA8EAEE5BCFF5BD2D0E58400F451E2C4C05C8332C317156B2B2705339589461C48C45A50E2C242E287B176121C53D539B3E88DE97F6C844221108AA8638B8BB0A0F055F6DBCDF5BE29EA43ED8BDD8533F1B44F711DB5001A3DACEF8B9C70A74989B8D4D30734A0813AB120E09D80096CA23F3D1A7F1FEE908B51627B1604EA66391A5B231CCD5985A848D2AFADBCDF5BE29E5300731F00421B26B4B536E98F2B31C8C8E598E4F32A73242B03D39B2DB2262453BD649BE0F7C36564422D584285A2F43ECCFDEB2B2907BE1585605968C29F46D72751908C73316610A391A5DF4AEB1058DAB358BD446BD446B3C2CD2B14A55AA0ACBAA5915457A5A85E8E55E842C864289639162C2AF641CB1ACC58D625895D5D5CEBF658822F6A328598815016DE070C23F7ACACA41EF656585615856158560051A7614EA06390A1705E80AFE3D8BF8F857A1810A48421046165B5615656565656565645A14B0872928AE7D148D5E9EA1AB2AA42C352BF3DAF3AC532C532C52AC532BCCBF3AFCEB0D42CBA859350BD2D42F4739428654DD1E545481AA9DB643C049C559595959595959615656565656565656565656565656565656564E442C2B2D652C9592B21642C8590B21642C8590B2564AC9594B296058100A11EFE024E3B765656565656DFBC7BD900B08585062C0B02CB4588B55961584AB2B2C2B0AC2B0AC2110ACA21E05FC7F62CB86A76B1EDBA36B6CDB514147C3C03FF606C1E1B93AAFB16D93A99CBE01FC7F6CF0DD61560AC17B6AB6C9410E1E01DC7C2DB559595B70DE3E05DE49BE09DE49BC7C09F24DF047C90E3FA1FFC4002E1100020101070401030403010000000000000102110310121320314021303251140433412252617142506070FFDA0008010301013F01FF00CCEA398DB7754AB31B33199AC568CC66314EBCC721C9EB77C6F8EFCB96DD977C6F8EFCB96DDAA14297C77D198627E8AF165B77E3BE8FC91E34B6D1BF41597B3291928C9324C9664B32A465C8CB911834F43A262E34B6D11DFB352A3D0D3C55171A5B6886FDF72EA26578B2DB4477EFB5D45C696DA23BEAA765AEA2E34B6D11DEF8E1FC94818626188A08CB465125474D3490B8D2DB4477D3548AA312D6E0C516CCA665B303E24B6D11DF4DA2AD0A7EAAA12E8FFB22A8AF7759AAC916DE22542A46EB6549BE1CB6D11DF4DB6CBFB3AE2AFE2A24A2DB458FDB57BBBE9FCC9AAA1ABA023EA7CF872DB42DF4B8A7B98511B38C7612495169FA7F3192BA023EABCF872DB42DC76CCCD666B33999CCCE66719C6719A6656EB0F3BA5740FC1F53E7C396DDDEB7477BAC7CEE95D047E0FA9FB8F872DB4BED477BACFA751DAFE9E84655DCAD991947F04AD96C5B3C4F170E5B77E3B9083911B254A0A114BA8ED6CD6C8CC8FED236B66F7E83B3832562A9425071E14B6EFD8D9E2645242DE85A4F132B7D85A60953F04BA4A84E2A48B48617C196DDEA1650C31A09FEB3175A9386190D14285943148B47FAAA56B264E18935C196DDEB2559114604604349F463B0F4CC990AC3D91A47A2289984DA45AAA4DAE04B6EF58F991DEE7A95CFC8B7FB8F812DBBD63E62B9EA577F916FF71F025B7715D63E686DD77314BD98A5ECC4FD989952A627ECC52F6294FD9094B122DBCDF025B7716F758F992DFB28B3F245AF9BE04B6EE2EA47F92C7CC9EFD945979A2D3CDF025B7729E852EA597913DC7AD08B2F344FC9F025B77ACFC89F9765165E64BC9F025B77ACFC89EE6CCCC334CD31EE2B431999759790F7E04B6EF43C89EFA22DD1F51B78192AFE057D9790F7E04B6EEC7F821B93DF462951FF00645E24C72946CFF9D167BF065B76DBA0A8C4BD11DC9EE3BF2D0ECD31D9A6A9A2CF7E0CB6EE53D098869B6384BD0E12F46097A30CBD1825E8C12F46097A32E5E85097A229AE0CB6D1948C93259926499264A271C3724C45AC9C63547C8B4FDC7C9B4F67C9B4F67C89FB3E44FD8BEA6D3D9F26D3D9F2AD7F71F26D3F7165272B3ABE0CB6EDDADE8B7F0BEB76FA6C7ED7065B76ED4A544AEB6F01E8A534D8FD9E0CB6EC54C454B5B93116BE03894651D4A1429A2CBECF065B68452FA14285ADC845A2AC07097A30B297D1985982465CFD104D5975E0CB6D1566648CD91992332463918995ADC9888EC4463D08449969E2F832DBBB1EA2224463D141122D7C5F065B76E5513ADD1111B9DCAF432D1747C19EDDCA51D50A4417510894923109C4C713126544D31925C192E853B88B3DC84BA8C948A908D7730469D492484E8292BA72A327E5C2A230230328F4519859859818A2C87462148E87431231A3A5F2922A893ABE72BAACC4CC4CC4CAB2ACABD0F9D1DF4AD6F9CBFD8574BFF9DFFFC4003011000201020405030402020301000000000001020311101221311320303240144152043351614271222350607081FFDA0008010201013F01FF00CCEC28096162C850470D1C343A664320E3E62899573AC658CB6F2E3BF45632C65B7971DFA372E5C6F196D8A57385FB322FC9946ADE2477EBCB6C607B0F097891DF91BB2B8EBFE0E3B38ECE39EA3F47A8471E271A27162712239A6B1889683583F123BF24FB5F36B8D8B11DF14EC6659492D4CC86FC48EFC93ED7D38EF8DAE469E83A76D8702DE2477E49F6BC5EF63D8658B6A5B18EF8C44EC872C1F891DF927DAF1BFB971B2E5F5B89E98323BF2263F1A3BF24FB5F4E3BE373321D8FFEF8B1DF927DBCB66F632B32BE48EF8E643958E2A33A332F123BF24B6E5A6ED72FFE36637AAFE89BBBC63BE151DA251EF2A4AEC698EE852BC4A12CD4D3F0E3BF24B6E5A3BBFE8D32DBDEC36E49291597FB1E31DF0AEFFC08CACC52B962A1067D1BFF005F871DF925B61A1A60A4D6C66639CA5BB1B6DDDE2B7C3EA3B096E45E150A7B9F45D8FF00BF0E3BF23D50A82383138113808E023808E02380700E01C2B6B856EC27B911150A5B9F48BFD7E1C77E7D0D0D0D0D0D0D0D096D855ED2A88BE84DDD9496A7D37DB5E1C77EBCB6C27AE83FA64DEA54FA46BB4F495BF27A492DCA5F4CD6ACA6B2AB7871DFAF2D894AC4AB35B1C59CB6153A9EECCB2F90E135EE712A44857BEE295FC28EFD7A92B224DC89DAC538655C938DD092B14E4E2EC4657F063BF5EA4AECA89F0F41C7FC6C52A99E372F85CAB3CB113CD1691FC13667CB697831DFAD3D893F7275E5EC4AA49FB90AB283BA23F5ABF923D5D325F5BF144AAB93BB23392D88D47EE3D69B28CB3534FC08EFD6A9DA4FB490C7C884217DB67D2FDA5E0477EB54ED27B1218F910889B5367D37DA5E0477EA3C2A7633432C7F06483FE270E0FF0089C38EF6465329922BD8CB0F88E31FC12B6567D3FDA8F811DFA8F0A9DA2172587831953B5943EDAF023BF51E832A7688458B1EC6B8586892B153B594BEDAF023BF52E35A153B444447B17B61EC3D8993DCA9D8CA7D8BC08EFD69EC2173B1953B590ED5E0477EB4B61745953B48EDE0477EB4B6172496A24B32238B27B0B6F023BF5592D842C72ABAFE892CAD0A3173D36E497831DFA691B0D8F9788C552C2A8D3BE0C63F063BF52E343C3347F22A90F91C487C8E2437CC71A9FC855A9BFE47121F23890F91997E45E0C77E4E3BFC1EA0F508F51FA3D47E8F51FA38FF00A29CF360EC320939599E9A9BDE27A2A3F13D0D0F89E8687C4F4343E27A0A1F13D0D0F89E8E8FC4F4B4D7F1271519D97831DFA16C68ED8B2977F4AAFDDF063BF4E86D837853EF1746A7DDF063BF42C6532943068653EF331745D199199175C953EEF831DF9197C2E5CB97286D83C23A4C538FE4CF12EB1BA33233C7F27121F926D3ABA7831DF932A670A27062706070A070E3F83247F0256C1A1932A8CF72ECBB2EF044114FB97831DFAAF4C245525CC883296FE0C77E9A1AB61224542585CBE288149EBE0C77EA5EE3449922628B96C648FF006656DDAC468BFC0E8FE8748CAD6E4483F062F52FD464C9C742A5EFA10A775A9656252D741397B09B7B928DC717B10D34231BA23B78576676672EB96E8CC8CC87244F545D8E372CCB332B2D22F2C2C24C69BD1115656F39E164658996265896459165C8BCE7D45E73E5BFFC82FF00AEFF00FFC4004210000102030406080305070403010000000100021121310312324110203050518204132261717281913340F014425292A123346273B1E1F160A2C1D170809093FFDA0008010100063F02FF00E3457FD2358F82EC494495555555896255D145856154D155555589546FEED3976029BB48D8C74F7AEEFF00286AD540EF88930529A948299D51AE17D7D67A3EBBD777F85DFF00E761E9BDBB466BB020A6ED80D7F55F5F5C17AFFCFF0095F5F5C3447D54103ADE9BDB9764361EBFF3FE347D7D64BEBEB3515F5E1AFE9BDB9364361F5F592FAFACD7D7D65A23F5F55D11D6F4DEDC9B21B0AEA415101ADE9BDB93643E53D354945D68F738F8AA1F7587F558553487B1E411DE9AEE2374726C87CA7A6ABFCA76367E51BA397643E53D356D7C876363E41BA397643B3EEAA164A9FAAC2B01580FB2C27D95369E9AB6B7B0DD31D18962550AA352CAE98B6E881DD1CBB0815200289305882C41636FBAC43DD574405939C3885F09EB0BBD961FF6AA0F65F75559EEA227E0566B3588AC4B128C72D5B7F21D8F47FE58DD1CBB1AEA507B2C0CFCAB037D961FD4A869CD55557F65060B3BBDEB0D9FE65F0C7E65F08FBAC0561286ADBF90E9659DD696B8CE21748EB2EB2EBAEDE0DEF4FC3016318DDFD53A9E821A7A3FF2C6E8E5F9268166E793F85122C6D64672A27D9806F32A9ED6C62CC525F13F4D5A2A681AB6FE42A6F818461047A31B4A08C60BF61D24DE0D8C6E2B56BDE5B1B5BAE6DD085975B5808DC0ADDC6D097D9D7B3558E1D9BC64A21F15D1FF009637472EC86C7A47F3174BB9626D3B591125D3496DD31A705D59B17B83AD21184B6B6FE42899C431B04EB730B90809F72B475A5C0EEA486DDF156768217CDA36F2EB8117010AD58EC3681748878056929C5747FE58DD1CBB21A951AB6BD65DEDBAF49749B478176D2626BA5DA399D9B49B668D93BA2BC92E8C6221B5B7F21572F4B5E115D1FF009637472EC869367788B16641136316B8651AAB1735C41A48AB3F2AB5B21D21ED0D8F7AB52EB525E1D10E4E6DA3A2F1FD17488BA6C306C939CF848C2498D68690EE29B6658D2D750A690DBD1308450B3365789E053AF583DB06C66807D8DA363DCAE5D734811ED0D7B603F01D8D87F2C6E8E5D90D0E87056FE89B7ACEF35D982AC5C4422EA7A2B3F285D205839A1C09C5E2AD7AFC6AC7A40C0F135D31C0CAF14FF32E8C9969F84C17431FC3D61562E394110D69ECF15D1D473D85BB5B4BE740FDA4224858E95421695EE4046328E8B16BA85E01DD3CBB21A5ECB59595A51CAC2EB8199A1562DB065FCEAACACCF4373681CE8C55BDB1E8B6C5AF8C201748FD8BDA6375AD84D0B3CEE884722BA507F66073F04F6DB38B4DE8D1742B412067E9156ADCE1156968EFBA0302E8D13012FEAAEB5CD2F864BA278FFD6C5EF8E3B4E0AFDF309FFCA6FED5E291EE8A79EB6D62D20554AD5E0003FA4541D68F262071AA333965C535F7B0BB74F2EC869BB68C0E1DEA22C1B1D7A2C23DB442CD81A0F00AF5A5935C78957ACACC34D24AC5F677216739957AF654D7B5B4E0D92F8A42F8F680FF0094636B68E70898F950B016CE75EC44D24AD1AEB57C6CDB2828F58FBD22782F8C60B1C558BF3BB03BA3936DD61B221B94D41CC2D707010F14EBD1EC900A35910241033998526A64894688C5C24AF031089168D20566A21ED878AA8D9B2C4C7B66325F17A437C1AA3F6BE91ECBF7BE91ECA3F6DE91119C13A1D2ED62732D9AFDEED7D97EF2FF00C8A56D687915A5908F65D19EE8E5DB5C6DD16958F14EB43743E2D8363C139CE68ED5A025B1C9195E85A023C175858E9DA5E21A66248B9B7C7ECA1E3DC8765F961A846F09CF28453AFD7ECF06C97C411044EE53C574724593441F8876724F2D0DBBD8ED7E1F056967932F3FDFE8A0602246463B069746F35B914036D2D473AF8D6DF9D7EF1D23FF00D17EF3D27F3AFDE7A4FE75FBCF48FCEA5D2BA47E75FBC5B9E74482E25CDCCEE8E5F9AA2ECB40F01B08E51FE8A3AEE4D3FC5BA397603409AC48CD6343B6B1AC48A36775D784D5E9D61053883E0AECE3C20876A6E110A20C422B0AA2A6BB9DC02366C8400846085F1A33509FB2CFD97DEF6526BBD91EC9478263B88DCFCBB01A6632D100AAB12922AD6E4237141860F0E88F15D5DB32168027F9558F94AE91F86F230AAC95151515153500EF44EA610B08F6584693DE15DFC2773F2EC068A2C2B02C3454545208ABFD6C1EF9410BD6BDABD18AEB6F071021245FD6B22442EABD06774951929765396255555555D5F486C9A539BC44773F2EC1BA28A8A8161536AC33544559C3309AFB4C05B00782B5B461EC1108F7A168C8DE8FBA06117C29DE9E4D4B93A3A2AB12C4A1155D4877EC82677C46E7E5D837448AC4B12AAC977A9D11565E0AD2CED26D689046C9A7B044502E22E33F529CEB85CDBBD98222E9AD539515361EBB3B2F3EE7E5D83745554AC4562589625328AEB3B57C67141F121C3EF04E31379D5766B13D5D06EF8221AE2477A2A8A8A8B0AC2BD353D76763E7DCFC9B06E88982043DBEEB137DD626FBAC4DF7551EEBFBEAE7A95D5F4D43B3B0F36E7E5D8354CE8840AFECBFB2A0FCAB0B7F2AC2CF6585AB2F755FD562FF0072C5FEE58CFE65F11FF997C5B4F75F19FEEBE33D7C677B2F8A7D962FD3E42C3D773F26C87C8D4AA9552A672D4F4D9D9F7349DCFCBB21A0DDAA64C18A26510026094E344EA49088FBB12992C5146200818273AEE7C5025BE29D16C9A231422D21077140CF251EE8A1104455DCF47A6A37CBB3E4DCFCBB21A2084CC8C5111A809B075228F6A48C0E5042EBA863347BCC53BB42687684660A7FF136085F8555CCE088CAFC50A49904DFE1989A73A150347A6A33CBB33E4DCFCBB21F29E9A9E12D98F6DCFCBB21F29E9A4BD5750ACB4CF4422A283867B9B97643E53D3444D17060A288769AC14150A9854525D80A2E729283E9B9B97643E53D15E7150A37451468A341C4A306DE86664BB3FED08E30BEFF00F550371DCB059B0F7D3DD76849442A2E0B8B5446E4E5D90F94BE782BCF3E9A3823C0555F7610A75C87041AD05CEEF289EB047F8A410BCE06CDDC72516B9B0BB23147B53E0E122A0200FE12542116E6DE0816E134280A454E6148E888DC7CBB21F2DD65A27BF804C1F8A6A06106AECDD0DAD11700D23883753AD5CD9E4141EE7DEF3236A1C4C0FAA9F65FDCA25D3129853BA4A730E5F5FF006A22AC9A0EFBAE115D6329A20771F2EC87CACD5D43BCAB3F0518913579B319C72579ED8F09517C37146ED9CF8C55D6095AFE883D8454C976012DE315178743C62889D0D53FCA9BDD245874DD3B8B97643E4CF7698A80C943EF3177AECE1CE392BCD740F02145ED99FBED115DA7D388444483928B41777A8BE6729289E32EFD040A941A6B5D11D00A8EE1E5D90F93F1D588510A224544D7BBFE90E19DE92941E21C56103D42A88FBABADFFBD31D61B8797643E4C6C731E0A9FA05FD82E3E3B270DC3CBB21F263E5427F86E1E5D90F931F2A13FC370F26C87C98F96B4F01B8793643E49C868CB63555D6A2A05968B4F4DC3C9B21B578F5D263A412A17542EAC2B00545842C964BEEAC4C5899EEBEEAC9502C21615802C2A8B822EBCAD7C770F26C86D7C46A14135507BAFBAB25968FEDA3FB2FECA83D951BECB2F65FD97F6592C964B2F754FD5613A2D3CDB87936436ACD509BB0BAE6BC9847B2D8A886DA9033B8BECFDAEB07726F4775EBEEA49752EBF7F806A75CBD2918886BD02F54FF0036E1E5D90DAB0A88D0077A0821B07782B5F3AB4367677DD0A46192E8C6D6CBAB329462ACCB597DD769EE89B4B2EADD1A6C3D53FCDB87976436B66AF33D918BBD34043626154F6DA1618988BA51E95D8EACCAB3563D21B72E3215334DE9567D5C1A28E29DD7DD1C2EEC078A3E6DC3CBB21B492644408D179B22A0E13410D47D9595A1B3B1B3AB9B52AC4FDA1F69651CCF726D8F5AEEACCE1E8AD5CD71690D88213AD3ED6F6C0C28987AD3D68740919A7595AB89B41311E0BA4D9BAD1C58CA04EB075B38D9B5CE92B5735D0706C62AD8BAD9D7E8D3C15A32D9E4B8515AB05A1EAACC53BD5AD98E9376E716A6B7AF8104C5D0AAB50DB71164A95D2DF15CC770F26C86D7BD5D7E886610417AE82AD8FF00121D17AA75E8D559FD64ADBC853CD85B860BD482635F8C5DBCACFA6584867E2BA45A810BCD0AD3C5CADBC855A799171931D3F75696E6B6AF8AE91F677B5A73BC3BD016C63699AE95E7D2D43C4EE1E4D90DB4D40513894347AE9B6E8F6A6E8761255990E04525E0BED36563783691709AB56DA588682C834070AA7307476BA2638820C367FB52E9CE8BABB46D5B30ADAF8ECC201DC53FA4B3A34412602F056A1FD1EE0EAC868044CAB46DAD9DD899265A5936F1122ACECFF0B55ADA7D94BAFF00F1044DB32E3AF5174C799C1D1928E86A6FAFF5DC3CBB21F22DD074FED6CC397ECEC9AD3C55A06C4CE52EE2BB6D709C20055584C8976E59ABA19FB3BC27DD9A1D6B4B45FF00C3F760AD0DF8BA26110BEF46EF65B7711420F25B7A11BB5926DDED38D4421092B3B8CBD1644CBEB8A85DCC88FAA6884BEF3A0A2FAF044B181B1E1A5A99B87936436B1CF5078E83E3F2AD567E1B8793643E4021E3A1DA6D3CA559F5A181938C2914C73CC1BD59009F1564E6E26D9461C5587590BB75D5F15637AEC3B50EB3826DC6B1E0599926BEF9C108ABA2E9ECE2695686E87419EC9978B08EAC4DE55E887525198F05697AE63944CD0100DBCD74FF00120F7426F03B54A217610EED23C15979770F26C87C9BB5E8A9A69A281528A834506A0F0565E51B8793643E4DCAAB12C6B1AC6B14745B30DA41ACCE09CE7768C6A9AEB3B5BE3EF26BBACED1339226FC45DE19A16F18F10AF0A10B1417C458D6358D562B9559F946E1E5D90DB8033D472A2C0A3755150AA68E917CF64D0A32BCC8DD2ACDFD19F3266D0534677A8B1098E28581B4643331595250531158550CD50AC2A8B9533CA370F26C86D8951BCA0E103A5CA5A32D1929E86D87577426583200BA64F056766E21C2D11EA18203339A735E3B4D400C6688F8292CB465A3247CA9BE1B87936436DDACD77A9E829CA2555462AAAA60A47437EB24C659922D867C026FDA85EC8391714FB6B5C4E9C159B8905E4CE0A4632532B115558B4493BC10DC3C9B21B49698B0A8191D27C15160581615816182285BF57D91DE8748636311073559DE6DC6378D4A8D9B5A1A2914E3D2607804DEAAC8082C173B9522B0AC0B02C2A924FF000DC5C9B21B4BCDA2867A20A3A4F87CADA6E2E4D90DAC5B22A1683D5446A7A2CBD97DD592CB4E4B2520C54B2FD54C59AA35502A0540A81502A0546A9DDF44FF001DC5C9B21B78B3DB495782C21613059859AC4B3555C166550AA1542B31A3359ACD66A85603157B8BB71726BE1580AA1435A85612B09F6584FB2C0546E9D2615536A967F30DF30DC5C9AF92C961512C3EC87ECDDF957C33ECBE195F0CA958BBDD7C03F997C11F99606FE6546FBAFB9EE8DE846196AC75A8A8A8A8A8A9A97B2545454545928C02A7E8A904CF30DC5C9B1A6AD1502A0D57786C06CC3066A035A0A1A19E61B8B935C414E66124266A84DD445A5D39C0415BBEA5A5D04E6DE7122118A112E0F6BC5F894CBCE3373F35665B124D9BA317782E8DE23FA27F66205A37BE524211CE1FF0B3CA3247C34DD3AA35631500835B52A0A29C4D117F1A2E08BB229D7449454343B8C55E3C7459F9B71726B88A9C0AA288255E114F8CC389929177A950209F12AF0138C5010A0820D224288C841424AA11F0D31150A042BC748D038280A050CCE88041C310536A215D321DDA211525DEA464A7A24D2B02A4159F9B71726BFA2062A4B346644E48120E719F7A6C7D669C0D724D8090559CA69F213444B145131A8826CE851F0D59D748D10E0A3A26BBC6C6AA9AB67E3B8B935C40E898518290CA28C849B1461F862A7AE7C351CD2BBF4490D35056157AE9EE5783482A4C541EEAA154EACF5ACFC771726B8F04441420ABAB1054449069F74E9C828648351F0D43030536A9E81A950A128850108A024B2D69B56058756CF71726C29A211EE5E3A902A105101460B085408F86A0311A6210D017AAEF409035EEC0AC2A994542EAC2B0A3254D0CF5DC5C9AE28A9FAACD449081042A855FD167F9560B5FC8BE0DB7E55F06D7F45F0DDEEB0FEAB0FF00B91BC21A862AEBBD348D5C94B655D56F81DC5C9AF27155530108B5612B0958561FD5615842A05968AA813A93CF4941414948688427B4A69821E0771726C86DE3C15E698B7484533C55734E282AEBC5143489E8AAE53B8B936436FC5401968034615087785DE8F028296DF9771726C87C9787CB0F2EE2E5D90D9C940C8E9EF50264BBFE5D9EA37172EC86D2F0574E9819851F97678EE2E5D90DAC45140D744545B2503B2AE9A29B4AC5AE0F0DC5CBB21B68B17682BA06C65A68A8A61CA85615423C145A54F598788DC3E9B21B798521AB00B89CF5A5B130AEA37BA5B862D115DA042AEC07CAF150D30D0619E8038681FD75A6A0ABA1CD3E3B8E6C0BB2E215039769A42AEA0F92234C8E8A9D5C417DD52BAAAA642C6AAAA566ABA32D0E3DFB9F085D9242C8AED348427A95555882C415551DECA566FF00652B07AF83FAAF86DFCCBEE058DBECA76BFA29DA394439DEAB16C2AAAAAAAAAABA2BAD882005374D15344AD9D053B57A9B9FEEBEF7BAC0BE185802C215365546EBD628AE2B08581605F0D602B01584AC25612A4D2A855153455625376887FA2E9FE92AFF00E7CA2A7FEDF7FFC4002C10000201020405040301010101000000000001112131104151B120617191A1305081F0C1D1F1E1406090FFDA0008010100013F21FF00E33B45770721DFFF0020DC2962B733E827D2C7512C6DB6C50AA84448CE2466EE25E6EE21294E8EB04396B1716724998FAFAD0B3A22738A899984D13FF925C849FB89335EFAAA82E599429F9B1A548D06355CE1E40ADC50AB9CF6A9588CEDF8DDBEC42744CFC4CECBC92E8CE23C46EFC1199CA67CB7B6E4D2347985F927E997F81DD6BC54925A9CE67308330CAE6D47BC45127328F5FC12C9FA541F4B387CA15B891D5D57DEC4EAFB2FF464D2632FD7E999F3FADDA257D65FE06E174798FC88546531E52DA3BF1DBEAF76A45A4C21D94AE6CC9239FCFA1E719702C1E8E829D31F87FBC11F8FE3FC109C39C798FCBEC4C6A46C4FEF52E83E5BAFC2EC73814F159EAF767A572EEC7E8F9C64B8AD690FEF69C23AF2BFC2FDB33F9B7CBFD08951F13DBF663A794777F848D13CA7EB9B151538ACF57BB5AE8DD91E8F9C2B7167E8D11489FB55F8146EDF69FB0A6266BF7EBA974656FC7E576329757B889467AF8DD222D2CD4F159EAF76B5D1BBF4BCE15B8A3A539C995A23C47ECB89579F33FA2CA55BF11FB2B4C2D7CCFE8A146513F097ECA932D777FA3910A38ACF5FA12886A886A895ED7B4DDE0FD0F3856FF8ECF5F0B935D26C7470F372441FB30DF4F71AB28F43C9D7EEC643E9A0E4A0FDA365BBC1FA1E70ADFF001D9EBFC70BC9D36303D0C8374EE3E0696FDA3DA367BB18FD0F3856FF008ED7570B49D3670661BB6824B3EC435798E382B67D63DA367BB18F8D26DD10F29253C84A7CA3FEF1E9986AFF00488420147714576238A49E0B7D5C2CAE9E49A413A13450F83329D86CB9B7411CC4A734458CDC3A147B46C77631F145D9502EED886F24D166D8D23511FDB3F8413ECF09D93B927330021BBA7E110CC925DBE44D72BD493E3098129350E5771CFEFC1399EC72788A2C8D4B87EAF4C14C816F22110358FD6E9ED1B5DD8C7C5B230EE8E5423252ED22D0936911D5F643177F551DE1BFC165F93F915F911155B57272910FACEAEE3A84B50EE927D50F884496C459DD3FC9CCFA28B37E051678FDA898435477E1FA3D31393B629BB26517484B152D0C9042546B3B09B26CA9580E9A63F5BA7B46DF7631F16DE163A9BBC66127B4C90276450358DCC40ED09AA685E1BC325C7A92A9B855705342343B1C9762026A59E7C3F67A127B715282E00F0B9D455AC5A6AC59F528FF002B546E2A6504695106A585617AE64A8C9248208B91F7BA7B46DF763E3DB787946EFA07A9D684BD9CE166D4730A04BDEA63CD161A730AACCC637C0246A7A3E1FABD05B13522F5A0E215A443EAC487AB8A5A95A922CD440BCD0957914EAEC23283EB413B2A9C429F2A10468A06D23EB74F68DAEEC7C76BA61E416BAE0DA489D4A72EA27383B1911B928A722CA9B2A95BFA391A6D04ADF98AD8161624C73C1F12DF47C3F47A08BAC1E8D635BC09E24133EC74F68DAEEC63E2B1D30F30B5D46261489C91297EC8AA8A6A35DC490B550646A9BA2ADD6C350089BE682C48A4AAA9977247066D1908E56D741372D0B11240BDF3AA8E48D60556B38260F5AD01DB534D679045852E6AAB771E82B13B86059D1430B7D1F0B1425B4AEC2C67E1468B50FF000FB46D77631F158E987906F0CD3EE9C135774BF310EED911981A9AD0F92A3E9B41A546109502BE26B32D5A268415A58AE955F914F9B3935D1944F2F84212B57F94469DE53EBFC16B6ABE9EE8990691A15EE5310272B1F6C53D4FCA216A8A4E16FA3E162B449604B227CD896EAA85136524930B5254747F9433EA24C3E68D4CDC930554BA6922492856F68DBEEC63E2B1D30F20DE1A3523CD6BD3F425AAF5CA40E61527692D1FE8AFCA71B44B37089DA6F931B8DAC8BE8C870D34EE8A1A10B45B313068C3056F21B14BBF2823618AEB45D55479CDA94F56D89651049B76A898153AA683D2D7F3C567A3E16E1087CEBB04DB1074642C4A8D2687D90B51436A8A9255FEF6169DCB191B69B5B0E8AF377B2212F15984CCAB36A0ABB64FB439F4ADA313486ACFDA363BB18F8AC74C3CA37B0E585D24E46D4A9DC4A142C1308C1BAE8FE068437AE832B5341958C96A29665DBE0181D6A4F415841749B72B9721545A1C34E16FA3E1AAD0D9F27442254D1CCC2B2FAC84674DC451A659F2F2349A0A4C9512E5F31F5099BB373735FA1D629659A5A362A3D935136AC93531B954452DAAD0AC13075153DA36DBB18F8ADF47859EB8CE83A7C558ADB730940952D4378E87D0B544F51AD48934EE16496D4A2E879229EA59411D58BAF45CF42144A12FAD885FBB28462896494433B84BB4941A12D3B56E34D570DBE8F85D72D56785FD26A4CB2CC15D798DF29D7BD752174B4928AF2A526EB82B5445493853986C519FC7FE4AF7FE1F81F74D490C9FF3DA36FBB18F8ADF47859EA6F60EC472958655464E548C54618AA2B9BF321CCEB621140AA9D3D6A5AA81E443323414FE04D392389AAEEA394A552D1D9FC0F2F64DC4C9C0A226EC11CAA9F3B0DAD3234609B286971945B3315A9752910D12DD1E61E69B029B85A6D28DD975D31B7D1F0A28A04B55DD3F2465684E1EE2A4F2CE51F219BF52EC34A7D5D0942811AF94622CC6BD67ED1B7DD8C7C56BA3C2CF529F3A92384F9FA0CA3823308D11728AD1D062DBF77A18DBE8F85E6D4BF8A3F0CF3EE159668291A1A2CBC1D3DA36FBB18F8BC078427602A647E8B957B5F1C88378F98993BB0FB8DCE550208DC969DFFC1F8112A4C5C924ADF58A1B415D2ACDA06AD2A8A62EBC7E4AC9C6A5CB291335E40BA9065A889719E0573BE867ACB664247347416749DB1F06BF323A88E60339CFC8BA85BD0AE57E0AEFC49CC931D7EFD06CF262AE4FC48AD7B528C881CA5DFB3EDF7631F0B3725004B4BC9332D19BE8386B67524D6AFE05488470B235F9159336DB66D21D1EAD1C4F442DA6566EAFE4F55F60F0FF008109A5096C896B97D73366141DCC6F486F9980B6B751DB49851F029859C9F455FC0ED8DDB2A2E98665644EDB231C87E8129D122963A3D425352BE1D7D9F6FBB18F8B7FB60DA43A99477CF2202B53CAC26B75284D8CACBA7727AF4DBA0F254A7F03F07EC6EF281D2AFD812E3150C2F48882D9098441F2F49E5CC9E1AD5CDA57921AA861A08949315B8E0BEC57668EB222E8BF81E90A1D21F04C2FA37FE0961A1950412A8D0985D18DFCC83EA4938FCFB3EDF7631F0BC52C5A869212CE3A951AE9313D5616146E95147363809E52D8CD8FC485EAC5475EA4707F980397C935D5A88682ACB90EFC858D501C14B2DBF8438794CC7221DC99CF5FE4621B8106A25DC847CA246751F04DF458BD108A42615C6582570C0CD1932FAEBF8F67D9EEC63E167958392D0443C6A14CA51A2E51F3F7A17AE5341244DD28A0F451730FC0BF25A7DDC84B30F2DAB98E613A73C859A2A627E891601876566AF71AA957D3B0E148A512BEB42B5CC5850E322B9F23EB2E168F826F987C69A82196976071EB73ECFD9F67BBC1F0B3CA1A728B8D952C75C128A5A81C575E44ABB329DE2CEEAA8D56E485F6D04A424744958E7A96B9E2515FF22FD0F633445021CA5CC2137732038AC6D28764D330FE09410D21667C173AB7186186A0B0B71D86EE7D9F65BBC1F0B3CE1B151112BCB1D40984EB60C3FC89FCE9CD5D841DB747433A1F62793EC434EC6439F62240AE87A4398886A895AA285BEAE0A7AD85B03D05C35E857D66CFD9F67BB18F1783229CEC5493DC85494F446C2472589AE83B8F9C4DC348440A764BF21652F78B2C39D13580D5BE20D722E9765FA3EC2FD1A1DA08667C44BBCBE024555A3CB8121BEE4861B03D3895E87786F0FD9F65BB1FA497AA92592D59FD83FAC7F6882B1A9FE38295E863635B81E16C2D50903EA25F9F67D9EEC7E8F9820CE5255510EDA5DD52823579037FC1B62779F20D66EBB50AE3D042AB90E474D8BA8B481BE9C0E4524A5416AAC7C0D74CB4DA4D9223770E452C70DB51D137F81AA79523F12280A0E1DC516A49BFC46F19113436D509FC7EF0DFFE381219AA6EC7B0F5E04C6A0E38D5895F2FCD7B3ECF763F47C8109476D4E6862F23649E6D91A4D413D0654537698BC90BA99B6945A44290B6D28E497E04C42522426E8CD6641229C908A68E6A279B22C3E632EA8FC9FD8AD95A671959A4448E22AF3132A16DD828BB4917A9456ACD193443152A07DF186EFF001C0DF66A3DB0DB8CCA430E356523EABECFB3DD8FD1F2BD53E3DEFE382552B44BC91908DCA244A8B013C2B02B889E4D3FBEDECFB7DD8FD1F2BD22C5F1EE7F18B8592A2D58F7CCAB57A90209825A0AD843EA4398BB0F6257610A0ABC9244916D1D9CA325E7B36DF763F47CEF54F8F77F8C18DE925DB2872EC7AF310C5AA34AB922A4A5B2857A48739D0434866CF91EDA68EF908DA732649B1928362C5E3B6826925395ECBB7DD8FD1F3BD53E3DFF00E07784B722CA364396B5C19F2C14B4497760E86324B913F63D2A2FF5723F09725AA53D09472BF2A1E069196CD3953EABF43A6942715CCBEB3219D764C8675CD19A0BA311227A4EC48095EC9B5DD8C7E8797EA9F1BAE4BA4B5741A7A0D0482A710D58973F3C255D3B085D8252A74EAFF450CE568E3EF5245434A557556A4446C55CA5A326D90481A2858FE8B61A65A8575448C84142A19DC5C278EB67E43D29A881321A2569398894444489B87E1FB26CDAEEC7E8F97E9162F8994854E790DD6676D8877C53AE46A0D4197329BF8A7EFB95F6366B4FEC89AD19D2897C93AEE554F98CA64BB2B0B0431745BE7E448D240AF436B54C65B919DCF021174551A5FE1AE4DADFF0165BB2415052940D6990BE6350C1086ACFD8B6BBB18FD0F2FD53E1B1431CCD4836942454B220C703958DEA05C9E4FEB3372AC49DC56DA59A897CB221007D4D4DA03B296A1BB9DDA1EF9158E2328DFA8AAD992A209F92EA3AC4FC2475D5C6CDDB15263B484EAEC64309D8214AC9556F62DBEEC7E8F97E9171B70516CE56C06B9707418BE48AE409D910A5735A12D9942CCCE7FBA960995743DD59947A0207E5287F6C42D56F367C5C40A2EA4F2DD6E33B1672CA1754BF2EA28103F90BA7F866571463C7443373596DCB7F721729139A985EB1381B25AC270267EC3B7DD8FD1F2FFE0370364B0F5BD44C8C8615027B063CFBAD44B3F9D175BD44E18E141CDCCD35D654ECD0959374663F72B02155357DCE4EF215FA92C9739E597E2821EC9AFC3E2C8864E73BD6FD4E61A3D032A64C904560B539BD53D876FBB1FA3E5FAE981B1B2C3916A5096120858217DCF911A5F25AD86D2D1BE6EFC0956497456C885C9F5245460618F03168F0A741B9F61D9EEC7E8F9BEB9B06C69EC508E4529C2084220810882068788C62AC39E8723F61D9EEC63E3679FE92789900F3278C58B8410B898C7C21770DE07D8765BB1FA0CF3FD659C09A67A0B5B90F41B1108584F0B1F0072131250FB8E7EC3B2DD8FD0679FEA9616350718CE08752F29D8E8EC1B921909F31751753E4AEA5752A2A1F51F51BE630C37261DCEB472484A05ABF57F61D96EC63E3679BEB0ABC65A915A1126CCEF5277DCE42F4B02B4A4054A8D054409BBFBE1D14A3B86AEBE2C4B33E4C79FDF42CAED04CB3F12EA8A44289FCB245B801B514741D6EDF914289E81921A1594173726DEC3B2DDFA0C679B81FA48B20DE3190D3BA1E0123A0C770949A4FA9D6F79A9F316AF6316BAECCE7AEE27AF83ABC06CD3B06FBBFE2247EA8956F01D4BB05D03EE919341DC3F4167F91AE9F82EF545EFD53D8765BB1FA0CF34C83F4E8E8BC2CA15EB41A95CC48E895CC2A4AD8CB1B85D7372648D0FD55285F23FAA5A8E6882CCAA0A8A9A5D2E26837912704C915F078AA9BAA47F9E2D2E42E7EE8BD8767BB18F8D9E6FAAA273122540C54272C580C3CF0690B07762A922B21535BB7E88ECBAB205BB4B35575292E11389A0B1F0D532A2F389F0DDAE83CAECBD8767BB18F89E1E6FAAB0EA77D61D2393915752DF32B5E05AEAF812160C56D7192713620F86E63E59A1EB712895111A721D95C9325597913D3412654D1F2E64F3474D2F2928C4F8BDAFF0057F61D9EEC7C6C679A64F4E52CD90D62530F0BD3EB84871130F6F5163AE3DAFD2F01B76EC9A752AB8B0A18BCA81B00C04F090D55948F2AE5158E497EB3B37F8FC88FAC9BF2982A8AC11643D03844C8AA8054192449844D1E5A90C8D95817511543CE06E04A47385229DC7084DB97EAC398537C2F4351F439FB0ECB763F419E7FAAA8AA2E66E80E20C98DCB36860FCC1EAC1690B2455996BB0F83DD224A22F26CB71F59A13316539CB8598E166034CCB2A5034E197E8C7EE4A17D8B3E59F61A317E8D0554025D13F63AEF9F0FB229256E5248AEA872D6A53F45DE3BD57562FCFB9EC3B2DD8F81F033CDF54880A0F309C8677181B5D4BD83588C4C4D027F511EE0A4D3590F2A50A816751DF99BB25B57229B95CE953AF227313160A12DEA52F945A0E0D04E4D662ADD98AA3F91CAFAC2A5A5E46B688DA539ECC7F16A1578B9422A89EB98B5AD2A411592B7E51A5644EC2505CEACA0D4A70EF4F2773D876BBBF459E4FAA851352C12573C8AE479C5BEA7938CBCA0AD374359E5057B92662695A95056D52D4A544452F24FC664A686F32B252C344AC9ED4FE5B8BC8CBB51A2DCD09BFB224E5CC6484F345766AB38E4B4283D344A126F2C9AF230CBA4D5B54772714D689FD4EC38ACA95A665455B2A17764AB24F96AAA84F5A4EDD190E475CD2F8CF47A89E5DFD8765BBF418CF2FD54D56258B30A23AD4B916FAE0D971135A8891BADC6F53E786E247C3FE2BF62BDB6EFD16797EA9160CD50517B19DA21BE59D58DF4DA1436994114944F91131D9AB93C0C667C25362635A17EA51A09932AAA5F21D0743C23BD5894A87D564C50144BABAD57423AB25026A3C1A6A9A48CB9847734D36A3C868FA0C8FC8E68A28A337CC90A6C335319A89A7A0F61DA6EFD1679781FA96614F5170DD1ACC2C58249A86883BA4CCC6290A722E08C8324250AD0290D22D608533086F8AD16A0988E1A2961D556D60688A2A5B914EA5A40892854586EC1523ED53D8769BBF459E5FAA45983520A932EBF06CC438B619A2C8954943912512AE0873361702DCF72EB62A0F2392498A865A92235D0D298FC0E8CA224210D39729D9284E2ACAAF546A446B0D19421320954E411A6E681966A26A94B60A9FAD4F61DAEEFD0633CFF00548B06CA5E6214B72CBB06CC5A2F1B5A647CEC8A484E51FEC4728281385F2F717CA57070653DD09919CA0D4146632E680AE6489BA04A47E4E7499A16D56932C98562BA9FA0E6079111A2ED2243AA44D72A30C7048FB94F61D86EFD1679A643F5393838124DDE0727840CDD4D9128D42D1542D350BA05AC78C4C8E1BABA2EA4CF2664B96E841B14956140112710D31496ABCF7211855E8CC8C9F096A48392C03A93139144485552B5351E06A13CBEC3B4DDE0FD0F2CC87E9A1FD3528149AD1728A0B14185A72114639398AB2289047427988F2329323CDD4627BB28E885D629D3CC2B136B935AA2CD4AC9665833E499568859644E698B504CE0E43E4235C44CE3307743BF81557585944BEC412D51CF07F1D7B0EDB77E8319E6FA8B893E8212D5F286DE3D8A06886E8B8767D3006B324365270866D55F92060164D137A08BF2919882F66B5C3F8F0548FCB927D82CFA2AC9FC892A4A518EA36558EDB7294887A8B43948C339E9D064876C52B46A4D57215745B1427B0EC377E83C3CDF5139DFE05554DE30A9224515D4BCB3E30CBF150B07C1AF03E137726FE0D97B16CB77C6F1F3C5C47C4E2424B5272664A69324B4BF0DE1F987E53F3C09A5EF62D1EE62D05DD9CA5DD92D3B8E41FC912330BF019166FC3248640C0FF507FAAC7E7451A2AE4A8DF00B6F62D86EF8DE3E40B88F8D135352865939996C9A2FC228213711513598F3A8DACAB3392F9F321871DF02FE667DC8A135F283307D484ADF0235F18EEE5F222812FAC0FF008CFE01FC1203D1CAE44CF3B00CD097842553E7D8AC746EC7C54E665D3B235DD5F053D6C5821E87219FC63F8389BCBFCD19194962C912721363B4390ED4A970EAFD0BD0AB905A8C4480B1448E8409210D0D0815111D08AA527D66BEC5B0DDF16641561CCE5B7466BB15C54BA865A9C98590797F89A5E110BAF81FED20FF0068A6AAB09F944F998C5917355D516A6DB2EC32F41A11290953339015A04691684E449D11B5A60C98DBA218F268913A072234D234D0486A2425C0489B5CBEEB5F62D86EF8B31590E1E472C42DFB8A85FB9D6EE720E48FE31FCC39086B963E531CB0B4B89360F96412CF1D842E092DD5FC9095D8426A5E0F0224DC6651E45563A6BA6A6F0B3F7ABEC5B4DD8F87329D7B644A85B0938D7F445D55689DAE8404D4B7369258DB3E4C9DE47255C8E5628715A4D6D0C7804C92A25B5C9AA8F56F724CA974BB1511AC8F912B8EB3F78AB7A0544EC3B23E9A26ACA6EF81B4A14AD3EE83CD62BB41B57C28164D179259D0243A2A8A99BA0A435662459625AB224CA9D7CE0400E2E52C64C6C8539850696E4E824D36DC096C6D3A8B5222C699489549662535998FA5CAE90D83A25981A69B489D8FB16D3763E1CCAD1142D762A1DC7316F4089A19ACAA49BA2972C5223D499218F1B61B50F404E690DE47348D84B828D73BBB892852C4ABB3B89E6EDB4218A7353B19A242B1673AD53CD7071569DA14D0C2CB0B3C42E655474B8B8F840A508A680D1497112C8A9151E750C919761751E933447B966E6626246462771AA49654450DD5AACD27A0A56CE99C9434E7A0DCDFC0F661F037F6365AE8DD8F87316B97A07CB0CD2174F9215C329C9F21429A751655155A94A144C3F057D9D252BE6944C92A6DD5CD941436D9BE4D0DF083CC670A05B924CD34E075C41EEC8DE8975E7F643BD3398BCFDF079AE04AECC6CD3562F859E38D2273B134CAA1E6A1558119D661524F4218B863A9C899568896EFF1410C8FA8D462EF8BF5E9EC5B4DDF1662EA6A0D25A6FF009123A0C872AAB4D5062672C354FEEA6A94BC416A9A503D5D7F43E748AB58B1E3E6B1C864D4C5A49AAAC1556E836E0B0F14A9A5CE45C5D9EA8B021CC5EFDAC9998B40D02B2E2436475274FD446747444DDDDE0E44F5C5B8445E45F240BC8ACB312C58D3F23CA6CFD8AD746EF8B31B0222A7E0D0429123A8122A4855632A1C0AD09C8D4ABE9D8EBA01A52ACAAE4274705DA489AEE79AE07AA8894288ADA8B2104514C222A139A39889D02AAAD28436254C66A4495A285A928BF7135A7720827CBB8F513E8363865F4B0CAFD096CBF28965C560BB448E5549427517BCF67EC56BA377C598951D0778835A43688D06529F712AE65B4BE0CB89C89D4A08B1C1925DCAF353A1526B6B079AE04EB0546A4B0BC57DE10EAD338F8696392CF40C359122019367095721633830D4270469565E480D9132A4539B392F5296A3A06C5709349B8BDAD9EC563A3763E2938A4A2924266F8115FBD090264AEDD0641A76647FC99F499CD7A38DF27741A3D8135BE680AE15D549D52F428978C6876782C134ECE64B8AD45E3C16441FF0844478342BB106C1728BA09AD495A93CC95AE09443544AD469AA19681D0E3F524A09EC4963A377C7671F22D57AA10BA128FDC594BB184733DF05C8F7C2188F4FB0E72EC4993B0CD42F0582EAA10AD60A3A441A652A962CC559749F415B692B89551C8495D40824B4216886968882F034B4210D625C1916E1A030F991727D8AB1D1BBF4BCA1719F1220EBE41BAB502C34B732C44664E283280BD1068C507C0F29BAD0733591795B8AE322B6431AA5127AB129C20D14E837A2E85947519C607465A752A9FD257B158E8DDFA5E78B8CF890A6A4D06A6653E42C50AB5CCB1D58F8DD0D440B0D28610F5A4AB9324D4C2C8E631C9A2485F819AA46272CA0517C8A6A13CCB885790AA15B0953733142D1B8DD7B1378B77E8B3CA1719F144B2D4834F270513D302AC37B05DC09604218F163E02A501FE66FC7B0C9B5DDFA0C67982B7A4CD3E6C851221158B6A2450195D0234BBBC285DC01604218F0631F09DE7CA6C7FDB249388FE1DDFA2CF23D442F2F32E1AE4C4291A798FA0092E30D998F62E138321084318C631F09DC45397F5FF63649230C32D29D3BBF4BCCF40F82F41CFF00CC558A7C8C6E8D93A4909E87E46AB02D3190F780F561F201AD5E4705912CD4D38599099529C8C7810539804FFEA91B24618789221F26EFD2F33D63DAD3D0A1483E1011A70354BCB463960849637928C634B949940920B8E24721E751A2707CEE266E05E5AD052642C9555CB01054B0BCA95F8FFA5A18C6C6E021E9E9FCFA5E60BD521F506598585A13C0B8650C9091CC45848443340A852A8D56CB1DCA71A95D0E86723948AEC65C04D076B73089DC29912D2850F327A884D4F96BCBFEA686B8027082ADAA1A91BE7E8B12609249E0F3BD03E2CB07A0F52271B09DA971398F593AAE41D30DCB24534B0E1A8920E981B675305C539D0A4891105644A81A2E5CA821A212C8336D3873A45C5D261198135A94663AE94FA8EED12C68503AC9637446BBBF9FF5B43435C0BD71B19D0D5518FECE753201C9C0FC8B459508BCC924F385C67C534C1CA83D4894E1244B94FC97E572355B1348A6CD9A839A34EE85769B77864317C6A9FEC944DE742E49CF98B55BE4C859C12D2E52AF2E490A699FE0CEE5FA93E6EE4B773F22B50826BF8422D461D84FFEB68686861E3461A683579096559C9AA3F6EC6449EC7E0F10125C4E82486A72045946BB83493CA97444F67747136E82FD202B475D504EC8EA349F3364B75F42D9F88BCEFD84FB60F98B624E8CD024B2135CB01408EA75E1499999EB39DEE3AE629A921CD10CCC821F20F7570BA8CA2A823610F4FF00B208F4C581DE26127D34EC59868B925D0B3115989BA94ACAFA966ED9665FC0956EC0955938E080F644A1544C98D64643124D28398B36906A72A0D0CA75115CBC86C21E584EEA4F29626D7069EC09AE4DF6644DFE84C3900DDCEBA337647E4169FF007C0823D21EAFF83FE01944A50822F22041E443423A10D086847423A11D0868434C08E847421A1D241644742020F0C4A3D8130410410411C01518904104104104104118223835A1447489224712D5993D7C0DBF83984B53AF162259B0C34055914BF6AA08122082386385B24C4A5829024309161D70CEA3E64284421539B1488C4D5305C257D7D86FF4D61047A2D893832450D08421703124741B92D90E0485820635815CB3EC441041046318AF4D9778DCB6034242C6781D468F0900E83A21366462F0254484F63A08F417A77625C0D190D60B8A30461890D3898C49F625FF00F34712B8D60BFE16316ABD8AEFFA52C73191FF00131963D8AFF5208208C208E378B19047FC4CB97B6D7ACC4B063C17FC2FFE3BFFDA000C03010002000300000010820C00810000000000000000000000000000000000000000000000000000000400000000000000000000000000000000000000000000100000000000004000000000000000000000004308000000000000000000000000000000000400000000000000000010004E30C28D3CF0400010C100010200400000000000010A00000000000000108F2CFB6D606D174C087D29D00010800000034000000004000000000000104C3863677E339BCAC830D5F167000000000000000000000000000000000000180CBAB690E4772FEF997E2FB6A04639F7DA0801000000001000000000000002C7E34D523EF173D09288DB7D3A3C31A0F81AC01000000000000000000000003C5670CBF2A3991F16B37E0C17D14012EBE79D010000000000000000000000038953AC7B40D8D8F48C6F803A5000F65E4B99D00000000000000000000000002C44FAFC26CA3204271375CB5A0213C8E1063400000000000000000000001003C653AFE4E59B6B662043B439BB11AA05C5DC800000000000000000000000002C1C3BC33B90AE281971A0212FD189F2DA71080000000000000000000000000387CBF97ABD3EFB9A7FC62B2DF77CD6BFAEDC000000000000000000000000003CFEBBD36B10D12322C2D36F7ED6D447820A50000000000000000000000000128CCBEC33AD73A9BE309B411434299C237810B00400000000000000000000003C1E2FCBF1B404A69E0B82FCE8804D89C55303200000000000000000000000038C638C744F40A9A12FC50376C03BAAB00283500000000000000000000000003C0432D359BCDE681F123ACD2B838341E3F5F500000000000000000000000003CD578C3AC09E81D034580D486F263D40732B500000000000000000000000003C5531F338560278C8CE842B0D1480732F6BFF0000000000000000040000000003C54B5CF9DD73FADB8C0E395B944206892FD8900000000000000000000000003C07C7DF0EC12F87F528E6B8C52D97798BAA4E08800000000000000000000003C0FF005FB0F681F168314E673EA09669EBEC0CB1960000000000000000000000381570DF0D0353561F1002B5BF0FF831F59F1715720000000000000000000003C14617F1809A96550B0AE8CF85B3F4A25A38511C88000000000000000000003C5C717F4F4ACBA7C6235DDBA76998B25387D73B120000000000000000000003C8D6CCF0E86379715C36D833EFC1D93B89FF00148C0C000000000000000001002C0F20F70C04065618C53B577749BF1086FA076C0A4800000000000000000003C3C32D50C045F06EEF940F928B57EDACC2F39BE502000000000000000000003CACB2D50C81733D29FD326DA7C4D21DDCA419EC826000000000000000000003CAE18D50FCD23BE53A2109885B4B10359056262726000000000000000000003C6DD5891CC52FDD5B9A17610192E83D67B84ABD60A802000000000000000003C9E30E9FF0F164CC087EC943DE706268812B87BC0E000000000000000000003C5CDB63EC471E0E92AA385206B15FD34536FEEB320000000000000000000003CBEFE47DE85165E9A9454504AAA922EF0E2388092C000000000000000000003C5FA1572E0D0E0E9F344716D2CEFBFF000A5B681920C0000000000000000000038A4A55B158E2857F7776BACA0B23984AA09FB31F14000000000000000000003C9674DB9C757E37371FFEA1EBF745CEEB412E29800000000000000000000022C47E5F3B00AA44EC51EE8CB1704DE9B6787DCC6EA0000800020000000000003C00A7D3C36526A2BDC6F075D8967EB4A582D898F30000000000000000000003C0225C791BE8DC0972A0DDDF93E35CA6F28D20BEC680000000000000000000346028D70F12A3308C9A3F3772E3CB8F23E349EC1F68000000000000000000004702FC726C839B171CA5460C8BF42FD066C4286546800000000000000000011D0022D77D880AD955250417ABCE162C29BFDE4F1F680000000000000001361F7BF71DFBD5E164D5F8577B328F5BEB5B95368A9BE6800000000000000C8F3BEECE3DFF00FE47160C3FBC6A92DEFD0859DC81D89F0AC00000000000000205C309DFC89FF6F8D3A38BF0052E8D8700FAEA778B88CC2C80000000000000003871DE1AF45F923E58824E2589ED32EDA16725A5015EFB880000000000000000002DB2055620B2C8826C038E74DD52C077C8B539D010EA0000000000000000000015CAA021B69CC27EA8C7FE817AC6BD83783D6560EAA80000000000000000000151A80080000820920C743F40E0996D690D1763E60C0000000000000000000000115F3CF1CE9ACB2CA73AE5A17FB697A9E6D1E15440000000000000000000000CBEFBEFBE5BE041101867813BF5E872E36A98BB0000000000000000000000000FCFBEFBE8C30DFF00FF008C10C1F5DF8073C040800040000000000FFFC4002B1100020103020406020301000000000000000111102131404120516171308191A1B1F0E1F150C1D170FFDA0008010301013F10FF00864FF0ED564E49942592E62E70D2F243BD168ED3B44346ADB8128629BD22B9F01530FF00013E0CF8987F849A4F24088A14663ABB21C1C25F026FE484DBAD54FC2C75781C1B1516A249B40E68EF0FA834E67433A945AAE307C8111B5C0D05FC0D2B3AAB192E9725F33B96A4C1D8760D2AA910A860432235161E145F85E2A98B502454373A831D6CEF4449B703C702DE624281EA6C75871088624E0CA4871045E68878AA3222A7A8B1D6C15BDF22E7FB8EC75196D378648F2422649F41E2B0E2C3931F7D49ACA3C869C635063A41031C096758E4B279171CBBB1AB53220A5A3087511D65F7C85815C6A1C69CC3C2F486CFFD1BB5B0ED2B9AFF0046B4777BC8E81D70A438D94390CC791287288769CC3C39DD1F2369BCDE64F1E8593D3E5F23CD4C2892B488C6EE38961627D34E63A431C973021E7824A3126DA09246ED5301479A303176D3CD08CD8AABF4443D025C84DC8EC3B4496451A1078A1E44A1F1E8B513A5CB972E4B136484DB315300AEA86AF49A1F0B531E78208157052F4C6601671BDC7C24E0770EA2781E7C1C235B6086644BAC459262FC8B3204B2AE89C4561CC3D38F1E13E7D908610CC1FD35818DC94463643B825EC37A5A69E3C1527021082541E110493B4DFCC739312DCB20AC85B872D2C6E22321402C3399B95A61E3C1812F244D76429A8C8BE1947E48BFB08DE22211BB2C4AAE8C277634A3C702E042D9416061924922A1E0C3A683C78086B0CE50B020D0D5121083329A613C78159A29E0D77F99F6B12F77A9621B7EA43A9661B24DDEA2FD83F68401BDCF75A59E38155D491308C26718C4492263CD4BEB1EEB4B3C702AC5D88938C8C1DCCA3269B963144C6A0F78F4B3C70C92653912228B987B99E866E352723711818AA4BFBCF4B3C71AC8B263EE6619102CF0AA3117F71E96781F1C180CE27033086848F6FB7FF4C9382E48F71292518446223622DCC132E4C667EFA59E38D09CB83119C63A3935D78F527AECD7276F2191DDB7BDA0694A88C1E664D2CF1C6DC2137630D17559196A1E5C88A36D43F345F2FF0009F915E88F8D8F3A59E07C2E498193623182A992254DF2E7CC90BB96486DFF006250A042323E8CDF4B3C5278545CD85E866689C247E9C473ED1A3F12F47C69DAD4FC44EFC45FA67E9C68DB516D2D32C8DF667589F33BC8733A82592549A93B999202302563D87DE8FAD1F5223FC46AEBD87DE8FA10DF9F60D0F977D2CB148E1CD129644E8FE91E494348913B48DA48E6370D2484E4954CFE7A59638F3434486393BB11FD220D58493445A0482111B10E8D779E9658E06AAC4224899AA4566605FE9183985882727C86C86C9A66F3D2C96B12E45C87C89F23B68CD08769DD0831292E4734F41AF67E8275B10CBD0FAC099B3F4173BE8C73490EFA592B0C48DC61D63A8750EB8DB2A3138830311281D984B1A424A705940CA6066581F4D4F1E0346FB18418231104D8684A48D84933425B4E26F8992E8524A1249C8B2E45B2462310684121518932B4C3C71CC043B22C05BD60D9BBD85B23E6A364D0AD9CF63086048DA1A87A063821B2CF03F01549B9C84B08D2C903B126CCC120B4B5338E499B9851219682491BB287B03D81AB2AB0C5C83A074C4090D7190CA2350C6D89412144B1C3171A9CA92509A431B89176483D03E09259089249A4D7314EC750EA9D7ABB3EA177B90419681F16F48208A32460940D8C92E1243544A8D499686E432190FC0CD2D6993468820B90409527450478514C099248D934493491B4F0432E5CBF04084E93592492478D76F55E031E3C1FFFC4002B1100020103020503050101010000000000000111102131405120416171A13091E181B1C1D1F0F15070FFDA0008010201013F10FF00CCD33C1B82560844763A432AEAACA5CCEE243129D5F61AF22471E3C4C9FF00005C0F6E264FF882644C992572565409F986AF80D793246A05E9E4AE4241E996A04318DA0FA62E909F64750E80893E82DE2189D6431FC8FE2486B550421E69088BC221325C893B896E2385EAAC86F753C891927FD62DE443C6A80E8879254B1C5E3A0AB82A9B01993E9EC48BB7F2277E497B0E1AB049403097434CA216891A4C851234923055A18DB885132A4B9EA80C4B2988443425B9831823808190DA68C1182AA55CB3123CE18DBDCBE7507814748634C8A224460AA49BB16EBFEFA0ED86FF00BE85B77F7D0949E75064ED4924914D8605B235F214A2491ACA3131C27E4564741933C7F7B8D4A5B813953A733F6A3A7316D2E6BF4244F715E1ECFF0042533B3C417155C14926366C90213648C9687A802CB465C43B8BABEC437213E88CFB97066AF7FB1154C148989F2531582432F41332D9BD399491BA16322814712465E82745C8205B2882CA25832A7E53493AA48846ED8D943AA75CEBF83ADE08EE771DC26CD45961464358616C206EADFDF483E14486185750D068B50A892E24318416D45A091F5BEFA41F02F4B25120646D62F0E48837E5880669922AAF4B2095B8F9B0DAB861CB7DCB301B4A90CD6D3B8A595A717A4B8B98E2064921499CBC90A0E45D178E631264882D7472E05C0F81B81CF64B3CD8E6DCF12BAC5D8B4A6798A2A112DB918439BCF21E91FD614AC822FF00230FB3D10C5E9B63C3995852C1B26F02568F2FB059E7EDF22928F709326443760B1BA1D434B442F4D8F70C321C619713187A5BD83C7D10AAB8D8CBD8E4BE4674A0D102420A21E00909E9A198AAB81F05E282217426D9F88F33C10F947D5113C8EC4330BD86AD434BD84863F44357C0FF000CB52D848EC6A6755B2644B3398AA989289625F02249310C30DED091DB5A11F02E0759A21DB52B07DA3142C8A582E52439346ED9176A7624ACC832C9078C2C7656847C0B8F08642CE4FB0628C1A1128EC619082D2E36221D0C9A325933D22C7657DB4A2E3781DCCBD8C4682771B44A2495B0B145F9A648EC2D28B8D92673111047021D097187B2D28B81D58D4293318898878149615ADF620CAE9EEAE226AEB9EDCAF2350DA1D17B9834A2E34AE3F268C8614218F0B6BBE490249CAFA32DB7CA3EC350D8C65E858D588761A6C4CAE62C5810A8D90A30A3E8321650880D7E86E5CD4BBC0B523ADCA196A550E12C89567E67FA02DB7B8E3E4F73FBBF81942F3F81FF00B86CC790F93E65D179BE9489DC24E6868B411A0909862B6D51A1446891FED036E7C9FEC7FEC7FB3FA3F93FA31A3E4C5FE87FB12B1E5F22C2F216510ADA51AB8D0D10D9212A6621BC0D51F985449CC52219137635467E2D2CF248D8DB26B904DABA14D590CFCD426370C91B9A4934FC5A59E68E89DDC9CC12306326BA2C2CF7090510E2187504EB115FC3A5994B21B8DADC86E779DF4E418AA2CC6EE3A6B7D4D93DC4CE6BDD7EC99E495B92A8F557B8F61EEBF63DAFBA109B4AB69679486DE547A074086888C1510D191936325923CCD8848E6750EA0DBA55222B1AA9F02F20F3266C496596265C88748A59263D14F81703A2A76632C64B6A068503DD8F73230C41A13C0409A69703AC1218D4E5969C8D62F635112B26DEC8442DE42538988564DA7D46CC21220498AFA04293123C7A0F819C17281A84962C3B69B1141282081482A1045D6C21710AB834ABD024409186246449CC4EC3E06D6E758EA0E805B488ACC55C6C5152CC212DCD84CCC7B10DE49362DCA9447ECD02E082097B97E3B50E1E4E892723A47429F44E816D8B1261A05EAC188D8DB13A36D12C9246CC89986817AD810347725D16249A4090B5ED0EB7A41154D0AACD649F41E4688AC560816742BD5E5563E2545E8FFFC4002C1001000201020503040301010101000000010011213141105161719181A1B120C1D1F04050E1F1306080FFDA0008010100013F10FF00F5FDCBFF00E6AE5CBFFE2F2403AB2ED17D104749BCA952B86F3D3FF3BFEF411003557487023D5F7D20E2F2997CBF89BAAC0DBE65C200D193442F59F98D3F28A137BDE15320C837D36E752914E86D43F0BE19A0ACC275C9CF995EA44B829DC7B42964C2F5792F2E8F896801BAC3BDD7CFC90D305E76E9D7A93761E90D21F2869BD56A1A2F1E00C376661FEDEFE94CBE735F812FC8BBFEC7E6283DA1E3489165D595CE63D94D184B97984186A6E1572C9F15EB2DE8E2F4DD328792BFA7760D0EBDC68F8601BFA8E9F60581D45D01E81FB7C30B9EEF67E0F68A6C58F55665B9CA345E605A79A7570D1146EA134BCABF3FDADF1401BAAA883289FA7E5332862BEF6BEF122D7B44DA2544CCA9ECD0632A6F0D60B05950CB2A8E6E13ECF5804560B87C0F88015C0514E94D3C1FA41D06FABEB62FC8F520B5A092FF005FD0C446D025F51F77820B5FE37DA040EDC6E0C59FB3E9087F64F0544DA82B6BE094087ABF5E91A3AEB662AB6B6C0CCAC4758CA8CF6C869840E218413AA077B1F825A58E8EF5A5E03C4C574BA5F85FEBAC1008B79DEFBFEE77991E8E2E97F80C5C1E69EE7EE4906C03577D43E58C575553B909ACAE3FAFE9031FDAB96B17C1302E542318918C3E24095435E0426E6F91E7502B91FF004FC7A2A008D9EB73BC2C30DD6BE42BD9800B66BD817FA33116A145FC478F49077996FAD765BDDF520A0183042F812B867FB7921A7D372E5CB97C2E5FF5593540A23C1971C912247E24D1E241E04B2D5077B256C298A1E58BBDCF495C8974E8B8782800C95D5E74B7E6FEA9472A37C2CF84CB540715574B9F0ECC0A870685CC68F97EAC2D0C87AF0212E54FD5F4FA2FFAF78E50408E0E2C65C58C1E34D1E1B438044C60077564F7996CF513F4D57AC6E1BB42BF4D07A4285ED177D16F0BF522152670BDED4F63E92AD68EAB6C9F17F594ADF63D6FE5A7A4E409781F57EA7A7D564B946A87ACFF00A92CFC93A879823B92CFE99E26C440CCC18F07831D231F8D34781A4210E030856DC2E6FC0E17C2E7E8799C5E153144BE6118E616806740D03A44057C7332A69E64D81EB56A6D1F6589D01D97E65BBFEAEB01F60594F44BC9D23B05353CACBE07F46F13662254D51E2F074E1EDD34388CB84B830D21C37E07D5FB1E7F4BAAA3DD1D3D67B4FBC5F1950FD6B1475E0CEB42FB3FA5788C78635478271633DBA687D04312E0E61A543E838D92E5CFD5F326DF475FD7BE6691A6AEDA75778505EDFD6669F2367582F85F11ABC2C29DD8EB88EC376F6FF4AE9C563335F03C58B1652915D898DA4CFE482C03C95F881D17FBE905A76C26E97B7E68EE9EC5C759E74744BBA96B0FB9146A2435E17C07897C09FB3E64DBE8C5E1CF32DD758316D88185437B4B2D985BDD318D6ECC55E88EAA8EF1A042AF2CA8AA4FA769F1C37FE9B42669BFA1718C359D9ABA94E23B0F9884AADA0047434A88D8CC37E630D2CBFB6F3D8C833467EC2079912D283463E8A33DD653E197E9BBDE3F209F88FCE5FE62FC791B392F0FBC0083A213CDC5F40ED2AE85E8FC47687D063B7EB7FB8AD9F5FF0071A460C6BB7D3FA6E78198E163E62AD70829ABF3137A7BC1368870FD07270DFF00A378E9708EAFA18934BBE3F32B6453D650AAA967DC7F10EA85A0AAD7B458A5BBFE096F90E77ED35A5E8FB316DAFD0C462C020319B4D5CF39D5CCB4D23A1FBB303D93A08FDD195D3DEFE7B4B6B4EFADFEEF3052BE3F1102BBA9FB758EA48C88B7BE0540D9EF53E60DEEFB7C847385DCFDE2B41E1F862CD47CE099B0053B7078E2BFB5E1ACD44D73538D2C051ACF2E51B598A750D06AD863608586A48437B0CF3A82ABB0AE299365EB519BCFD07247FA478E84C7F418CD6623BE5CF669A7DDF3C1952B3C15079956745628016DED08018E543A21C476D2D501BD0DE745F48B82B088C11EBBC1D74013B5AA348B67EF27F24C8458DF51E22FAF853FC187949D960143D42797078FEFB9E3C3256D8DAAEEC3D25EA589B8B4A5743ADCA460B42D819661AD52E5C6243566E4E6551CB5840BA6E482A80569998DE68D0529C3468EDB44ED90CBD2D8D7A41EBE9C8E75E6A7EC397FA578E970CA7163A70C44AE3F1269F77CF171C71A7F79FDA56DBE97E4FC4C665081E454AAD4059CA9ACBBB74E52DE1848D9854C63A4B611973D2426BE219CB9FDFF00E705515CE2A5B9F0DA3FA63E9165FB5E3F988DCBD428D732D3B6AD6D4B4BC174CF39411CD2842196C2D1CA15821A0DFAF6A6EF96368FF8E015043834D7579403B218E9628FB245DA0A3D6A0538DA0AB631C162E21A2FD2BFD2BC7478658F0758C67BACDA7B44F70F988440A806AAC140CD50A1000888E44E0C05F3979D19AC1E87F90E605BB82EEC6C368490B6016684E7845925B5A071AD0B7BE20918019A2DAB629C037301E9F9FC11626A8EACBEB33719FAEE9C77E06CBF6BC4E42A01697A5EB5D25EF596AD5E15BB315E715E71816A437828FF004AFF004AF1D3E383C18C67BEC67B04F70F998172C07865255BD53E84B30C8C2BB36517BC2D8CA5586F4D7521AB9EAAA528557D62C7644D21A65367DA011983B0AAC219D1CE51BA061654D00D1BF32DBE793A8574D742356466F616B97643CC1E4244DB03674C91CA1954036599D33E6029CBA2A8D561E51D24483671409CC7BC1883AE8240AC3319305143D969729B71B4361A5F59773F5DD38BC1F20E0DD5CD53162C42A8D463A7073C1609A63FD2BC74F8E0F05E0CF7DE1ED1347BBE669015A73A6A6BE4A2FAB7F8254FB40082AC44E4CBC2D97BCD2962FD1D92EEA89D282B1D6A2590954B52A2B6A0FBC4BFE422D1E630EBDA222752C4B07C7CC24AC19BF6E915184CF3F9A2DA040360EBE7DD1DB05119CD01EE1EB0556A8DA07A1BB06F562D85740F43E8460DDDCD72CD08A641453D8F1349FAEE9F48B2A521161405BA3CCBFA12DAD57191B751AA7F6C807357AAD58899C81DECCA868B0358BCB952FAC312BBCAAAB2EB5623CE0C4061DD11201000501A1FD2BC74B8E0F048F0F7D9B47E24D2EEF98488963A91E68204D3935E995CAEF48E06D09A0CE368D54AA40C26A9770D11A0068064D0F4B84C8ABB5A6E34F4979141CCCC5077E92C06B002558E4CA8F45874C545252BF8A8DB3E6DE2A6A0EE3287C3474E48F2C403ED9A75BE9E518E3947608476C7987AEA100371DA01401D482865342DF9804686196EF7E1FBEE9F4822B8359687B39125DAE683C8C1908690EAC1B95273794704157A0945EF8314B50A2A096390B798542E105C2428390CD9AD83BC7200FA014352900C6355192C5D76B25462C6AEE25D17623876023CCFE95E36D2F0C6AFA18CF7D8CF6CF99A5DDF32E5C64CD703CCE5019E1B4D5EC24800001800D254043BFF0090D2F5DFEFF9F32C607A5FB7E201AD6BFBF762B92EA1FDC9EF02D1940A51E3AC0A003F4C7B31B440814DE8DF114D2264DA342E2548D81691AABE846EC390E24A01630DF797F5337437AF0FD774FA4F1452E97C891F09B00800EAA95A782C4A500180E4CDD4AF95B964A640A1728839B555A0DEF1D1DC3741CD1D01C3A0E59C093D432150D58D4574ADA0AC99E641CCC8A1D399020B071A9472BE41F11A5D50D932D8BEDEF2E3C82F55F17EBFD2BC4E1F420C631E22F629A5DDF9E0A8B12190B650D0295778F394624BD1234FE0C5EBA8A28481D74A7312712A952006B84891C80360B2816202E92CEEE017239C30B2B351D44EF6DA7BAE9D215751B58C6BEF8F4965210C739CE0A1657AD5745AF56F1AC714C734D7646B422E4A6591E1D67E9BA7D2224C6AE9F2EE3C45912F77ED01220A5926EF37995861DDB239B8CE878873B58B670A69AB2F780AB1FC04408B010D39103298120739A4ADDF2C00C2E30317DE56FBD047E0C634FE5798FF0048F17C58318C633F41CA3A4F629A5DDF32A0B47484B39BCE71569B7AC7974C1A603433676C62608350A32B74569C4C4C17612DAA6428CF2946C4C55C73756E4D3BC0B736E723B4CE4689CC8FB40B07606AE5A53BE3594CEB86E64D9B16BF6E0CE1B34AF524BE0E90C4FDEB906BCC7A690E84116D05429B2C8712350D1AAB6D3736DA1D3005CA869E8F8A5CC095414643AAF638FEBBA7D38844390450F4F64C61F12E8B77D324A5D96A414D3B2FC105FB0FF13509DEE556852DB97FC4648A6AAA8BAE695C81AAF5F666DFD23C74A46A9AA318C6330FD4C7055D9420A75F930202A94076E7C48C4057594E81D3F7D5965DED77EF7F04AEE557B57CBED2CBE977EF7F699AADEABD83E7E234DBB7FDFDF58940068DE2C4B87089AC594AA2CA64E4C0EB9489275A38FEBBA70789AADBB8F69EE9EB2E98DB9DF571ED503684AE15B7BC4D2B4631473665B4D087CAF99B7F48F1D299AE6A8C6318C7FA1B462C9B2E80609698D393215DFD60050E437B1C767E5884506F04C5BDFD25E9412DF2154E65A4D9BAF3BFAFC46617E6CE7F4F842DDAE0AF303721A90C88DF44A44AA28BBE873B120CD1369A34255DE46905A272FB19AAE5027B500B8D393104B8384B35237C164D1E862294E7565DFA74F78B1B6052F9FB6F1A9D4295DA12EBA5E9AFEDCD807A5904C0AA2CFA7D1499690E74C1E6A2A33C191C2AFADA550CE52057A93271F2A110F23A7F10177357EAA3BDE9C2A69838C1FB45414EC4B8090D506FC04AA90D9B410BE5AC2DD51EE99F7FE91E3A5335F0318C7815758F832C2D5A6616B62983BFFB0D902C17CDD795CB5425096F348FDC6005051CF557BF51950A3380CEE9EB9B20363B28A6453EC85D14E537AB7B5E0EF1DFE8F9658E401EDB1D6025266A11CFCAFA4BFA3D0A3137CB5163941FADBCDD980073CA200F23D3869F5A82B0ACB969744A0288B4F3368356DE9EBF8A86A4028C6E3BEF2E348F5EDF9B2606A8F434CC867367A9F4693CBB6AFDC1EB1D3B5AB286E508A8A16DE9164B67966FFC283343D8C794BB111541046CFBD5FDA5D4E40F03E5F11FE8DE2B191AF819BC6318ABF56AE19081306B2931E87265A471D650D052EF5AEB3FBB91EEE646B8ABAAA5006A061E7CC7396C987423D3278852761AC6CB3EEFBCBE2E58C05A18006946BB234FCA82DFAD14B8394CBB860176D1156F06BA472B1D6806E355E394CEEB6196716744B64AA665D92C79738E48B2C36C12F81B40DE6E92F5E68FA4A6FC55A397497B0D573C8AC7BD4E7956B1E129C1D2AD6B5C7FB1266B415CACFA2AE7351DEE7DBDF32C9FA52FC18AD333FBCBC98D8331C03A8B3D71F78EEED83ADCF87F48F1D291AF818EB18F07BE7E1E16CAB4B586BD5267AE546B1D18039356F1ED14A0AC039C2E74769795630E66D2CD18B4BD7D0DF05F88E471150CDDD63F79417E89E595900A29B71BCF4081A1B32C4B7FAE4C0EF026C236F4ADE12228AD6DBBD6E551989D43E962BD2E257543557FC22BE535B74A25313274E62FC2C731E355FEB7F796281D2901EB171315929A7EB2EDB0B922AC71CC682E9A7163073FC07E59843D84B5AF08328310E532262CE922FBCCD5A9BB7F483C7438C0918C5E05E67C32A1A82C23B14F373CFDE05B04B2BA9F6BF6803472DAF2ADBF57134344DD2C2B3165A0B519778A2351B1ADEDBF78ABB941BBD8A1E96626CA6D7105F7E6AF68FF00B0DAE99ABEA255F2658428A18777B9EADF2C8D74D1B90D10DA63B1D61D512D2AB850E6F96D3430392B5288B666DDE0D71FE3C41252ABE8FA73E930B6932D0B31ED3485958D5BB5F68A85D0AB35D1CFDA142D551F6FC7D14A72F96BED28499C97266591AB83526A4796521DC9D3B5F90FE91E3A32173C0C758C78079DF0CDA1A622DAB296105451641BD33702402F534DB3DF1160093397A72D7498E3B39B46AAB9FACAA833BBEBF885D2D61E2BC667407E4B96A242DBCABADFF6E0EA85D25C9850CEE4A61EE00D390D51A6C432F1DDA2D79DFC2100156050ADACEF2C2FA135D3095C8850A97551D899C3C99B3F7FC954A435E788805C2B5AEFF83CCB8B55BB7EB9CB8C8D82CCEFFBEB0B685F810E0E91203FAA9A133199A1C238B1C6F8B2CA0F5889734F67FA7D280F13AC6305C37DF7C30C5A2F685EA19689E971D0528A8BCF69A93FDF488EBE899FB5FDE0DA2BD3F2C1344EDF9655A17D93EF04E9DEC7EEF0ECFF005F69A7EEFF001D6165E0FDB6E930520DB57E3AC756EB7FBFE2359DECCB1F727FDA27FD6977E496B448F4BF4AE3B41EABF03F78F49988F04C08E31E26171EB2A8F5D7F7231FE89E23EA6062624000AABD9864FBC9FB658395FD6E0F000BB7F3376BEE220C2F791F3FB1F88EA8FEBA4474FB5FB44681DAC94FE901F782C07F6E7159A7B2FCC36CBB2FCCD83ECA68622FBF617ED2ADCF7232E3D6BC7E60BF69AB77910A87BA4A16374539438D9B9A3FA769809988F49891622E22C47AC59654D8683B7093FD13F40984783AC78544CC3113A9BCD0E370D21060E20C1C4BC4B8B88ABD59D6603A17ACAF4F3207F9901FCF99FD8D2DEF069C45AE7F38FB4C445923D2631A3834B35A2CB3C14FD52DFE903F4994E0C654A8919ED5058857D96AD5A846315CD00A6367198BED2AAC092FB55BD62BBA8AB1D899DF94C3D05BE94A17DEA001568D8A578A7D6259385DAEDF887B710BEC9AEC46540460B5A0F35D73D6031B369B97AEB8E7112CAC0B666B1E8C6D8BF6986D2F72A1B45C3E0B97A320D1AE9F11093314D06BEB16F0932B66DEB65434E5044D285F670D4FDF3F43F4604304624D24588B1162644D4991E0162747CFE2FE91FA4C3378C7832A3573D8A0C2004052DA4EA32E11951808DE3AC072DCE1AE97E3C405DE405CB6E368822786B657AEFAC48699D4B5AFED8C34184C404D6F5B6FACB0DE46697588DD45F4545A0D37D0C6C4A74081AA7B76AA251EA19771DCC320A3D4048319A51957C025B00AFC44480AB7A1AC415BC8258A46BB626388DAB6D59DF257688D02D2F72EE36D20A5FBE7E8103B8AFCB80792663B4189A23A25519596AF0C06D652F81F9FE91FA0CD51E0C78EF199F650D1C3795999DA1086B0870DB8379503812A7EFF005FA16EC4F53732FBA9E92804144B40F348B9C20F7F78830937C23EE9814D171ED4AC6F092C794967B8FE91FA2C318C631E0B167B54347AC78EFC48700CBE0DE5F020570C7F5EBC551AB4739D0F32DAA9DE377CCB22BAC3A42E3EA1117C8291B6A0D6906C3107CA794362D61628F5870F5D06312B34EA3647DF00A72773FA378E84CD718CDE3C58CF628688C7597C47890FA84DE1063FBE6081656D14043D70C4DDA2BAF28CA02BA85C603AC1054349558B933BE660E115A6631353AD0C1D7E8D500202748D4499BB0C6465E28DC7489B6B353B394E661836F5432442C470FF0044F1D299AE3C5E0C633D8A5E11732E0C210E24BFA0712134BF7CC0D33D0DD722264BDABAF579B076B28B709F486DB5CD4CAF239B0AB358463BB2F8C89095A855BD4076629098E47566D781D7DB9C61109B0AF6295D750815C0AD0A1E8ABA3F43333C3D17CDB351EA231181B6327C80D3D0434BB6DCFA92B4905EEF73A47E4B96AEA5910A85EA7A3F1038D373FA178E8CCD7C0C63C58C3E24D9EB18F1210781F58840C42F5408D6CA13B047703946A0C7688191D351ED1F92E4ECEDEB0A0AF4678037568EFDA19B405F01301AA5D95CF15826661455174E0CA851A1AA956416568ACB545B793115C79315B2061AC675D62D7E3306E911C2070F33AC0E8BDAC5068C83AFE0808AA22D9576D196B593B5C63718237636375AABA3D2994957B6242CD83234B8E7E96D6054A39310C9709F2F261B4EE3A8F2FE81E3A3335C63C18F0633DB2561EB1FA08665422FA84204549C04AF06F40E44A3DA92BE5D96FBC024A183B0B1EE8B9CBADE736389641101EF6C2FC08E682C3298B2966D309DC845720219B75F53A4BC1394C158A340DF06664CC97553C8A0ECA89A6BA164392EDB34B73E90B2DC2FD083756822B566B628705070A858B90B57903C9080E9AF00D61A03A18CB5BCC555CF7614387A87ACD32762EEABCD4A2B54592933E209E5CE86D1473425C1CD33B9CBF1113B0B1FE7BC54638311E0F1654F609B3D63C0D7810E0421F4884504140E794725B532981B8C731504C71548F5017F135FD557825588195038D1B32D3F0894850175E834E5D31BF28153E082B33ADCDF3BD8E72D6091A42AFBE91B0C968E9345CDBA44471DDBC45BD35CE35394B6A1520B032B394F3953263756F34BD69ECDED4DA059C599CB61CE98D32E2595C88BBF2B941E44B37EDEF05FABE8E367CCA7168C5C61942E2B2D2B0C3CB0AFF9E7E8B35C6318F1787B04D9EB1FA4842284CC5E2411D6548D02E3317517BC6E9DC2C8A58542A0EB4E09B9518233D8DD36F688DCD07604D5BB0EB7B3985C212A95339A154506458D37945018E037929305D8669235ED0BA03CC3A8A5C3C6E367CF51BD2F7984330194E4B283B07273821159929BB437AEEDBD716B9911420068AB6D366E960A5C89BEAD4E22F35EB86969AA5A28501D1A1107E3AF6B9AA997A0B00B510D4198DD7D619750BED0D0582CFE73C74A666C63C1E2C67B0C347AC630E271359B458BC4475964D51AC5B9AC6E02110C512D17980ED951656B6840029731701094523D773A2276859A6865B6A4B3DE728AB0330AD9C88A31D5CF6CDACE48B5D2A1B62F3920372E8C2E6A75E4AAED2ECAD5D96095782C51B7A891A3D2D7660E41E63953A46E04C6A271E675ED82195C5D0674115D463450D4353389740C32AB5C389725BB5FA7F39E38C66A8CB8C78B121F121A3D631970E07125CB97C1A2E58DB2894E4DD07A25F78044D2CCC515C170564C31D33B88A09426139C6AA23C857D117010868A1EEA6072D7BCFA13E661F3B8A01283409534253045518D5846DD656B9CB59B03D7FA1D1998B1E2F0A8C749EC3367AC630FA0385C5970E163516552B55ECF961E8C678A8B4E208263C009834225B4406231441F41C8CC85DA7BE887EB571FE6BF419AB81231E1719A261DACD918F0381062F05C3838162C5894994D743E6669BD60F1406384DC10E7803102E5448907186B063806BC054EE4CD397CAC7FA0D189AB118F1631668997690D1EB18BC07E85E07026D463A19AF081BCE5EF1302CA40A570349C3A78C358845DF062C64516B14454E454793A54A0C1E8843FCD78AC626A8B1E0F063C1EC9367AC63C0E2B165F02218B27050A5AD46AEED5E208D1365A4AE9B0ECC6D90B183D27EA25D0E13FF10BFF00887EA4FD6A3FA117FE12DFF313FF0033F4129DFDA0F23C41773B915DE6EE46EE89C912ED22B789CF0187F9AF1D389AB818EB1E0C780F890D1EB18F0BE17166B084348F2B8507AEB34382C13064372585B0B035CA27C7E663036EA06E6A9ECDB77E7599E31DD55F3AC42BD6297DEB589D1F9867CEB0323745C0CA3C70C104D969E2E2381E87C4D83798BF32B57A8918AF4B01AD5D98129274A22C2AB5B6DF31AEBD8C5D9F7EA307D92A04028DDA47CCCE0B724540C75EB6BB3D63D6A65D8D5173C47FAF5FE73F448998B18C7E9157650D1EBF3F598421A706DF74F0CD2830C66A353D7ACEFAC4EF34F88CD7E9C5D6EC38087994707B178E3E117095FABBE3854BB936E74FE265B7F4E92D2C7DF37B4F7BAFC7CA21820E5F8E60C0EDF8A638802DAB8E6A91DCF6FE1397F7C30DFB382FC6965D7D865A8596F911E42FFD21BE601ED8FF0035FA04D51E2BC5E0F62E31E2463086B08456799FB4D64D0C7EB6FC9FBD651CC455FAFE08420129C275600A07623B0CCD04D108CCA9BD7DE5390F12B765AD34606C00D29779B518E70DF9D3840BBBBD293CC0F37F159066FD3D23D36456AA7656BFE4CB38C608367333F3FDF98E608EAE2B199E0EE477E04544C5841DD2FE74FD0E6AE0782571629ED52B18C60F165F02108A6D9A5CEE31966E6E3163A4A6650B5B1732E6960A0F2B3DA603B59EECD04D24D24D1C43B9B78FFB1C0162B0CB8C7DE01A2908E44CDED09BE263B64B6C47A485556F8EAB8E92AA46377D4E5C1BBE91B51D2AC015B0E57494A6BA78AE3DD1E19AB86B93568F78327390FF0035FA9C1383F419ECF0D1EB1D63078BA712108CB1A27C66963C0C7479A1B45B10D15A4E84C7CCF99F8E065823C11E08A2C70D78D69FF21EC822EADB5B9C41F46D805868E51F5A9CE9D0D637DD0B44096116011A3CE13A850954A861AB7E5103D0DE6A0B506EE1C9A64FDF58F0E89BA6AE16F46BF0C15FA0D136FE6BC74262CC63C1FA4F6B9F723AC61C58F1222C06AD1D163B2503BF29A481DB26774778ACA6BEF330EDF33F57A30363BBA9A49B6386794D5261DB235D08EC2F797835525EFCE2CBBC52AADB1A29EF1B510548998B469A2BD00EDCE25A9DB6E52ECE549CA3BB1459C421DD70D54632ADE8BC0A1086886B11016BB789ACAB7745BF60ECC5DE1882D6B699B687B427E31860A6835B4839D4028B02AEAF5B7B929455919AA0AA2231E281B0D3FC662BE8EECB4C631F94B39417DF868EA8F07FB37B9AC6DFCD7E8916631E0998F0783DAE1A3BBF318F0383C461C022AD2535E8CA9B04C0FEFF009850A90F69AA45BAEA9B3E21F04FD9E8C645D075E09A48BAA953C422D931774CBEEC124615F4736EAADF49CF6D30BFD8CA0B04C0216BC2CC21E9119B55C094B7BE6F304EA0031566FA37EFCE2B82B94E11E6E0ADB7ACD65336FEFF00E285D7A9FBF4893DAA6D9CF8B7883CA5BDD68FE582299E822D41869B84B4A9D132D574AA828F244D66386EED1F07FB2A4E6FDFFCE7E8D35463AFD2619EDF367AC48FD0C7483C4E0256393B91A2ABBB17FF002193A32D62E1A7E953D9FE18844D9FC1349082930E182F5AF602D674CA3D4A9820650582ACEA92B7B1A0528E1B1AB022B601817C817EF2B0288CAA158C8C25EEBEBA00670715A2C56A29C8A43731639B39479315D22B82176633923B877612A0F239B97AF335406F0142EB5BEB132498615499397BC472E361660E52E9B3D633584137ADFB96385FA3C954DDB12AA58F2CD5BEF9828374161B710408001D73C00BF71FB20AEBAFF387E8318B1E0F1783D9E5611D63C48C49B421080862C586F1E32B928394F388A455EDC9869FA89ED31B56D5F89A09A09B9B10F8132468A1B2DE4B605B5877B5D08B4C9B0E325D450C1550762CA35450E2C5CE20A0A43D24CD6F75D28D73889EB9D7828AACB669E4724CD8C149A44EAC802F6B0B86CE618A3462EC959A79D6D1FDC6AD6545538168568477C17DF426A148E148BECD4B8446A3C6E50D66875BE798250815AF0D9DED2B9280AE516802A8D16776F583F6B6556A845162178A06E5F054B280D567B5FAC39655514D7335335C6E481FC4A3AC2F2E3FCD7E8D163A4631FA0A7B1CBC3D631FA18CB832E5C119DCA6663A4CADA69DCD7ED0F849EC33F73A4D10B04AD4A574AE77175805AB848B15A6BAF3806A3CFABF68A068E7E33F3347A9F6FF00597C9174F531F36C75A1A76CFA1F78B9AB0BFF009F04D15AD2EBBFF9511A5971EB98B0CDF35335475FB3A435D60F963FCD7E8518E9C18F1781787367AC63F431E24228A5822DE50CB013F103DC1EF34FB65FA549A09A0967F632964FD0BB646DBD6EDE256481542E2DDF0876E63EA3E0F908EBB22DA8BD1EB151A540D37099EF7555020E485A45B5DF3186596941D5AD6CA87FA8590AEADF77318E8A50B50D1AA6BE90FAF4183364EACB0CA17AB8B3D8EE4AC34AC180AA5D55C150DA355755B04D7D22D016C250E36E568288C90CDD74F2BB9AA6B9D9E9F2FF0090D1EBFB47F9AFD12318C7E8783D8E6CF5E061AF162F021C0E0BA4A5D41A7D678F9F7999ECF985D511F98B481A5966D2AE59250023B259118186412E51468BD2EA2A353458C5FEB052A36B2EAFFC2190151582A8D53E2010006A07ABF697A7ADD156997DE5493294B5AD6DE599A56558B8D03CDC6BBA32461A15E226DC9BC377DE6005D0F6475A96BB04BE72A401A0141375E218661D4CFCB2A1FA523FCD78E944638383F43C18AF4CAC3D6319BF163F4135706F10905CDDC14798C5B7D7E5064ECF99540BB1CFB408812B6F7BF330D88517EDD7A41AB15B7BF4D60FA9E4F5EFD2A16CD0D60BD216C8E5C9EAFF00650FF52B2BB8E52AD06952C808ECF980601B20D0D5072618FC4866785431784E737BB304549A1930ED2EF5D0205984C8F9876DD45C92CF9F681B40AF375D2262DB272CD0592CA04C31B39CEBFB51F07550D62F495948DCA3F304058752621FD658297EB48FF35E3A5318BC18F0789ED736463F431E27D06B3C422B6025D2F9CCD58693921EF160EEF987439DBC409688A58BBDFE3DE0D018DF4DA73620B2EB67F7B4B3AD107756E6FD5828E280EBD50F4B972724BF54C3726A576646E9AD63450B35163286E057BC16C12A0D69E456B7CE001BAA8CB48E6BC425A03D41296971E97B2C8D941465BABE90AD84C12AB8C9DEA0620374ECD188D2D38A6F5D0E7C98CB90C92DAC679CAC05462FAD739724516ABD8FBC24C7653CE69397DECA1F2F891FE834223A478547831E0F6F9B781FA18FD0435884EA311E30D2DDA3B28FC3165341E5F70CD1F4F931BA20EA9569A79EBED28DF53286D336D39FA3F7A880280397C69EF3269C871CF7960D051A8A26A0E8174C2BA253463BC435358801306EB4C5E6CD59D8DB09A4BCC6682F4103B0956C4B9FA5459E5B3657ACB443E09792D47B472B195F17F7994D2DEFB9F6B9871B4F46BF31E033E8715D6588A2D6A5C426B1BA95DFC4A58607286A4F107DE0E883EC47F9AF1D288FD078318CF6399AF03C0E0C781C75116018145E66C00A1F79580793B902A2F18CCD1F51F8FC455CC17DE004DACAE912577670D5E7A758E8AB3BD7C75257BB71C9A63ADCB208AAD6F3A6DFB889B2A855BD254275BDE3A3C80756E4C6B07344D2DADDE95CE3F0D846EEC721EB79978286065AE00E6C0A20DCD161EB6C75375DD1A1E818EF7170A28A487A3B912300355E90290366A9E7A69CC9439315AF4D39779447AB79276EB109DA95E8AE909091C0EA8AFA04F6828B917B47F9AF1D388EF1E2C63C475DBCBC23187163C09A170CB17AAE6A8E5323EA44C75D59B9151F566F35E7E9727FD96F57F2472AC3659416B637238A6985A7F7B42349771D3B7394C34B325E95A46AAA1D7E92D215140D546EA3B1BC2D685175D73703861A474CAD368007B2D43020240C7399253E891A3A3F11B4601C44DE86F6135DEE2DEAB07675826434816AEF1FB89A34BCE394CEA9A8550CB7DA59622064EFDA5F515D0B2336B1AD2889AE461E6890F20F641439011D7F9AF1542231E0C782F033D821A232A557163C6BC44626B43E5D208527B6DD935A556C193B45582A51D1307307D51FBE2157D877E49A53491609A639BC001A6B0C059A6BD3136EDF8CFDA3A3FBB57CC734D5CFE3E620DD6F75E66F8E7F7FFB30D06E9F2FDB816266C1ACDD0C541394ED03FA178C463C1E2A2C67B04D0F58F0785703C498DE60996CAD2FED092DE866212D019B1B137E1EAC5932A1B2FC92B84B863E1FA24AE7B5C48508965BAF991DAF59669BD62361EA45EF76921AE873FD3B89FE767FA366CBCA85FC98F1AF5566453F7B9FBE502E7EB5D021FCE78E944758BF438628C67B745625C5FA4F13810C926C971C3751A3DA16159A4769AD3D95C229D83D1F88828380217B3B7BC28C23014F4FF65F569D32DF8B86684771AF9B94AC4F43F1415D7BE50A92E4770AB55CBF05CDD47A1EF503D8F4AFCC49DAF4FCC4FF00CBF31CABBCF07B5C0E5CE575F996D1A7EFAC2962FA12A69A757FDC76534C5FB5FED4327457546BCB597BB6DB1877D7DA00ED989BAC0FE7BF444D51E2C65E438965532D28FAE7BD822056950C4BB5B1CB2D2EDDE20DA7898269E445744F5C534F220DA79D17F71905115AA692B308804060EF154473D1F31A96CDD62CA2A3CD4F604602BBBDA0A2AD010C3E6255AC34D5F101CDF10439C09B30E5316DD14D988BCDC53760737C43E6F884356039C6070CADA3E60F5CBACB0D8733F6FF0045A5118F0BE038779841A303A85F889C792746E07612D0B9EC4178361B73BC4183E8272BC388197E1F79F0CBFDE7243B399657FAB68369FD8FDA0C601EB37E85DDB1EFFE0B505759BC22E70C6E3B065B680A2F6E15E1ED3E14A0D1CBAC12D6C70D58345F859FF77F998BF23F996ABDD7F30A07DF7F31E51EAFE62397B31ABDEBD3F1123016AD608AB10D4BAF587FB4C434F23F99571E57F3331F7DFCC612A6A66CF788BC060AD5882A968B4C2E356859C8E7B4161FAD3F9EF1D288C7E8D9DE7B683503DC977DB26374CECA373EFDFCFBCE97923BBEF993EC4E6F8103D3C48ED78A01A03D201CA188BF4B69BC23AFB7052F29BA69EC45D86A689706ACBDE2BA8E60D631A8835D2295C31D25F1A4B5C8835E08A0114D4BD225EF062696280A727AC0339F29B4BCD54B9F1165D9F7951E7FCF0F1D0FA50CD92DD16D7E3FECC2B7EC05ADCF5012850894A5121E941E23A8B4435B2E7D4AF5822A30E378A034D9B75D36B7BDCC7480B1DA2A5BB06C2C59D1D6A3A6D9E02D4E5106DA51539F6AA06D1D9045552B0B25326F27DE34EA3616E72E79C14620724416A6AFABCE30A9456CDC46A4A41CF1A31895734016E6A8BC276CE93F79CA6F08D13602D22C637E7DA2A51C99ED52A6F45D663986F398105CB60805E330A2158AC37D47004D520A33A1159A19579C54302D63C603A1454E74D4F47E660492DA73E63E2A82E8EAC4AB5FA0D6759A05965CF7084AEC57F18B61156A603ACBAECA2AF26C259B9519E7ACB3F9FAF1D089ABE861A25606D6CF4D63E6500BA97862B755B0A8B628F9955FB930AE5B5E0C4CF8D9700D207573125347758EDDB0CCDF742D8001EC1875D6002AC3702EAB792C9EB7AE63C4136E0005575A06260F3FDD55D35DE8952C8516A8515E8D4A845050A5005FA01E84BF66599051DB941F905E0CE6BE50F59FBCE51D612968031D4E50ABB08B6989983509AD8B333ECE5047102A901C37CD11630CCD6ADE84BFE316739ACAC7E0880169B417E11406EC59320BD1394A9255768639D4D446779E3D4850700198B9A618994E52D32A82C7699C2C2BD5975119BC2FC4AE21CB457D63DE9C55949F54A4291ABAFF00C8F6909AFAC17DBFC3FCF7E809AA3C586882A865875AFC45C46A256A5DC0DD42EEA86EBE12689CDAB31B2BBC3C91B5A7A5692B6AC9885E4485A150E5D0B563063A44513281771D74AECC2F15F1AD5D1A721FDA8C5382D42927BA788815DAE72D2948DBB75D442289DAA0A116F1BA4AA2901CDE9A3E8413A488BA31955F3FD5CAE515D3201B16F9A3E8EF3F79CA5E610D1824708D86A30C202C39F526B62AB99274C53CF917E2618D147523D0ED33413412C0375DA51E4CCD4A8703BCA9CE31D2E36D51791996E4BAE22621F7A22F057D99885DCE793EF092001D3877CF8DF796778FBA6DFCE78E84475FA19B22562B1CF331E2662EBB258D1ABDA315144FAB58B9B2035AA1F78517678514D38C72768D5934879A1A34E72850E45E41587E1EBA5E4D543A8283EA666DC58F027EF3947584D576814B6AB59A95CC5A0FDA54A14D7A4CFA0EAC347C893C8CF489D89E899955D85A65565EA31E85E0528E70FA884D5275CC44A458A425C63BD1F820B91FAAFCB3E2657C21AEF79DFCC00C014684A9718CF2831505E3257DA51514C2A595D0544DD6889529ED5285AC7FA8624F034FE63F40472FD0C3444F0ACB35A3F059682D6676ACB095156AE8ABCF5E8C2A9320E802E7D9F10A2C4B46A57170D68D06F0BBF69778DA829C59E5D2E17C36DAD96DD2AB48C2CC736D1CB5D180D8DAADBD2AFCC4F6116CDDA1CDA533F49CA3AC26D2D6B2BF1FECA34AF234C4EC1BBD2A14EDDFBC7E19717A5C660E25757CD3086439CA14A2803DE2383E8152F77A4525AA2EBCA6DBC1FCC4997D0262A23E21869E60DB8EE23D2EC730C194161CF0B77DF4F7968436E47472EF1E8128B72DD5BF8F520252508068AE4D79475B72C84C4D53738EBFE4C06AFF0052EEEBC63F98F1C608BF432B0EF09BC1C3523CA85D5E732CD8888F2BE7DD88DAA4297595FCCBE723028D03E03E8A00B968D6B8813B96AD2B57FEC2C31D1B71EF14D8A93B92FB97991CABE25DE32DEDF83C13F49CB810D26B6EAB2C186D30E51C05907D408A9428DEA3289BB7A5AD606BA202DB054BB1D852E70C14DDD717AA067D60B3970AD88F4D60B55B7029055892A85B66E3706D50D6D4C306E98C637E9DE5424ABD0B94CA585EAD6EB97AC423262F0F39608F2A54E4CCAA82BB155BF7890356C84BBA29EEE27F3AB824D5C5E1CA688030748FDE07DE3A30ECA7DA260EB0B4F986A694151CF696E89D9A27ABB48F59DE904D7773F314D4FA3F305C03F498F483ECF7955CC7AA8A9238AC2AA6FC04B486F474DCF6A88F697CD087286AD9F04128F3E51118B80B62C302DF4D442A31397073BF986605CA84ADA3CC6AD1E6556A9E6741E618653CC6CD4F30FF004A3BC7CC6BF7A57FB92D34DF69DEF0C22ECF084417773D01BD8E27F4011E2C6240A8236309B68F427B16290532DDA84A430BA006FDE27A37A91DAF53FCC73C79FF0088A69FA7B476BC8C769E37F319743EAFCC6EC0F68E42F44642852005C26A86902D1816F33F7DA56C29EA419664392858F7A8F0E02D8B36D2D1C8D661913505C046D3407397DF60CC1B4EB9254376252D1E207F8253FB503052BA0D660B6788F20815A4159A81680B6520C3A59572E26BA46BA265AD60D790D3BAABF2440A536BC9C4FE81231FA58C63B1E8830FA9E0DE1C4E01B4C9A3718C5D353639CCF245DD02045A8B097DD6C273B9A9E64E376EBE3E6334AAEBB53016A8F0B7F10AE2CA1BDA575C5D11B892E6C42D91AEF516EE4FDA2C4A400299C5CD4C3D245519198116ED0562F58A4AA41F110F607296C3404366980B8885E36624A294AD8263F59E78869FD0244A8FD2C48F04D08C61F42E269C0E050FB441B9952BE57E9285340A9EBB581B37FB92DA18A3BDEB98A693A72503C608054A523C4CD96A0349DBD61ED2885A46896075B2A0163A24AD83440AAEC7DC414653D228824371332BA89974DE3223619CE7B54226F25D3A44D602C75221B0DE0220ECD9BBACCA45AD95C92AA36BBC544AF59640C1706BE307F36C964B09CA231FA58F02AECA687AC62FD0FD21847A24932086D7663BF9C3353325B0AF58CA1BDBE7806336C382698E28E29A3858CDD37CDDC3A18D507927A49F7E23F9172E5F0B964A4518C7EA1C1ED5347D631FA18CDF8348122877655B2CA1D9E228DAAD3F2891BF0DDA92F0E51839445D46F31E0E4ABEF3250610E26CFA95A238B14D2C716B34CD13430538768E027BBEDC4FE3DF0BA8D232F5C618B83C31FA9E0F668688C610E0C7891AB336C1B3CE6375CB7E8C72E7A823533A9757498303CF53D2691A4E9339C970E09A48B11C71C51638CA28A2D66441061869F58ECB84BCFF00AFE4BC1780A8C51C1EACBF5C45AFAD8E61AECA1A7D631FA19A3E8402811C233209BE86B1B5C3C39CD4CACD557A8E13DE296F32B49AA5B80E902AE505A4AAD0CDB1CD9D8D3948369B9F0404B5E4ABCEF2C15215D29EF5294A1E66483788B529501CC6F8E759899B9336E45F46E0EE69FC6BE0B988E0A2510CD5846F28DE09BCECF1065FD4C67B141C231FA58F1DE0094963B32EBA19A6A768CB746174634DA22DB70514D02A6432C6F582C4342588066555C6BC1EB15731E7B4D5DBF48560E8606449DD8A5076213A876025146BBA9889D4AE2CFC261493BB102B37F84001B3B92E5E399910F328422DB50200DA95321DDB7747F1925475E05A5EA344CC6CC5CC7BD65ADFA5C5C1972F8AC62CF6A9A118FD2E630E1A4268891539A66597A49353090EC31C32972E6D6ABC8EB1281C00D84E40E58802D2BAA7295B38188A42A1A9B406D7DA15571D76832DC6CBFB4BCD2DA3CDF388196DD89415703CA0819BBEF0404C235A65D0A6A8626818DE42FA1CDA83EC0D5B372E1BD51F1CAE6AFB7D82AF6AFE432A59C41A2E7109788D0F713181D6F7EF36C5DDC3CE904C8F58074602E538162CBE08688C66FC2BEB1062E644C88AEE6D436A8E220AADA43CB072394CF20B8B2B55F01009B668E76B1F921AEA3622746E03C62B6B7AB7F7960092ACC24ABD6D7360B29AE5FE103D8818BA58E62188512D69F31646E99C72EDCFD203010B032806958C04365ADDA5CC970B66E2387930860B40DBB4ADA2EAF599A894497B5AAA071E60CA661B419C1798D354BDB31642220F457CC3FC775E09C43A70184ED2CDA55A656A8C2D86CFB84B87D15FE7DE6962758FA3F98E52DBAB5E749AC6F58680328EF354736870488425F12E61C34971A4DCAC6666613051BD2E66C0F32A682F990C629D6C24A1041BA042C4039C3EF2E0CE4FB586E9434B226ACB42EED771A0BE998FA60C7112D5216A726E2E29BE4F77394602F7283A53898D11B2852F6CB98607AC9467F1312B2E88AF88A14626AA22C5BD911D303430F894B01BF594636F24FBCA76D915DC1F95961FC8A89138A5BC7EBD11E882ED1DAF050B4C67991C50E429F24CB576838C7342E4DBC315D7305B1E48D9A662E1283889E711D411373E48EABCB3455EB35FF347997BC7E26ABBD0FB4375FE4CF99A82EF4FBCF63ED345FDE72942927ECD09B40EA3F782E53B67CB1CDF6E07DA3C7A53907D23681E72A325A1ECC5518880E0A86B5614417AA714B773D63729798DF6B86C51DE344D776B7AC5A65F989EBEE886BEF978764D0415D328860BA8264D4D5335003A0A0977F28912218CB099CA4EC8F4C4728F447A22B947988537BD21CDD2F94AF00ECEA3D495A06D340F36C11E885113F3E21351EA335EEA52CF94369F0B59A79EC668C3B103CA1D3093A210744B8D21ADC09B098EE1C26D0A0869BCC142C555DAEA458B2364D63103919F98A505DA9895AAD7CCC643CF351B6FC5366FADFDAA612873089329CD6FED16BED4DE6690EF73528795D4470DCAE05A5B7BAA237A77852B1D909A6065A2CA37994992A26A30B255FCB54A952B871B87B27647A63D1187A676CEC9AF498749DB3B61D30E89D90E8865A716BC3D909AF280966D1E4D6F9472E3DA7FC696BA1C22C8794F117D4C76CF88F23E2743E27473A79D2CA9B3C4E97C4391814078012FF100CE90C9ACC1ABAB5FF3C54A9812BE9165E9E06757094E2D676F1FB7E95A4C128E908C879E6396902F262082B866588A274A32A45BC32CAB2EC4B817B904A5A876C3311CFD90C57EF2096CA1CAE6559F786577EF1BAEA2840C706219749CBCD35A011FE80454A952A54A952B8354C52929292A512A54A4A952A54AB496ED6A2EA402A139E91170A5CC9631085025D8CC3C4BB30C16AA97D25E31115683666414AF588B0DBDF4975D177AC015F8442E87103302115B471B5DA6AB7E50302E72A6E70FF3CE090952A54A952A54ACC054AE254A952BE9AB496AD800425CCB04D53ADCC904188D3B45C3BF05D254E011B228CC322A3B2A2D80BA409AEB02B7C0144D382BAA5FF404107D20A95C152A0C4AFAABE85440D6814470445F48561BC36BCCC9C01020414C31C4B20200D635643D6E0CD04C358B5DBEB1199C34891208381A97203FA038550E054A952A54A654D1F5D4A95C12144A8C1CCDF26ACE93240820425438652DCE5E539F003D9138D44821949DE687F4222A54A952A54A95C0330254A952A54A94CA951310A70713565152B1363815040810254081C2A24A951E15122410CF247F4422A54A952A54A952A06607D07D1ACACCA952A259286D979E095033C043810207D2911952A5707805C3E4FE88C57D55C6A059F40A4A25252054A952A54AE1AC90C439B8733260A04A812AB8571A951254A9512244821F3FF44332A57FE2312A54A95C6BE9DE5410251041C34103E61BC38D4AE15F4BAF04C419959830EFFC1FFFD9)
GO
SET IDENTITY_INSERT [dbo].[ProductxStore] ON 
GO
INSERT [dbo].[ProductxStore] ([id_productxStore], [aumount], [id_store], [id_product]) VALUES (1, 14, 1, 1)
GO
INSERT [dbo].[ProductxStore] ([id_productxStore], [aumount], [id_store], [id_product]) VALUES (2, 3, 1, 2)
GO
INSERT [dbo].[ProductxStore] ([id_productxStore], [aumount], [id_store], [id_product]) VALUES (3, 5, 1, 3)
GO
INSERT [dbo].[ProductxStore] ([id_productxStore], [aumount], [id_store], [id_product]) VALUES (4, 10, 1, 4)
GO
INSERT [dbo].[ProductxStore] ([id_productxStore], [aumount], [id_store], [id_product]) VALUES (5, 14, 1, 5)
GO
INSERT [dbo].[ProductxStore] ([id_productxStore], [aumount], [id_store], [id_product]) VALUES (6, 10, 1, 6)
GO
INSERT [dbo].[ProductxStore] ([id_productxStore], [aumount], [id_store], [id_product]) VALUES (7, 12, 2, 1)
GO
INSERT [dbo].[ProductxStore] ([id_productxStore], [aumount], [id_store], [id_product]) VALUES (8, 12, 2, 2)
GO
INSERT [dbo].[ProductxStore] ([id_productxStore], [aumount], [id_store], [id_product]) VALUES (9, 15, 2, 3)
GO
INSERT [dbo].[ProductxStore] ([id_productxStore], [aumount], [id_store], [id_product]) VALUES (10, 15, 2, 4)
GO
INSERT [dbo].[ProductxStore] ([id_productxStore], [aumount], [id_store], [id_product]) VALUES (11, 15, 2, 5)
GO
INSERT [dbo].[ProductxStore] ([id_productxStore], [aumount], [id_store], [id_product]) VALUES (12, 15, 2, 6)
GO
INSERT [dbo].[ProductxStore] ([id_productxStore], [aumount], [id_store], [id_product]) VALUES (13, 14, 3, 1)
GO
INSERT [dbo].[ProductxStore] ([id_productxStore], [aumount], [id_store], [id_product]) VALUES (14, 10, 3, 2)
GO
INSERT [dbo].[ProductxStore] ([id_productxStore], [aumount], [id_store], [id_product]) VALUES (15, 4, 3, 3)
GO
INSERT [dbo].[ProductxStore] ([id_productxStore], [aumount], [id_store], [id_product]) VALUES (16, 10, 3, 4)
GO
INSERT [dbo].[ProductxStore] ([id_productxStore], [aumount], [id_store], [id_product]) VALUES (17, 11, 3, 5)
GO
INSERT [dbo].[ProductxStore] ([id_productxStore], [aumount], [id_store], [id_product]) VALUES (18, 14, 3, 6)
GO
INSERT [dbo].[ProductxStore] ([id_productxStore], [aumount], [id_store], [id_product]) VALUES (19, 0, 1, 9)
GO
INSERT [dbo].[ProductxStore] ([id_productxStore], [aumount], [id_store], [id_product]) VALUES (20, 0, 2, 9)
GO
INSERT [dbo].[ProductxStore] ([id_productxStore], [aumount], [id_store], [id_product]) VALUES (21, 0, 3, 9)
GO
INSERT [dbo].[ProductxStore] ([id_productxStore], [aumount], [id_store], [id_product]) VALUES (22, 0, 1, 10)
GO
INSERT [dbo].[ProductxStore] ([id_productxStore], [aumount], [id_store], [id_product]) VALUES (23, 0, 2, 10)
GO
INSERT [dbo].[ProductxStore] ([id_productxStore], [aumount], [id_store], [id_product]) VALUES (24, 0, 3, 10)
GO
INSERT [dbo].[ProductxStore] ([id_productxStore], [aumount], [id_store], [id_product]) VALUES (25, 0, 1, 11)
GO
INSERT [dbo].[ProductxStore] ([id_productxStore], [aumount], [id_store], [id_product]) VALUES (26, 0, 2, 11)
GO
INSERT [dbo].[ProductxStore] ([id_productxStore], [aumount], [id_store], [id_product]) VALUES (27, 0, 3, 11)
GO
SET IDENTITY_INSERT [dbo].[ProductxStore] OFF
GO
INSERT [dbo].[purchase] ([id_purchase], [client_purchase], [date_purchase], [location_client], [subtotal], [shipping], [total], [id_PurchasingManager], [id_Dealer], [status_purchase], [distance], [moneyType], [store]) VALUES (1, 1, CAST(N'2022-06-15' AS Date), 0xE6100000010C4971191727AB4940EC8B62EE50C02840, 0.0000, 6798.5198, 6798.5198, NULL, NULL, 1, 360623.39638885122, N'Euro', 1)
GO
INSERT [dbo].[purchase] ([id_purchase], [client_purchase], [date_purchase], [location_client], [subtotal], [shipping], [total], [id_PurchasingManager], [id_Dealer], [status_purchase], [distance], [moneyType], [store]) VALUES (2, 1, CAST(N'2022-06-15' AS Date), 0xE6100000010C4971191727AB4940EC8B62EE50C02840, 0.0000, 6798.5198, 6798.5198, NULL, NULL, 1, 360623.39638885122, N'Euro', 1)
GO
INSERT [dbo].[purchase] ([id_purchase], [client_purchase], [date_purchase], [location_client], [subtotal], [shipping], [total], [id_PurchasingManager], [id_Dealer], [status_purchase], [distance], [moneyType], [store]) VALUES (3, 1, CAST(N'2022-06-15' AS Date), 0xE6100000010C4971191727AB4940EC8B62EE50C02840, 0.0000, 6798.5198, 6798.5198, NULL, NULL, 1, 360623.39638885122, N'Euro', 1)
GO
INSERT [dbo].[purchase] ([id_purchase], [client_purchase], [date_purchase], [location_client], [subtotal], [shipping], [total], [id_PurchasingManager], [id_Dealer], [status_purchase], [distance], [moneyType], [store]) VALUES (4, 1, CAST(N'2022-06-15' AS Date), 0xE6100000010C4971191727AB4940EC8B62EE50C02840, 0.0000, 6798.5198, 6798.5198, NULL, NULL, 1, 360623.39638885122, N'Euro', 1)
GO
INSERT [dbo].[purchase] ([id_purchase], [client_purchase], [date_purchase], [location_client], [subtotal], [shipping], [total], [id_PurchasingManager], [id_Dealer], [status_purchase], [distance], [moneyType], [store]) VALUES (5, 1, CAST(N'2022-06-15' AS Date), 0xE6100000010C4971191727AB4940EC8B62EE50C02840, 0.0000, 6798.5198, 6798.5198, NULL, NULL, 1, 360623.39638885122, N'Euro', 1)
GO
INSERT [dbo].[purchase] ([id_purchase], [client_purchase], [date_purchase], [location_client], [subtotal], [shipping], [total], [id_PurchasingManager], [id_Dealer], [status_purchase], [distance], [moneyType], [store]) VALUES (6, 1, CAST(N'2022-06-15' AS Date), 0xE6100000010C4971191727AB4940EC8B62EE50C02840, 0.0000, 6798.5198, 6798.5198, NULL, NULL, 1, 360623.39638885122, N'Euro', 1)
GO
INSERT [dbo].[purchase] ([id_purchase], [client_purchase], [date_purchase], [location_client], [subtotal], [shipping], [total], [id_PurchasingManager], [id_Dealer], [status_purchase], [distance], [moneyType], [store]) VALUES (7, 1, CAST(N'2022-06-15' AS Date), 0xE6100000010C4971191727AB4940EC8B62EE50C02840, 0.0000, 6798.5198, 6798.5198, NULL, NULL, 1, 360623.39638885122, N'Euro', 1)
GO
INSERT [dbo].[purchase] ([id_purchase], [client_purchase], [date_purchase], [location_client], [subtotal], [shipping], [total], [id_PurchasingManager], [id_Dealer], [status_purchase], [distance], [moneyType], [store]) VALUES (8, 1, CAST(N'2022-06-15' AS Date), 0xE6100000010C4971191727AB4940EC8B62EE50C02840, 0.0000, 6798.5198, 6798.5198, NULL, NULL, 1, 360623.39638885122, N'Euro', 1)
GO
INSERT [dbo].[purchase] ([id_purchase], [client_purchase], [date_purchase], [location_client], [subtotal], [shipping], [total], [id_PurchasingManager], [id_Dealer], [status_purchase], [distance], [moneyType], [store]) VALUES (9, 2, CAST(N'2022-06-15' AS Date), 0xE6100000010CDE463DF3A0D44240CAE0A9ACBE5458C0, 0.0000, 157843.5455, 157843.5455, NULL, NULL, 1, 7891177.2737296019, N'Dollar', 1)
GO
INSERT [dbo].[purchase] ([id_purchase], [client_purchase], [date_purchase], [location_client], [subtotal], [shipping], [total], [id_PurchasingManager], [id_Dealer], [status_purchase], [distance], [moneyType], [store]) VALUES (10, 1, CAST(N'2022-06-15' AS Date), 0xE6100000010C4971191727AB4940EC8B62EE50C02840, 129.7200, 7204.1415, 7333.8615, NULL, NULL, 1, 382199.01274198125, N'Euro', 1)
GO
INSERT [dbo].[purchase] ([id_purchase], [client_purchase], [date_purchase], [location_client], [subtotal], [shipping], [total], [id_PurchasingManager], [id_Dealer], [status_purchase], [distance], [moneyType], [store]) VALUES (11, 1, CAST(N'2022-06-15' AS Date), 0xE6100000010C4971191727AB4940EC8B62EE50C02840, 35.7200, 193.7335, 229.4535, NULL, NULL, 1, 382.19901274198122, N'Euro', 1)
GO
INSERT [dbo].[purchase] ([id_purchase], [client_purchase], [date_purchase], [location_client], [subtotal], [shipping], [total], [id_PurchasingManager], [id_Dealer], [status_purchase], [distance], [moneyType], [store]) VALUES (12, 1, CAST(N'2022-06-15' AS Date), 0xE6100000010C4971191727AB4940EC8B62EE50C02840, 35.7200, 193.7335, 229.4535, NULL, NULL, 1, 382.19901274198122, N'Euro', 1)
GO
INSERT [dbo].[purchase] ([id_purchase], [client_purchase], [date_purchase], [location_client], [subtotal], [shipping], [total], [id_PurchasingManager], [id_Dealer], [status_purchase], [distance], [moneyType], [store]) VALUES (13, 1, CAST(N'2022-06-15' AS Date), 0xE6100000010C4971191727AB4940EC8B62EE50C02840, 35.7200, 193.7335, 229.4535, NULL, NULL, 1, 382.19901274198122, N'Euro', 1)
GO
INSERT [dbo].[purchase] ([id_purchase], [client_purchase], [date_purchase], [location_client], [subtotal], [shipping], [total], [id_PurchasingManager], [id_Dealer], [status_purchase], [distance], [moneyType], [store]) VALUES (14, 1, CAST(N'2022-06-15' AS Date), 0xE6100000010C4971191727AB4940EC8B62EE50C02840, 32.9000, 183.5930, 216.4930, NULL, NULL, 1, 360.62339638885123, N'Euro', 1)
GO
INSERT [dbo].[purchase] ([id_purchase], [client_purchase], [date_purchase], [location_client], [subtotal], [shipping], [total], [id_PurchasingManager], [id_Dealer], [status_purchase], [distance], [moneyType], [store]) VALUES (15, 1, CAST(N'2022-06-15' AS Date), 0xE6100000010C4971191727AB4940EC8B62EE50C02840, 68.6200, 183.5930, 252.2130, NULL, NULL, 1, 360.62339638885123, N'Euro', 1)
GO
INSERT [dbo].[purchase] ([id_purchase], [client_purchase], [date_purchase], [location_client], [subtotal], [shipping], [total], [id_PurchasingManager], [id_Dealer], [status_purchase], [distance], [moneyType], [store]) VALUES (18, 1, CAST(N'2022-06-15' AS Date), 0xE6100000010C4971191727AB4940EC8B62EE50C02840, 45.1200, 193.7335, 238.8535, NULL, NULL, 1, 382.19901274198122, N'Euro', 1)
GO
INSERT [dbo].[purchase] ([id_purchase], [client_purchase], [date_purchase], [location_client], [subtotal], [shipping], [total], [id_PurchasingManager], [id_Dealer], [status_purchase], [distance], [moneyType], [store]) VALUES (19, 1, CAST(N'2022-06-15' AS Date), 0xE6100000010C4971191727AB4940EC8B62EE50C02840, 192.7000, 183.5930, 376.2930, NULL, NULL, 1, 360.62339638885123, N'Euro', 1)
GO
INSERT [dbo].[purchase] ([id_purchase], [client_purchase], [date_purchase], [location_client], [subtotal], [shipping], [total], [id_PurchasingManager], [id_Dealer], [status_purchase], [distance], [moneyType], [store]) VALUES (20, 1, CAST(N'2022-06-15' AS Date), 0xE6100000010C4971191727AB4940EC8B62EE50C02840, 65.8000, 193.7335, 259.5335, NULL, NULL, 1, 382.19901274198122, N'Euro', 1)
GO
INSERT [dbo].[purchase] ([id_purchase], [client_purchase], [date_purchase], [location_client], [subtotal], [shipping], [total], [id_PurchasingManager], [id_Dealer], [status_purchase], [distance], [moneyType], [store]) VALUES (21, 1, CAST(N'2022-06-15' AS Date), 0xE6100000010C4971191727AB4940EC8B62EE50C02840, 113.7400, 183.5930, 297.3330, NULL, NULL, 1, 360.62339638885123, N'Euro', 1)
GO
INSERT [dbo].[purchase] ([id_purchase], [client_purchase], [date_purchase], [location_client], [subtotal], [shipping], [total], [id_PurchasingManager], [id_Dealer], [status_purchase], [distance], [moneyType], [store]) VALUES (22, 1, CAST(N'2022-06-15' AS Date), 0xE6100000010C4971191727AB4940EC8B62EE50C02840, 35.7200, 183.5930, 219.3130, NULL, NULL, 1, 360.62339638885123, N'Euro', 1)
GO
INSERT [dbo].[purchase] ([id_purchase], [client_purchase], [date_purchase], [location_client], [subtotal], [shipping], [total], [id_PurchasingManager], [id_Dealer], [status_purchase], [distance], [moneyType], [store]) VALUES (24, 1, CAST(N'2022-06-16' AS Date), 0xE6100000010C4971191727AB4940EC8B62EE50C02840, 23.5000, 0.0000, 23.5000, NULL, NULL, 1, 360.62339638885123, N'Euro', 1)
GO
INSERT [dbo].[purchase] ([id_purchase], [client_purchase], [date_purchase], [location_client], [subtotal], [shipping], [total], [id_PurchasingManager], [id_Dealer], [status_purchase], [distance], [moneyType], [store]) VALUES (25, 1, CAST(N'2022-06-16' AS Date), 0xE6100000010C4971191727AB4940EC8B62EE50C02840, 23.5000, 0.0000, 23.5000, NULL, NULL, 1, 360.62339638885123, N'Euro', 1)
GO
INSERT [dbo].[purchase] ([id_purchase], [client_purchase], [date_purchase], [location_client], [subtotal], [shipping], [total], [id_PurchasingManager], [id_Dealer], [status_purchase], [distance], [moneyType], [store]) VALUES (28, 1, CAST(N'2022-06-16' AS Date), 0xE6100000010C4971191727AB4940EC8B62EE50C02840, 51.7000, 0.0000, 51.7000, NULL, NULL, 1, 360.62339638885123, N'Euro', 1)
GO
INSERT [dbo].[purchase] ([id_purchase], [client_purchase], [date_purchase], [location_client], [subtotal], [shipping], [total], [id_PurchasingManager], [id_Dealer], [status_purchase], [distance], [moneyType], [store]) VALUES (29, 1, CAST(N'2022-06-16' AS Date), 0xE6100000010C4971191727AB4940EC8B62EE50C02840, 35.7200, 0.0000, 35.7200, NULL, NULL, 1, 360.62339638885123, N'Euro', 1)
GO
INSERT [dbo].[purchase] ([id_purchase], [client_purchase], [date_purchase], [location_client], [subtotal], [shipping], [total], [id_PurchasingManager], [id_Dealer], [status_purchase], [distance], [moneyType], [store]) VALUES (30, 1, CAST(N'2022-06-16' AS Date), 0xE6100000010C4971191727AB4940EC8B62EE50C02840, 42.3000, 0.0000, 42.3000, NULL, NULL, 1, 360.62339638885123, N'Euro', 1)
GO
INSERT [dbo].[purchase] ([id_purchase], [client_purchase], [date_purchase], [location_client], [subtotal], [shipping], [total], [id_PurchasingManager], [id_Dealer], [status_purchase], [distance], [moneyType], [store]) VALUES (31, 1, CAST(N'2022-06-16' AS Date), 0xE6100000010C4971191727AB4940EC8B62EE50C02840, 9.4000, 0.0000, 9.4000, NULL, NULL, 1, 360.62339638885123, N'Euro', 1)
GO
INSERT [dbo].[purchase] ([id_purchase], [client_purchase], [date_purchase], [location_client], [subtotal], [shipping], [total], [id_PurchasingManager], [id_Dealer], [status_purchase], [distance], [moneyType], [store]) VALUES (32, 1, CAST(N'2022-06-16' AS Date), 0xE6100000010C4971191727AB4940EC8B62EE50C02840, 42.3000, 0.0000, 42.3000, NULL, NULL, 1, 360.62339638885123, N'Euro', 1)
GO
INSERT [dbo].[purchase] ([id_purchase], [client_purchase], [date_purchase], [location_client], [subtotal], [shipping], [total], [id_PurchasingManager], [id_Dealer], [status_purchase], [distance], [moneyType], [store]) VALUES (33, 1, CAST(N'2022-06-16' AS Date), 0xE6100000010C4971191727AB4940EC8B62EE50C02840, 35.7200, 0.0000, 35.7200, NULL, NULL, 1, 360.62339638885123, N'Euro', 1)
GO
INSERT [dbo].[purchase] ([id_purchase], [client_purchase], [date_purchase], [location_client], [subtotal], [shipping], [total], [id_PurchasingManager], [id_Dealer], [status_purchase], [distance], [moneyType], [store]) VALUES (34, 1, CAST(N'2022-06-16' AS Date), 0xE6100000010C4971191727AB4940EC8B62EE50C02840, 42.3000, 0.0000, 42.3000, NULL, NULL, 1, 360.62339638885123, N'Euro', 1)
GO
INSERT [dbo].[purchase] ([id_purchase], [client_purchase], [date_purchase], [location_client], [subtotal], [shipping], [total], [id_PurchasingManager], [id_Dealer], [status_purchase], [distance], [moneyType], [store]) VALUES (35, 1, CAST(N'2022-06-16' AS Date), 0xE6100000010C4971191727AB4940EC8B62EE50C02840, 23.5000, 0.0000, 23.5000, NULL, NULL, 1, 360.62339638885123, N'Euro', 1)
GO
INSERT [dbo].[purchase] ([id_purchase], [client_purchase], [date_purchase], [location_client], [subtotal], [shipping], [total], [id_PurchasingManager], [id_Dealer], [status_purchase], [distance], [moneyType], [store]) VALUES (36, 1, CAST(N'2022-06-16' AS Date), 0xE6100000010C4971191727AB4940EC8B62EE50C02840, 186.1200, 0.0000, 186.1200, NULL, NULL, 1, 360.62339638885123, N'Euro', 1)
GO
INSERT [dbo].[purchase] ([id_purchase], [client_purchase], [date_purchase], [location_client], [subtotal], [shipping], [total], [id_PurchasingManager], [id_Dealer], [status_purchase], [distance], [moneyType], [store]) VALUES (37, 1, CAST(N'2022-06-16' AS Date), 0xE6100000010C4971191727AB4940EC8B62EE50C02840, 84.6000, 0.0000, 84.6000, NULL, NULL, 1, 360.62339638885123, N'Euro', 1)
GO
INSERT [dbo].[purchase] ([id_purchase], [client_purchase], [date_purchase], [location_client], [subtotal], [shipping], [total], [id_PurchasingManager], [id_Dealer], [status_purchase], [distance], [moneyType], [store]) VALUES (38, 1, CAST(N'2022-06-16' AS Date), 0xE6100000010C4971191727AB4940EC8B62EE50C02840, 96.8200, 0.0000, 96.8200, NULL, NULL, 1, 360.62339638885123, N'Euro', 1)
GO
INSERT [dbo].[purchase] ([id_purchase], [client_purchase], [date_purchase], [location_client], [subtotal], [shipping], [total], [id_PurchasingManager], [id_Dealer], [status_purchase], [distance], [moneyType], [store]) VALUES (39, 1, CAST(N'2022-06-16' AS Date), 0xE6100000010C4971191727AB4940EC8B62EE50C02840, 75.2000, 0.0000, 75.2000, NULL, NULL, 1, 360.62339638885123, N'Euro', 1)
GO
INSERT [dbo].[purchase] ([id_purchase], [client_purchase], [date_purchase], [location_client], [subtotal], [shipping], [total], [id_PurchasingManager], [id_Dealer], [status_purchase], [distance], [moneyType], [store]) VALUES (40, 1, CAST(N'2022-06-16' AS Date), 0xE6100000010C4971191727AB4940EC8B62EE50C02840, 68.6200, 0.0000, 68.6200, NULL, NULL, 1, 360.62339638885123, N'Euro', 1)
GO
INSERT [dbo].[purchase] ([id_purchase], [client_purchase], [date_purchase], [location_client], [subtotal], [shipping], [total], [id_PurchasingManager], [id_Dealer], [status_purchase], [distance], [moneyType], [store]) VALUES (41, 1, CAST(N'2022-06-16' AS Date), 0xE6100000010C4971191727AB4940EC8B62EE50C02840, 0.0000, 0.0000, 0.0000, NULL, NULL, 1, 360.62339638885123, N'Euro', 1)
GO
INSERT [dbo].[purchase] ([id_purchase], [client_purchase], [date_purchase], [location_client], [subtotal], [shipping], [total], [id_PurchasingManager], [id_Dealer], [status_purchase], [distance], [moneyType], [store]) VALUES (42, 1, CAST(N'2022-06-16' AS Date), 0xE6100000010C4971191727AB4940EC8B62EE50C02840, 0.0000, 0.0000, 0.0000, NULL, NULL, 1, 360.62339638885123, N'Euro', 1)
GO
INSERT [dbo].[purchase] ([id_purchase], [client_purchase], [date_purchase], [location_client], [subtotal], [shipping], [total], [id_PurchasingManager], [id_Dealer], [status_purchase], [distance], [moneyType], [store]) VALUES (43, 1, CAST(N'2022-06-16' AS Date), 0xE6100000010C4971191727AB4940EC8B62EE50C02840, 113.7400, 0.0000, 113.7400, NULL, NULL, 1, 290.37460692296781, N'Euro', 1)
GO
INSERT [dbo].[purchase] ([id_purchase], [client_purchase], [date_purchase], [location_client], [subtotal], [shipping], [total], [id_PurchasingManager], [id_Dealer], [status_purchase], [distance], [moneyType], [store]) VALUES (44, 1, CAST(N'2022-06-16' AS Date), 0xE6100000010C4971191727AB4940EC8B62EE50C02840, 78.0200, 0.0000, 78.0200, NULL, NULL, 1, 360.62339638885123, N'Euro', 1)
GO
INSERT [dbo].[purchase] ([id_purchase], [client_purchase], [date_purchase], [location_client], [subtotal], [shipping], [total], [id_PurchasingManager], [id_Dealer], [status_purchase], [distance], [moneyType], [store]) VALUES (45, 1, CAST(N'2022-06-16' AS Date), 0xE6100000010C4971191727AB4940EC8B62EE50C02840, 0.0000, 0.0000, 0.0000, NULL, NULL, 3, 360.62339638885123, N'Euro', 1)
GO
INSERT [dbo].[purchase] ([id_purchase], [client_purchase], [date_purchase], [location_client], [subtotal], [shipping], [total], [id_PurchasingManager], [id_Dealer], [status_purchase], [distance], [moneyType], [store]) VALUES (46, 1, CAST(N'2022-06-16' AS Date), 0xE6100000010C4971191727AB4940EC8B62EE50C02840, 141.0000, 0.0000, 141.0000, NULL, NULL, 1, 360.62339638885123, N'Euro', 1)
GO
INSERT [dbo].[purchase] ([id_purchase], [client_purchase], [date_purchase], [location_client], [subtotal], [shipping], [total], [id_PurchasingManager], [id_Dealer], [status_purchase], [distance], [moneyType], [store]) VALUES (47, 1, CAST(N'2022-06-16' AS Date), 0xE6100000010C4971191727AB4940EC8B62EE50C02840, 141.0000, 0.0000, 141.0000, NULL, NULL, 1, 360.62339638885123, N'Euro', 1)
GO
INSERT [dbo].[purchase] ([id_purchase], [client_purchase], [date_purchase], [location_client], [subtotal], [shipping], [total], [id_PurchasingManager], [id_Dealer], [status_purchase], [distance], [moneyType], [store]) VALUES (48, 1, CAST(N'2022-06-16' AS Date), 0xE6100000010C4971191727AB4940EC8B62EE50C02840, 0.0000, 0.0000, 0.0000, NULL, NULL, 3, 360.62339638885123, N'Euro', 1)
GO
INSERT [dbo].[purchase] ([id_purchase], [client_purchase], [date_purchase], [location_client], [subtotal], [shipping], [total], [id_PurchasingManager], [id_Dealer], [status_purchase], [distance], [moneyType], [store]) VALUES (50, 1, CAST(N'2022-06-16' AS Date), 0xE6100000010C4971191727AB4940EC8B62EE50C02840, 75.2000, 0.0000, 75.2000, NULL, NULL, 1, 360.62339638885123, N'Euro', 1)
GO
INSERT [dbo].[purchase] ([id_purchase], [client_purchase], [date_purchase], [location_client], [subtotal], [shipping], [total], [id_PurchasingManager], [id_Dealer], [status_purchase], [distance], [moneyType], [store]) VALUES (51, 1, CAST(N'2022-06-16' AS Date), 0xE6100000010C4971191727AB4940EC8B62EE50C02840, 45.1200, 0.0000, 45.1200, NULL, NULL, 1, 360.62339638885123, N'Euro', 1)
GO
INSERT [dbo].[purchase] ([id_purchase], [client_purchase], [date_purchase], [location_client], [subtotal], [shipping], [total], [id_PurchasingManager], [id_Dealer], [status_purchase], [distance], [moneyType], [store]) VALUES (52, 1, CAST(N'2022-06-16' AS Date), 0xE6100000010C4971191727AB4940EC8B62EE50C02840, 347.8000, 0.0000, 347.8000, NULL, NULL, 1, 382.19901274198122, N'Euro', 1)
GO
INSERT [dbo].[purchase] ([id_purchase], [client_purchase], [date_purchase], [location_client], [subtotal], [shipping], [total], [id_PurchasingManager], [id_Dealer], [status_purchase], [distance], [moneyType], [store]) VALUES (53, 1, CAST(N'2022-06-16' AS Date), 0xE6100000010C4971191727AB4940EC8B62EE50C02840, 23.5000, 0.0000, 23.5000, NULL, NULL, 1, 382.19901274198122, N'Euro', 3)
GO
INSERT [dbo].[purchase] ([id_purchase], [client_purchase], [date_purchase], [location_client], [subtotal], [shipping], [total], [id_PurchasingManager], [id_Dealer], [status_purchase], [distance], [moneyType], [store]) VALUES (54, 1, CAST(N'2022-06-17' AS Date), 0xE6100000010CB84802564C174A400000000000294340, 42.3000, 0.0000, 42.3000, NULL, NULL, 1, 2068.9725441769751, N'Euro', 2)
GO
INSERT [dbo].[purchase] ([id_purchase], [client_purchase], [date_purchase], [location_client], [subtotal], [shipping], [total], [id_PurchasingManager], [id_Dealer], [status_purchase], [distance], [moneyType], [store]) VALUES (56, 1, CAST(N'2022-06-20' AS Date), 0xE6100000010CB84802564C174A400000000000294340, 0.0000, 931.2462, 931.2462, NULL, NULL, 3, 1951.3749773685795, N'Euro', 1)
GO
INSERT [dbo].[purchase] ([id_purchase], [client_purchase], [date_purchase], [location_client], [subtotal], [shipping], [total], [id_PurchasingManager], [id_Dealer], [status_purchase], [distance], [moneyType], [store]) VALUES (57, 1, CAST(N'2022-06-20' AS Date), 0xE6100000010CB84802564C174A400000000000294340, 0.0000, 931.2462, 931.2462, NULL, NULL, 3, 1951.3749773685795, N'Euro', 1)
GO
INSERT [dbo].[purchase] ([id_purchase], [client_purchase], [date_purchase], [location_client], [subtotal], [shipping], [total], [id_PurchasingManager], [id_Dealer], [status_purchase], [distance], [moneyType], [store]) VALUES (58, 1, CAST(N'2022-06-20' AS Date), 0xE6100000010CB84802564C174A400000000000294340, 0.0000, 931.2462, 931.2462, NULL, NULL, 3, 1951.3749773685795, N'Euro', 1)
GO
INSERT [dbo].[purchase] ([id_purchase], [client_purchase], [date_purchase], [location_client], [subtotal], [shipping], [total], [id_PurchasingManager], [id_Dealer], [status_purchase], [distance], [moneyType], [store]) VALUES (59, 1, CAST(N'2022-06-20' AS Date), 0xE6100000010CB84802564C174A400000000000294340, 0.0000, 931.2462, 931.2462, NULL, NULL, 3, 1951.3749773685795, N'Euro', 1)
GO
INSERT [dbo].[purchase] ([id_purchase], [client_purchase], [date_purchase], [location_client], [subtotal], [shipping], [total], [id_PurchasingManager], [id_Dealer], [status_purchase], [distance], [moneyType], [store]) VALUES (60, 1, CAST(N'2022-06-20' AS Date), 0xE6100000010CB84802564C174A400000000000294340, 0.0000, 986.5171, 986.5171, NULL, NULL, 3, 2068.9725441769751, N'Euro', 2)
GO
INSERT [dbo].[purchase] ([id_purchase], [client_purchase], [date_purchase], [location_client], [subtotal], [shipping], [total], [id_PurchasingManager], [id_Dealer], [status_purchase], [distance], [moneyType], [store]) VALUES (61, 1, CAST(N'2022-06-20' AS Date), 0xE6100000010CB84802564C174A400000000000294340, 0.0000, 1030.5513, 1030.5513, NULL, NULL, 3, 2162.6624430021316, N'Euro', 3)
GO
INSERT [dbo].[purchase] ([id_purchase], [client_purchase], [date_purchase], [location_client], [subtotal], [shipping], [total], [id_PurchasingManager], [id_Dealer], [status_purchase], [distance], [moneyType], [store]) VALUES (1055, 1, CAST(N'2022-06-20' AS Date), 0xE6100000010CB84802564C174A400000000000294340, 45.1200, 931.2462, 976.3662, NULL, NULL, 1, 1951.3749773685795, N'Euro', 1)
GO
INSERT [dbo].[purchase] ([id_purchase], [client_purchase], [date_purchase], [location_client], [subtotal], [shipping], [total], [id_PurchasingManager], [id_Dealer], [status_purchase], [distance], [moneyType], [store]) VALUES (1056, 1, CAST(N'2022-06-20' AS Date), 0xE6100000010CB84802564C174A400000000000294340, 71.4400, 931.2462, 1002.6862, NULL, NULL, 1, 1951.3749773685795, N'Euro', 1)
GO
INSERT [dbo].[purchase] ([id_purchase], [client_purchase], [date_purchase], [location_client], [subtotal], [shipping], [total], [id_PurchasingManager], [id_Dealer], [status_purchase], [distance], [moneyType], [store]) VALUES (1058, 1, CAST(N'2022-06-20' AS Date), 0xE6100000010CB84802564C174A400000000000294340, 82.7200, 931.2462, 1013.9662, NULL, NULL, 1, 1951.3749773685795, N'Euro', 1)
GO
INSERT [dbo].[purchase] ([id_purchase], [client_purchase], [date_purchase], [location_client], [subtotal], [shipping], [total], [id_PurchasingManager], [id_Dealer], [status_purchase], [distance], [moneyType], [store]) VALUES (1063, 1, CAST(N'2022-06-20' AS Date), 0xE6100000010CB84802564C174A400000000000294340, 35.7200, 931.2462, 966.9662, NULL, NULL, 1, 1951.3749773685795, N'Euro', 1)
GO
INSERT [dbo].[purchase] ([id_purchase], [client_purchase], [date_purchase], [location_client], [subtotal], [shipping], [total], [id_PurchasingManager], [id_Dealer], [status_purchase], [distance], [moneyType], [store]) VALUES (1064, 1, CAST(N'2022-06-20' AS Date), 0xE6100000010CB84802564C174A400000000000294340, 164.5000, 931.2462, 1095.7462, NULL, NULL, 1, 1951.3749773685795, N'Euro', 1)
GO
INSERT [dbo].[purchase] ([id_purchase], [client_purchase], [date_purchase], [location_client], [subtotal], [shipping], [total], [id_PurchasingManager], [id_Dealer], [status_purchase], [distance], [moneyType], [store]) VALUES (1065, 1, CAST(N'2022-06-20' AS Date), 0xE6100000010CB84802564C174A400000000000294340, 51.7000, 931.2462, 982.9462, NULL, NULL, 1, 1951.3749773685795, N'Euro', 1)
GO
INSERT [dbo].[purchase] ([id_purchase], [client_purchase], [date_purchase], [location_client], [subtotal], [shipping], [total], [id_PurchasingManager], [id_Dealer], [status_purchase], [distance], [moneyType], [store]) VALUES (1066, 13, CAST(N'2022-06-21' AS Date), 0xE6100000010C832E49B4D0863C400000000000884D40, 75.0000, 2503.9655, 2578.9655, NULL, NULL, 1, 4977.9309796023708, N'Dollar', 3)
GO
INSERT [dbo].[purchase] ([id_purchase], [client_purchase], [date_purchase], [location_client], [subtotal], [shipping], [total], [id_PurchasingManager], [id_Dealer], [status_purchase], [distance], [moneyType], [store]) VALUES (1067, 13, CAST(N'2022-06-21' AS Date), 0xE6100000010C832E49B4D0863C400000000000884D40, 38.0000, 2311.5755, 2349.5755, NULL, NULL, 1, 4593.1509429811531, N'Dollar', 1)
GO
INSERT [dbo].[purchaseXProduct] ([id_purchaseXProduct], [id_purchase], [id_product], [amount], [subtotal]) VALUES (12, 8, 6, 1, 141.0000)
GO
INSERT [dbo].[purchaseXProduct] ([id_purchaseXProduct], [id_purchase], [id_product], [amount], [subtotal]) VALUES (13, 9, 1, 1, 45.0000)
GO
INSERT [dbo].[purchaseXProduct] ([id_purchaseXProduct], [id_purchase], [id_product], [amount], [subtotal]) VALUES (14, 9, 2, 1, 38.0000)
GO
INSERT [dbo].[purchaseXProduct] ([id_purchaseXProduct], [id_purchase], [id_product], [amount], [subtotal]) VALUES (15, 10, 3, 10, 94.0000)
GO
INSERT [dbo].[purchaseXProduct] ([id_purchaseXProduct], [id_purchase], [id_product], [amount], [subtotal]) VALUES (16, 10, 2, 1, 35.7200)
GO
INSERT [dbo].[purchaseXProduct] ([id_purchaseXProduct], [id_purchase], [id_product], [amount], [subtotal]) VALUES (17, 11, 2, 1, 35.7200)
GO
INSERT [dbo].[purchaseXProduct] ([id_purchaseXProduct], [id_purchase], [id_product], [amount], [subtotal]) VALUES (18, 12, 2, 1, 35.7200)
GO
INSERT [dbo].[purchaseXProduct] ([id_purchaseXProduct], [id_purchase], [id_product], [amount], [subtotal]) VALUES (19, 13, 2, 1, 35.7200)
GO
INSERT [dbo].[purchaseXProduct] ([id_purchaseXProduct], [id_purchase], [id_product], [amount], [subtotal]) VALUES (20, 14, 3, 1, 9.4000)
GO
INSERT [dbo].[purchaseXProduct] ([id_purchaseXProduct], [id_purchase], [id_product], [amount], [subtotal]) VALUES (21, 14, 4, 1, 23.5000)
GO
INSERT [dbo].[purchaseXProduct] ([id_purchaseXProduct], [id_purchase], [id_product], [amount], [subtotal]) VALUES (22, 15, 2, 1, 35.7200)
GO
INSERT [dbo].[purchaseXProduct] ([id_purchaseXProduct], [id_purchase], [id_product], [amount], [subtotal]) VALUES (23, 15, 3, 1, 9.4000)
GO
INSERT [dbo].[purchaseXProduct] ([id_purchaseXProduct], [id_purchase], [id_product], [amount], [subtotal]) VALUES (24, 15, 4, 1, 23.5000)
GO
INSERT [dbo].[purchaseXProduct] ([id_purchaseXProduct], [id_purchase], [id_product], [amount], [subtotal]) VALUES (25, 18, 2, 1, 35.7200)
GO
INSERT [dbo].[purchaseXProduct] ([id_purchaseXProduct], [id_purchase], [id_product], [amount], [subtotal]) VALUES (26, 18, 3, 1, 9.4000)
GO
INSERT [dbo].[purchaseXProduct] ([id_purchaseXProduct], [id_purchase], [id_product], [amount], [subtotal]) VALUES (27, 19, 5, 1, 51.7000)
GO
INSERT [dbo].[purchaseXProduct] ([id_purchaseXProduct], [id_purchase], [id_product], [amount], [subtotal]) VALUES (28, 19, 6, 1, 141.0000)
GO
INSERT [dbo].[purchaseXProduct] ([id_purchaseXProduct], [id_purchase], [id_product], [amount], [subtotal]) VALUES (29, 20, 4, 1, 23.5000)
GO
INSERT [dbo].[purchaseXProduct] ([id_purchaseXProduct], [id_purchase], [id_product], [amount], [subtotal]) VALUES (30, 20, 1, 1, 42.3000)
GO
INSERT [dbo].[purchaseXProduct] ([id_purchaseXProduct], [id_purchase], [id_product], [amount], [subtotal]) VALUES (31, 21, 1, 1, 42.3000)
GO
INSERT [dbo].[purchaseXProduct] ([id_purchaseXProduct], [id_purchase], [id_product], [amount], [subtotal]) VALUES (32, 21, 2, 2, 71.4400)
GO
INSERT [dbo].[purchaseXProduct] ([id_purchaseXProduct], [id_purchase], [id_product], [amount], [subtotal]) VALUES (33, 22, 2, 1, 35.7200)
GO
INSERT [dbo].[purchaseXProduct] ([id_purchaseXProduct], [id_purchase], [id_product], [amount], [subtotal]) VALUES (34, 24, 4, 1, 23.5000)
GO
INSERT [dbo].[purchaseXProduct] ([id_purchaseXProduct], [id_purchase], [id_product], [amount], [subtotal]) VALUES (35, 25, 4, 1, 23.5000)
GO
INSERT [dbo].[purchaseXProduct] ([id_purchaseXProduct], [id_purchase], [id_product], [amount], [subtotal]) VALUES (38, 28, 5, 1, 51.7000)
GO
INSERT [dbo].[purchaseXProduct] ([id_purchaseXProduct], [id_purchase], [id_product], [amount], [subtotal]) VALUES (39, 29, 2, 1, 35.7200)
GO
INSERT [dbo].[purchaseXProduct] ([id_purchaseXProduct], [id_purchase], [id_product], [amount], [subtotal]) VALUES (40, 30, 1, 1, 42.3000)
GO
INSERT [dbo].[purchaseXProduct] ([id_purchaseXProduct], [id_purchase], [id_product], [amount], [subtotal]) VALUES (41, 31, 3, 1, 9.4000)
GO
INSERT [dbo].[purchaseXProduct] ([id_purchaseXProduct], [id_purchase], [id_product], [amount], [subtotal]) VALUES (42, 32, 1, 1, 42.3000)
GO
INSERT [dbo].[purchaseXProduct] ([id_purchaseXProduct], [id_purchase], [id_product], [amount], [subtotal]) VALUES (43, 33, 2, 1, 35.7200)
GO
INSERT [dbo].[purchaseXProduct] ([id_purchaseXProduct], [id_purchase], [id_product], [amount], [subtotal]) VALUES (44, 34, 1, 1, 42.3000)
GO
INSERT [dbo].[purchaseXProduct] ([id_purchaseXProduct], [id_purchase], [id_product], [amount], [subtotal]) VALUES (45, 35, 4, 1, 23.5000)
GO
INSERT [dbo].[purchaseXProduct] ([id_purchaseXProduct], [id_purchase], [id_product], [amount], [subtotal]) VALUES (46, 36, 2, 1, 35.7200)
GO
INSERT [dbo].[purchaseXProduct] ([id_purchaseXProduct], [id_purchase], [id_product], [amount], [subtotal]) VALUES (47, 36, 3, 1, 9.4000)
GO
INSERT [dbo].[purchaseXProduct] ([id_purchaseXProduct], [id_purchase], [id_product], [amount], [subtotal]) VALUES (48, 36, 6, 1, 141.0000)
GO
INSERT [dbo].[purchaseXProduct] ([id_purchaseXProduct], [id_purchase], [id_product], [amount], [subtotal]) VALUES (49, 37, 3, 1, 9.4000)
GO
INSERT [dbo].[purchaseXProduct] ([id_purchaseXProduct], [id_purchase], [id_product], [amount], [subtotal]) VALUES (50, 37, 4, 1, 23.5000)
GO
INSERT [dbo].[purchaseXProduct] ([id_purchaseXProduct], [id_purchase], [id_product], [amount], [subtotal]) VALUES (51, 37, 5, 1, 51.7000)
GO
INSERT [dbo].[purchaseXProduct] ([id_purchaseXProduct], [id_purchase], [id_product], [amount], [subtotal]) VALUES (52, 38, 1, 1, 42.3000)
GO
INSERT [dbo].[purchaseXProduct] ([id_purchaseXProduct], [id_purchase], [id_product], [amount], [subtotal]) VALUES (53, 38, 2, 1, 35.7200)
GO
INSERT [dbo].[purchaseXProduct] ([id_purchaseXProduct], [id_purchase], [id_product], [amount], [subtotal]) VALUES (54, 38, 3, 2, 18.8000)
GO
INSERT [dbo].[purchaseXProduct] ([id_purchaseXProduct], [id_purchase], [id_product], [amount], [subtotal]) VALUES (55, 39, 4, 1, 23.5000)
GO
INSERT [dbo].[purchaseXProduct] ([id_purchaseXProduct], [id_purchase], [id_product], [amount], [subtotal]) VALUES (56, 39, 5, 1, 51.7000)
GO
INSERT [dbo].[purchaseXProduct] ([id_purchaseXProduct], [id_purchase], [id_product], [amount], [subtotal]) VALUES (57, 40, 2, 1, 35.7200)
GO
INSERT [dbo].[purchaseXProduct] ([id_purchaseXProduct], [id_purchase], [id_product], [amount], [subtotal]) VALUES (58, 40, 4, 1, 23.5000)
GO
INSERT [dbo].[purchaseXProduct] ([id_purchaseXProduct], [id_purchase], [id_product], [amount], [subtotal]) VALUES (59, 40, 3, 1, 9.4000)
GO
INSERT [dbo].[purchaseXProduct] ([id_purchaseXProduct], [id_purchase], [id_product], [amount], [subtotal]) VALUES (60, 43, 1, 1, 42.3000)
GO
INSERT [dbo].[purchaseXProduct] ([id_purchaseXProduct], [id_purchase], [id_product], [amount], [subtotal]) VALUES (61, 43, 2, 2, 71.4400)
GO
INSERT [dbo].[purchaseXProduct] ([id_purchaseXProduct], [id_purchase], [id_product], [amount], [subtotal]) VALUES (62, 44, 1, 1, 42.3000)
GO
INSERT [dbo].[purchaseXProduct] ([id_purchaseXProduct], [id_purchase], [id_product], [amount], [subtotal]) VALUES (63, 44, 2, 1, 35.7200)
GO
INSERT [dbo].[purchaseXProduct] ([id_purchaseXProduct], [id_purchase], [id_product], [amount], [subtotal]) VALUES (64, 46, 6, 1, 141.0000)
GO
INSERT [dbo].[purchaseXProduct] ([id_purchaseXProduct], [id_purchase], [id_product], [amount], [subtotal]) VALUES (65, 47, 6, 1, 141.0000)
GO
INSERT [dbo].[purchaseXProduct] ([id_purchaseXProduct], [id_purchase], [id_product], [amount], [subtotal]) VALUES (67, 50, 4, 1, 23.5000)
GO
INSERT [dbo].[purchaseXProduct] ([id_purchaseXProduct], [id_purchase], [id_product], [amount], [subtotal]) VALUES (68, 50, 5, 1, 51.7000)
GO
INSERT [dbo].[purchaseXProduct] ([id_purchaseXProduct], [id_purchase], [id_product], [amount], [subtotal]) VALUES (69, 51, 2, 1, 35.7200)
GO
INSERT [dbo].[purchaseXProduct] ([id_purchaseXProduct], [id_purchase], [id_product], [amount], [subtotal]) VALUES (70, 51, 3, 1, 9.4000)
GO
INSERT [dbo].[purchaseXProduct] ([id_purchaseXProduct], [id_purchase], [id_product], [amount], [subtotal]) VALUES (71, 52, 6, 1, 141.0000)
GO
INSERT [dbo].[purchaseXProduct] ([id_purchaseXProduct], [id_purchase], [id_product], [amount], [subtotal]) VALUES (72, 52, 5, 4, 206.8000)
GO
INSERT [dbo].[purchaseXProduct] ([id_purchaseXProduct], [id_purchase], [id_product], [amount], [subtotal]) VALUES (73, 53, 4, 1, 23.5000)
GO
INSERT [dbo].[purchaseXProduct] ([id_purchaseXProduct], [id_purchase], [id_product], [amount], [subtotal]) VALUES (74, 54, 1, 1, 42.3000)
GO
INSERT [dbo].[purchaseXProduct] ([id_purchaseXProduct], [id_purchase], [id_product], [amount], [subtotal]) VALUES (75, 1055, 2, 1, 35.7200)
GO
INSERT [dbo].[purchaseXProduct] ([id_purchaseXProduct], [id_purchase], [id_product], [amount], [subtotal]) VALUES (76, 1055, 3, 1, 9.4000)
GO
INSERT [dbo].[purchaseXProduct] ([id_purchaseXProduct], [id_purchase], [id_product], [amount], [subtotal]) VALUES (77, 1056, 2, 2, 71.4400)
GO
INSERT [dbo].[purchaseXProduct] ([id_purchaseXProduct], [id_purchase], [id_product], [amount], [subtotal]) VALUES (79, 1058, 3, 5, 47.0000)
GO
INSERT [dbo].[purchaseXProduct] ([id_purchaseXProduct], [id_purchase], [id_product], [amount], [subtotal]) VALUES (80, 1058, 2, 1, 35.7200)
GO
INSERT [dbo].[purchaseXProduct] ([id_purchaseXProduct], [id_purchase], [id_product], [amount], [subtotal]) VALUES (84, 1063, 2, 1, 35.7200)
GO
INSERT [dbo].[purchaseXProduct] ([id_purchaseXProduct], [id_purchase], [id_product], [amount], [subtotal]) VALUES (85, 1064, 4, 1, 23.5000)
GO
INSERT [dbo].[purchaseXProduct] ([id_purchaseXProduct], [id_purchase], [id_product], [amount], [subtotal]) VALUES (86, 1064, 6, 1, 141.0000)
GO
INSERT [dbo].[purchaseXProduct] ([id_purchaseXProduct], [id_purchase], [id_product], [amount], [subtotal]) VALUES (87, 1065, 5, 1, 51.7000)
GO
INSERT [dbo].[purchaseXProduct] ([id_purchaseXProduct], [id_purchase], [id_product], [amount], [subtotal]) VALUES (88, 1066, 4, 3, 75.0000)
GO
INSERT [dbo].[purchaseXProduct] ([id_purchaseXProduct], [id_purchase], [id_product], [amount], [subtotal]) VALUES (89, 1067, 2, 1, 38.0000)
GO
INSERT [dbo].[Store] ([id_store], [name_store], [location_store]) VALUES (1, N'WhiskyClub Germany 1', 0xE6100000010C6167836B7B11484032FA46193D262740)
GO
INSERT [dbo].[Store] ([id_store], [name_store], [location_store]) VALUES (2, N'WhiskyClub Germany 2', 0xE6100000010C0E65378F6E144940D472074DED672140)
GO
INSERT [dbo].[Store] ([id_store], [name_store], [location_store]) VALUES (3, N'WhiskyClub Germany 3', 0xE6100000010C744CD9079A794940BA93B5375FCA1B40)
GO
ALTER TABLE [dbo].[CatalogSubscription] ADD  CONSTRAINT [DF_CatalogSubscription_special]  DEFAULT ((0)) FOR [special]
GO
ALTER TABLE [dbo].[Product] ADD  CONSTRAINT [DF__Product__special__412EB0B6]  DEFAULT ((0)) FOR [special_product]
GO
ALTER TABLE [dbo].[purchase] ADD  CONSTRAINT [DF__purchase__subtot__151B244E]  DEFAULT ((0)) FOR [subtotal]
GO
ALTER TABLE [dbo].[purchase] ADD  CONSTRAINT [DF__purchase__shippi__160F4887]  DEFAULT ((0)) FOR [shipping]
GO
ALTER TABLE [dbo].[purchase] ADD  CONSTRAINT [DF__purchase__total__17036CC0]  DEFAULT ((0)) FOR [total]
GO
ALTER TABLE [dbo].[purchase] ADD  CONSTRAINT [DF__purchase__status__17F790F9]  DEFAULT ((1)) FOR [status_purchase]
GO
ALTER TABLE [dbo].[purchase] ADD  CONSTRAINT [DF_purchase_store]  DEFAULT ((1)) FOR [store]
GO
ALTER TABLE [dbo].[Client]  WITH CHECK ADD  CONSTRAINT [FK__Client__subscrip__3C69FB99] FOREIGN KEY([subscription_client])
REFERENCES [dbo].[CatalogSubscription] ([id_subscription])
GO
ALTER TABLE [dbo].[Client] CHECK CONSTRAINT [FK__Client__subscrip__3C69FB99]
GO
ALTER TABLE [dbo].[Product]  WITH CHECK ADD  CONSTRAINT [FK__Product__contain__4316F928] FOREIGN KEY([container_product])
REFERENCES [dbo].[CatalogContainer] ([id_Container])
GO
ALTER TABLE [dbo].[Product] CHECK CONSTRAINT [FK__Product__contain__4316F928]
GO
ALTER TABLE [dbo].[Product]  WITH CHECK ADD  CONSTRAINT [FK__Product__type_pr__4222D4EF] FOREIGN KEY([type_product])
REFERENCES [dbo].[CatalogProductType] ([id_ProductType])
GO
ALTER TABLE [dbo].[Product] CHECK CONSTRAINT [FK__Product__type_pr__4222D4EF]
GO
ALTER TABLE [dbo].[ProductxStore]  WITH CHECK ADD  CONSTRAINT [FK__ProductxS__id_pr__282DF8C2] FOREIGN KEY([id_product])
REFERENCES [dbo].[Product] ([id_product])
GO
ALTER TABLE [dbo].[ProductxStore] CHECK CONSTRAINT [FK__ProductxS__id_pr__282DF8C2]
GO
ALTER TABLE [dbo].[ProductxStore]  WITH CHECK ADD  CONSTRAINT [FK__ProductxS__id_st__2739D489] FOREIGN KEY([id_store])
REFERENCES [dbo].[Store] ([id_store])
GO
ALTER TABLE [dbo].[ProductxStore] CHECK CONSTRAINT [FK__ProductxS__id_st__2739D489]
GO
ALTER TABLE [dbo].[purchase]  WITH CHECK ADD  CONSTRAINT [FK__purchase__client__18EBB532] FOREIGN KEY([client_purchase])
REFERENCES [dbo].[Client] ([id_client])
GO
ALTER TABLE [dbo].[purchase] CHECK CONSTRAINT [FK__purchase__client__18EBB532]
GO
ALTER TABLE [dbo].[purchaseXProduct]  WITH CHECK ADD  CONSTRAINT [FK__purchaseX__id_pr__1CBC4616] FOREIGN KEY([id_product])
REFERENCES [dbo].[Product] ([id_product])
GO
ALTER TABLE [dbo].[purchaseXProduct] CHECK CONSTRAINT [FK__purchaseX__id_pr__1CBC4616]
GO
ALTER TABLE [dbo].[purchaseXProduct]  WITH CHECK ADD  CONSTRAINT [FK__purchaseX__subto__1BC821DD] FOREIGN KEY([id_purchase])
REFERENCES [dbo].[purchase] ([id_purchase])
GO
ALTER TABLE [dbo].[purchaseXProduct] CHECK CONSTRAINT [FK__purchaseX__subto__1BC821DD]
GO
USE [master]
GO
ALTER DATABASE [WhiskyGermany] SET  READ_WRITE 
GO
