USE [master]
GO
/****** Object:  Database [WhiskyClubCentral]    Script Date: 6/16/2022 5:08:59 PM ******/
CREATE DATABASE [WhiskyClubCentral]
 CONTAINMENT = NONE
 ON  PRIMARY 
( NAME = N'WhiskyClubCentral', FILENAME = N'C:\Program Files\Microsoft SQL Server\MSSQL15.MSSQLSERVER\MSSQL\DATA\WhiskyClubCentral.mdf' , SIZE = 8192KB , MAXSIZE = UNLIMITED, FILEGROWTH = 65536KB )
 LOG ON 
( NAME = N'WhiskyClubCentral_log', FILENAME = N'C:\Program Files\Microsoft SQL Server\MSSQL15.MSSQLSERVER\MSSQL\DATA\WhiskyClubCentral_log.ldf' , SIZE = 8192KB , MAXSIZE = 2048GB , FILEGROWTH = 65536KB )
 WITH CATALOG_COLLATION = DATABASE_DEFAULT
GO
ALTER DATABASE [WhiskyClubCentral] SET COMPATIBILITY_LEVEL = 150
GO
IF (1 = FULLTEXTSERVICEPROPERTY('IsFullTextInstalled'))
begin
EXEC [WhiskyClubCentral].[dbo].[sp_fulltext_database] @action = 'enable'
end
GO
ALTER DATABASE [WhiskyClubCentral] SET ANSI_NULL_DEFAULT OFF 
GO
ALTER DATABASE [WhiskyClubCentral] SET ANSI_NULLS OFF 
GO
ALTER DATABASE [WhiskyClubCentral] SET ANSI_PADDING OFF 
GO
ALTER DATABASE [WhiskyClubCentral] SET ANSI_WARNINGS OFF 
GO
ALTER DATABASE [WhiskyClubCentral] SET ARITHABORT OFF 
GO
ALTER DATABASE [WhiskyClubCentral] SET AUTO_CLOSE OFF 
GO
ALTER DATABASE [WhiskyClubCentral] SET AUTO_SHRINK OFF 
GO
ALTER DATABASE [WhiskyClubCentral] SET AUTO_UPDATE_STATISTICS ON 
GO
ALTER DATABASE [WhiskyClubCentral] SET CURSOR_CLOSE_ON_COMMIT OFF 
GO
ALTER DATABASE [WhiskyClubCentral] SET CURSOR_DEFAULT  GLOBAL 
GO
ALTER DATABASE [WhiskyClubCentral] SET CONCAT_NULL_YIELDS_NULL OFF 
GO
ALTER DATABASE [WhiskyClubCentral] SET NUMERIC_ROUNDABORT OFF 
GO
ALTER DATABASE [WhiskyClubCentral] SET QUOTED_IDENTIFIER OFF 
GO
ALTER DATABASE [WhiskyClubCentral] SET RECURSIVE_TRIGGERS OFF 
GO
ALTER DATABASE [WhiskyClubCentral] SET  DISABLE_BROKER 
GO
ALTER DATABASE [WhiskyClubCentral] SET AUTO_UPDATE_STATISTICS_ASYNC OFF 
GO
ALTER DATABASE [WhiskyClubCentral] SET DATE_CORRELATION_OPTIMIZATION OFF 
GO
ALTER DATABASE [WhiskyClubCentral] SET TRUSTWORTHY OFF 
GO
ALTER DATABASE [WhiskyClubCentral] SET ALLOW_SNAPSHOT_ISOLATION OFF 
GO
ALTER DATABASE [WhiskyClubCentral] SET PARAMETERIZATION SIMPLE 
GO
ALTER DATABASE [WhiskyClubCentral] SET READ_COMMITTED_SNAPSHOT OFF 
GO
ALTER DATABASE [WhiskyClubCentral] SET HONOR_BROKER_PRIORITY OFF 
GO
ALTER DATABASE [WhiskyClubCentral] SET RECOVERY FULL 
GO
ALTER DATABASE [WhiskyClubCentral] SET  MULTI_USER 
GO
ALTER DATABASE [WhiskyClubCentral] SET PAGE_VERIFY CHECKSUM  
GO
ALTER DATABASE [WhiskyClubCentral] SET DB_CHAINING OFF 
GO
ALTER DATABASE [WhiskyClubCentral] SET FILESTREAM( NON_TRANSACTED_ACCESS = OFF ) 
GO
ALTER DATABASE [WhiskyClubCentral] SET TARGET_RECOVERY_TIME = 60 SECONDS 
GO
ALTER DATABASE [WhiskyClubCentral] SET DELAYED_DURABILITY = DISABLED 
GO
ALTER DATABASE [WhiskyClubCentral] SET ACCELERATED_DATABASE_RECOVERY = OFF  
GO
EXEC sys.sp_db_vardecimal_storage_format N'WhiskyClubCentral', N'ON'
GO
ALTER DATABASE [WhiskyClubCentral] SET QUERY_STORE = OFF
GO
USE [WhiskyClubCentral]
GO
/****** Object:  Table [dbo].[CatalogContainer]    Script Date: 6/16/2022 5:09:00 PM ******/
SET ANSI_NULLS ON
GO
SET QUOTED_IDENTIFIER ON
GO
CREATE TABLE [dbo].[CatalogContainer](
	[id_Container] [int] IDENTITY(1,1) NOT NULL,
	[description_Container] [varchar](64) NOT NULL,
PRIMARY KEY CLUSTERED 
(
	[id_Container] ASC
)WITH (PAD_INDEX = OFF, STATISTICS_NORECOMPUTE = OFF, IGNORE_DUP_KEY = OFF, ALLOW_ROW_LOCKS = ON, ALLOW_PAGE_LOCKS = ON, OPTIMIZE_FOR_SEQUENTIAL_KEY = OFF) ON [PRIMARY]
) ON [PRIMARY]
GO
/****** Object:  Table [dbo].[CatalogCountry]    Script Date: 6/16/2022 5:09:00 PM ******/
SET ANSI_NULLS ON
GO
SET QUOTED_IDENTIFIER ON
GO
CREATE TABLE [dbo].[CatalogCountry](
	[id_Country] [int] IDENTITY(1,1) NOT NULL,
	[name_Country] [varchar](64) NOT NULL,
	[money_type] [varchar](64) NOT NULL,
	[dollar_equivalent] [float] NOT NULL,
 CONSTRAINT [PK__CatalogC__DCFD765CD0D14B46] PRIMARY KEY CLUSTERED 
(
	[id_Country] ASC
)WITH (PAD_INDEX = OFF, STATISTICS_NORECOMPUTE = OFF, IGNORE_DUP_KEY = OFF, ALLOW_ROW_LOCKS = ON, ALLOW_PAGE_LOCKS = ON, OPTIMIZE_FOR_SEQUENTIAL_KEY = OFF) ON [PRIMARY]
) ON [PRIMARY]
GO
/****** Object:  Table [dbo].[CatalogDistillery]    Script Date: 6/16/2022 5:09:00 PM ******/
SET ANSI_NULLS ON
GO
SET QUOTED_IDENTIFIER ON
GO
CREATE TABLE [dbo].[CatalogDistillery](
	[id_Distillery] [int] IDENTITY(1,1) NOT NULL,
	[name_Distillery] [varchar](64) NOT NULL,
PRIMARY KEY CLUSTERED 
(
	[id_Distillery] ASC
)WITH (PAD_INDEX = OFF, STATISTICS_NORECOMPUTE = OFF, IGNORE_DUP_KEY = OFF, ALLOW_ROW_LOCKS = ON, ALLOW_PAGE_LOCKS = ON, OPTIMIZE_FOR_SEQUENTIAL_KEY = OFF) ON [PRIMARY]
) ON [PRIMARY]
GO
/****** Object:  Table [dbo].[CatalogProductType]    Script Date: 6/16/2022 5:09:00 PM ******/
SET ANSI_NULLS ON
GO
SET QUOTED_IDENTIFIER ON
GO
CREATE TABLE [dbo].[CatalogProductType](
	[id_ProductType] [int] IDENTITY(1,1) NOT NULL,
	[name_ProductType] [varchar](64) NOT NULL,
PRIMARY KEY CLUSTERED 
(
	[id_ProductType] ASC
)WITH (PAD_INDEX = OFF, STATISTICS_NORECOMPUTE = OFF, IGNORE_DUP_KEY = OFF, ALLOW_ROW_LOCKS = ON, ALLOW_PAGE_LOCKS = ON, OPTIMIZE_FOR_SEQUENTIAL_KEY = OFF) ON [PRIMARY]
) ON [PRIMARY]
GO
/****** Object:  Table [dbo].[CatalogStatusPurchase]    Script Date: 6/16/2022 5:09:00 PM ******/
SET ANSI_NULLS ON
GO
SET QUOTED_IDENTIFIER ON
GO
CREATE TABLE [dbo].[CatalogStatusPurchase](
	[id_StatusPurchase] [int] NOT NULL,
	[name_StatusPurchase] [varchar](64) NOT NULL,
 CONSTRAINT [PK__CatalogS__4259C51E2967F82B] PRIMARY KEY CLUSTERED 
(
	[id_StatusPurchase] ASC
)WITH (PAD_INDEX = OFF, STATISTICS_NORECOMPUTE = OFF, IGNORE_DUP_KEY = OFF, ALLOW_ROW_LOCKS = ON, ALLOW_PAGE_LOCKS = ON, OPTIMIZE_FOR_SEQUENTIAL_KEY = OFF) ON [PRIMARY]
) ON [PRIMARY]
GO
/****** Object:  Table [dbo].[CatalogSubscription]    Script Date: 6/16/2022 5:09:00 PM ******/
SET ANSI_NULLS ON
GO
SET QUOTED_IDENTIFIER ON
GO
CREATE TABLE [dbo].[CatalogSubscription](
	[id_subscription] [int] NOT NULL,
	[name_subscription] [varchar](64) NOT NULL,
	[description_subscription] [varchar](max) NOT NULL,
	[discount_subscription] [int] NOT NULL,
	[price_subscription] [money] NOT NULL,
	[discount_shipping] [int] NOT NULL,
 CONSTRAINT [PK__CatalogS__F9DF0F6D89C35136] PRIMARY KEY CLUSTERED 
(
	[id_subscription] ASC
)WITH (PAD_INDEX = OFF, STATISTICS_NORECOMPUTE = OFF, IGNORE_DUP_KEY = OFF, ALLOW_ROW_LOCKS = ON, ALLOW_PAGE_LOCKS = ON, OPTIMIZE_FOR_SEQUENTIAL_KEY = OFF) ON [PRIMARY]
) ON [PRIMARY] TEXTIMAGE_ON [PRIMARY]
GO
/****** Object:  Table [dbo].[CatalogUserType]    Script Date: 6/16/2022 5:09:00 PM ******/
SET ANSI_NULLS ON
GO
SET QUOTED_IDENTIFIER ON
GO
CREATE TABLE [dbo].[CatalogUserType](
	[id_UserType] [int] IDENTITY(1,1) NOT NULL,
	[name_UserType] [varchar](64) NOT NULL,
	[description_UserType] [varchar](64) NOT NULL,
PRIMARY KEY CLUSTERED 
(
	[id_UserType] ASC
)WITH (PAD_INDEX = OFF, STATISTICS_NORECOMPUTE = OFF, IGNORE_DUP_KEY = OFF, ALLOW_ROW_LOCKS = ON, ALLOW_PAGE_LOCKS = ON, OPTIMIZE_FOR_SEQUENTIAL_KEY = OFF) ON [PRIMARY]
) ON [PRIMARY]
GO
/****** Object:  Table [dbo].[Client]    Script Date: 6/16/2022 5:09:00 PM ******/
SET ANSI_NULLS ON
GO
SET QUOTED_IDENTIFIER ON
GO
CREATE TABLE [dbo].[Client](
	[id_client] [int] NOT NULL,
	[name_client] [varchar](50) NOT NULL,
	[country_client] [int] NOT NULL,
	[email_client] [varchar](64) NOT NULL,
	[subscription_client] [int] NOT NULL,
	[user_credentials] [int] NOT NULL,
	[location_client] [geography] NULL,
	[location_clientText]  AS ([location_client].[STAsText]()),
	[status_client] [bit] NOT NULL,
 CONSTRAINT [PK__Client__6EC2B6C02E812F81] PRIMARY KEY CLUSTERED 
(
	[id_client] ASC
)WITH (PAD_INDEX = OFF, STATISTICS_NORECOMPUTE = OFF, IGNORE_DUP_KEY = OFF, ALLOW_ROW_LOCKS = ON, ALLOW_PAGE_LOCKS = ON, OPTIMIZE_FOR_SEQUENTIAL_KEY = OFF) ON [PRIMARY]
) ON [PRIMARY] TEXTIMAGE_ON [PRIMARY]
GO
/****** Object:  Table [dbo].[imagesProduct]    Script Date: 6/16/2022 5:09:00 PM ******/
SET ANSI_NULLS ON
GO
SET QUOTED_IDENTIFIER ON
GO
CREATE TABLE [dbo].[imagesProduct](
	[id_image] [int] IDENTITY(1,1) NOT NULL,
	[product_image] [int] NOT NULL,
	[image_] [varbinary](max) NOT NULL,
PRIMARY KEY CLUSTERED 
(
	[id_image] ASC
)WITH (PAD_INDEX = OFF, STATISTICS_NORECOMPUTE = OFF, IGNORE_DUP_KEY = OFF, ALLOW_ROW_LOCKS = ON, ALLOW_PAGE_LOCKS = ON, OPTIMIZE_FOR_SEQUENTIAL_KEY = OFF) ON [PRIMARY]
) ON [PRIMARY] TEXTIMAGE_ON [PRIMARY]
GO
/****** Object:  Table [dbo].[LocationXClient]    Script Date: 6/16/2022 5:09:00 PM ******/
SET ANSI_NULLS ON
GO
SET QUOTED_IDENTIFIER ON
GO
CREATE TABLE [dbo].[LocationXClient](
	[id_locationXClient] [int] IDENTITY(1,1) NOT NULL,
	[id_client] [varchar](50) NOT NULL,
	[location_client] [geography] NOT NULL,
	[location_clientText]  AS ([location_client].[STAsText]()),
	[name_location] [varchar](128) NOT NULL,
PRIMARY KEY CLUSTERED 
(
	[id_locationXClient] ASC
)WITH (PAD_INDEX = OFF, STATISTICS_NORECOMPUTE = OFF, IGNORE_DUP_KEY = OFF, ALLOW_ROW_LOCKS = ON, ALLOW_PAGE_LOCKS = ON, OPTIMIZE_FOR_SEQUENTIAL_KEY = OFF) ON [PRIMARY]
) ON [PRIMARY] TEXTIMAGE_ON [PRIMARY]
GO
/****** Object:  Table [dbo].[locationXCliente]    Script Date: 6/16/2022 5:09:00 PM ******/
SET ANSI_NULLS ON
GO
SET QUOTED_IDENTIFIER ON
GO
CREATE TABLE [dbo].[locationXCliente](
	[id_locationXCliente] [int] IDENTITY(1,1) NOT NULL,
	[id_Client] [int] NOT NULL,
	[name_Location] [varchar](128) NULL,
	[location_client] [geography] NOT NULL,
	[location_clientText]  AS ([location_client].[STAsText]()),
PRIMARY KEY CLUSTERED 
(
	[id_locationXCliente] ASC
)WITH (PAD_INDEX = OFF, STATISTICS_NORECOMPUTE = OFF, IGNORE_DUP_KEY = OFF, ALLOW_ROW_LOCKS = ON, ALLOW_PAGE_LOCKS = ON, OPTIMIZE_FOR_SEQUENTIAL_KEY = OFF) ON [PRIMARY]
) ON [PRIMARY] TEXTIMAGE_ON [PRIMARY]
GO
/****** Object:  Table [dbo].[Product]    Script Date: 6/16/2022 5:09:00 PM ******/
SET ANSI_NULLS ON
GO
SET QUOTED_IDENTIFIER ON
GO
CREATE TABLE [dbo].[Product](
	[id_product] [int] IDENTITY(1,1) NOT NULL,
	[name_product] [varchar](64) NOT NULL,
	[type_product] [int] NOT NULL,
	[aged_product] [int] NOT NULL,
	[distillery_product] [int] NOT NULL,
	[container_product] [int] NOT NULL,
	[price_product] [money] NOT NULL,
	[special_product] [bit] NOT NULL,
	[status] [bit] NULL,
	[amount] [int] NOT NULL,
	[image] [varbinary](max) NULL,
 CONSTRAINT [PK__Product__BA39E84F14DE09CA] PRIMARY KEY CLUSTERED 
(
	[id_product] ASC
)WITH (PAD_INDEX = OFF, STATISTICS_NORECOMPUTE = OFF, IGNORE_DUP_KEY = OFF, ALLOW_ROW_LOCKS = ON, ALLOW_PAGE_LOCKS = ON, OPTIMIZE_FOR_SEQUENTIAL_KEY = OFF) ON [PRIMARY]
) ON [PRIMARY] TEXTIMAGE_ON [PRIMARY]
GO
/****** Object:  Table [dbo].[purchase]    Script Date: 6/16/2022 5:09:00 PM ******/
SET ANSI_NULLS ON
GO
SET QUOTED_IDENTIFIER ON
GO
CREATE TABLE [dbo].[purchase](
	[id_purchase] [int] IDENTITY(1,1) NOT NULL,
	[client_purchase] [int] NOT NULL,
	[date_purchase] [date] NOT NULL,
	[location_client] [geography] NOT NULL,
	[subtotal] [money] NOT NULL,
	[shipping] [money] NOT NULL,
	[total] [money] NOT NULL,
	[id_PurchasingManager] [int] NULL,
	[id_Dealer] [int] NULL,
	[status_purchase] [int] NOT NULL,
	[distance] [float] NOT NULL,
	[moneyType] [varchar](128) NOT NULL,
	[store] [int] NOT NULL,
 CONSTRAINT [PK__purchase__84A464F9AB33EC9D] PRIMARY KEY CLUSTERED 
(
	[id_purchase] ASC
)WITH (PAD_INDEX = OFF, STATISTICS_NORECOMPUTE = OFF, IGNORE_DUP_KEY = OFF, ALLOW_ROW_LOCKS = ON, ALLOW_PAGE_LOCKS = ON, OPTIMIZE_FOR_SEQUENTIAL_KEY = OFF) ON [PRIMARY]
) ON [PRIMARY] TEXTIMAGE_ON [PRIMARY]
GO
/****** Object:  Table [dbo].[purchaseXProduct]    Script Date: 6/16/2022 5:09:00 PM ******/
SET ANSI_NULLS ON
GO
SET QUOTED_IDENTIFIER ON
GO
CREATE TABLE [dbo].[purchaseXProduct](
	[id_purchaseXProduct] [int] IDENTITY(1,1) NOT NULL,
	[id_purchase] [int] NOT NULL,
	[id_product] [int] NOT NULL,
	[amount] [int] NOT NULL,
	[subtotal] [money] NOT NULL,
PRIMARY KEY CLUSTERED 
(
	[id_purchaseXProduct] ASC
)WITH (PAD_INDEX = OFF, STATISTICS_NORECOMPUTE = OFF, IGNORE_DUP_KEY = OFF, ALLOW_ROW_LOCKS = ON, ALLOW_PAGE_LOCKS = ON, OPTIMIZE_FOR_SEQUENTIAL_KEY = OFF) ON [PRIMARY]
) ON [PRIMARY]
GO
/****** Object:  Table [dbo].[Store]    Script Date: 6/16/2022 5:09:00 PM ******/
SET ANSI_NULLS ON
GO
SET QUOTED_IDENTIFIER ON
GO
CREATE TABLE [dbo].[Store](
	[id_store] [int] NOT NULL,
	[name_store] [varchar](64) NOT NULL,
	[country_store] [int] NOT NULL,
	[location_store] [geography] NOT NULL,
	[location_storeText]  AS ([location_store].[STAsText]()),
 CONSTRAINT [PK__Store__3A39C33947B6B43A] PRIMARY KEY CLUSTERED 
(
	[id_store] ASC
)WITH (PAD_INDEX = OFF, STATISTICS_NORECOMPUTE = OFF, IGNORE_DUP_KEY = OFF, ALLOW_ROW_LOCKS = ON, ALLOW_PAGE_LOCKS = ON, OPTIMIZE_FOR_SEQUENTIAL_KEY = OFF) ON [PRIMARY]
) ON [PRIMARY] TEXTIMAGE_ON [PRIMARY]
GO
/****** Object:  Table [dbo].[Users]    Script Date: 6/16/2022 5:09:00 PM ******/
SET ANSI_NULLS ON
GO
SET QUOTED_IDENTIFIER ON
GO
CREATE TABLE [dbo].[Users](
	[id_user] [int] IDENTITY(1,1) NOT NULL,
	[nickname] [varchar](50) NOT NULL,
	[password_user] [varbinary](max) NOT NULL,
	[type_user] [int] NOT NULL,
PRIMARY KEY CLUSTERED 
(
	[id_user] ASC
)WITH (PAD_INDEX = OFF, STATISTICS_NORECOMPUTE = OFF, IGNORE_DUP_KEY = OFF, ALLOW_ROW_LOCKS = ON, ALLOW_PAGE_LOCKS = ON, OPTIMIZE_FOR_SEQUENTIAL_KEY = OFF) ON [PRIMARY]
) ON [PRIMARY] TEXTIMAGE_ON [PRIMARY]
GO
SET IDENTITY_INSERT [dbo].[CatalogContainer] ON 
GO
INSERT [dbo].[CatalogContainer] ([id_Container], [description_Container]) VALUES (1, N'Mini Bottle 4cl')
GO
INSERT [dbo].[CatalogContainer] ([id_Container], [description_Container]) VALUES (2, N'Hip flask Bottle 200ml')
GO
INSERT [dbo].[CatalogContainer] ([id_Container], [description_Container]) VALUES (3, N'Standar Bottle 50cl')
GO
INSERT [dbo].[CatalogContainer] ([id_Container], [description_Container]) VALUES (4, N'Bottle 70cl-1L')
GO
INSERT [dbo].[CatalogContainer] ([id_Container], [description_Container]) VALUES (5, N'Special Size Bottle 3L')
GO
INSERT [dbo].[CatalogContainer] ([id_Container], [description_Container]) VALUES (6, N'Gift Edition Bottle 4.5L ')
GO
SET IDENTITY_INSERT [dbo].[CatalogContainer] OFF
GO
SET IDENTITY_INSERT [dbo].[CatalogCountry] ON 
GO
INSERT [dbo].[CatalogCountry] ([id_Country], [name_Country], [money_type], [dollar_equivalent]) VALUES (1, N'Germany', N'Euro', 0.94)
GO
INSERT [dbo].[CatalogCountry] ([id_Country], [name_Country], [money_type], [dollar_equivalent]) VALUES (2, N'United States', N'Dollar', 1)
GO
INSERT [dbo].[CatalogCountry] ([id_Country], [name_Country], [money_type], [dollar_equivalent]) VALUES (3, N'Japan', N'Yen', 134.36)
GO
SET IDENTITY_INSERT [dbo].[CatalogCountry] OFF
GO
SET IDENTITY_INSERT [dbo].[CatalogDistillery] ON 
GO
INSERT [dbo].[CatalogDistillery] ([id_Distillery], [name_Distillery]) VALUES (1, N'Glenmorangie Distillery')
GO
INSERT [dbo].[CatalogDistillery] ([id_Distillery], [name_Distillery]) VALUES (2, N'Balblair Distillery')
GO
INSERT [dbo].[CatalogDistillery] ([id_Distillery], [name_Distillery]) VALUES (3, N'Ardbeg Distillery')
GO
INSERT [dbo].[CatalogDistillery] ([id_Distillery], [name_Distillery]) VALUES (4, N'Aberlour Destillery')
GO
SET IDENTITY_INSERT [dbo].[CatalogDistillery] OFF
GO
SET IDENTITY_INSERT [dbo].[CatalogProductType] ON 
GO
INSERT [dbo].[CatalogProductType] ([id_ProductType], [name_ProductType]) VALUES (1, N'Single Malt')
GO
INSERT [dbo].[CatalogProductType] ([id_ProductType], [name_ProductType]) VALUES (2, N'Blended Scotch')
GO
INSERT [dbo].[CatalogProductType] ([id_ProductType], [name_ProductType]) VALUES (3, N'Irish')
GO
INSERT [dbo].[CatalogProductType] ([id_ProductType], [name_ProductType]) VALUES (4, N'Blended Malt')
GO
INSERT [dbo].[CatalogProductType] ([id_ProductType], [name_ProductType]) VALUES (5, N'Bourbon')
GO
INSERT [dbo].[CatalogProductType] ([id_ProductType], [name_ProductType]) VALUES (6, N'Tennessee Whiskey')
GO
SET IDENTITY_INSERT [dbo].[CatalogProductType] OFF
GO
INSERT [dbo].[CatalogStatusPurchase] ([id_StatusPurchase], [name_StatusPurchase]) VALUES (1, N'Pending')
GO
INSERT [dbo].[CatalogStatusPurchase] ([id_StatusPurchase], [name_StatusPurchase]) VALUES (2, N'Processed')
GO
INSERT [dbo].[CatalogStatusPurchase] ([id_StatusPurchase], [name_StatusPurchase]) VALUES (3, N'Canceled')
GO
INSERT [dbo].[CatalogSubscription] ([id_subscription], [name_subscription], [description_subscription], [discount_subscription], [price_subscription], [discount_shipping]) VALUES (1, N'Default', N'Default', 0, 0.0000, 0)
GO
INSERT [dbo].[CatalogSubscription] ([id_subscription], [name_subscription], [description_subscription], [discount_subscription], [price_subscription], [discount_shipping]) VALUES (2, N'Tier Short Glass', N'When a new whiskey is entered into the store, you receive an email with its description. You have a 5% discount on purchases', 5, 30.0000, 0)
GO
INSERT [dbo].[CatalogSubscription] ([id_subscription], [name_subscription], [description_subscription], [discount_subscription], [price_subscription], [discount_shipping]) VALUES (3, N'Tier Gleincairn', N'Exclusive whiskeys. It has a 10% discount on purchases and a 20% discount on the cost of shipping. Notifications of new products to the mail.', 10, 70.0000, 20)
GO
INSERT [dbo].[CatalogSubscription] ([id_subscription], [name_subscription], [description_subscription], [discount_subscription], [price_subscription], [discount_shipping]) VALUES (4, N'Tier Master Distiller', N'Free shipping cost. You have a 30% discount on purchases and every 10 whiskeys you buy, you get a free whiskey. Access to the catalog of special whiskeys. Mail notification of new products.', 30, 100.0000, 100)
GO
SET IDENTITY_INSERT [dbo].[CatalogUserType] ON 
GO
INSERT [dbo].[CatalogUserType] ([id_UserType], [name_UserType], [description_UserType]) VALUES (1, N'Client User', N'Normal user for shopping')
GO
INSERT [dbo].[CatalogUserType] ([id_UserType], [name_UserType], [description_UserType]) VALUES (2, N'Especial User', N'Especial user with editing permissions')
GO
SET IDENTITY_INSERT [dbo].[CatalogUserType] OFF
GO
INSERT [dbo].[Client] ([id_client], [name_client], [country_client], [email_client], [subscription_client], [user_credentials], [location_client], [status_client]) VALUES (1, N'Andres Valverde', 1, N'andres190601@gmail.com', 4, 1, 0xE6100000010C4971191727AB4940EC8B62EE50C02840, 1)
GO
INSERT [dbo].[Client] ([id_client], [name_client], [country_client], [email_client], [subscription_client], [user_credentials], [location_client], [status_client]) VALUES (2, N'Luis Fallas', 2, N'lfpf2220@gmail.com', 2, 2, 0xE6100000010CDE463DF3A0D44240CAE0A9ACBE5458C0, 1)
GO
INSERT [dbo].[Client] ([id_client], [name_client], [country_client], [email_client], [subscription_client], [user_credentials], [location_client], [status_client]) VALUES (3, N'Shirley Rodriguez', 3, N'shirod777@gmail.com', 3, 3, 0xE6100000010C9E800A9933D74140F076FF9870786140, 1)
GO
INSERT [dbo].[Client] ([id_client], [name_client], [country_client], [email_client], [subscription_client], [user_credentials], [location_client], [status_client]) VALUES (4, N'Juanita Perez', 2, N'juanita@gmail.com', 1, 4, 0xE6100000010C119569C8342A424062C5C9E74CE95DC0, 1)
GO
INSERT [dbo].[Client] ([id_client], [name_client], [country_client], [email_client], [subscription_client], [user_credentials], [location_client], [status_client]) VALUES (5, N'Valeria', 2, N'valeria@gmail.com', 4, 6, NULL, 1)
GO
INSERT [dbo].[Client] ([id_client], [name_client], [country_client], [email_client], [subscription_client], [user_credentials], [location_client], [status_client]) VALUES (6, N'Sys Admin', 1, N'sysadmin@gmail.com', 1, 7, NULL, 1)
GO
SET IDENTITY_INSERT [dbo].[LocationXClient] ON 
GO
INSERT [dbo].[LocationXClient] ([id_locationXClient], [id_client], [location_client], [name_location]) VALUES (1, N'1', 0xE6100000010CB84802564C174A400000000000294340, N'name')
GO
INSERT [dbo].[LocationXClient] ([id_locationXClient], [id_client], [location_client], [name_location]) VALUES (2, N'1', 0xE6100000010CB84802564C174A400000000000294340, N'prueba')
GO
SET IDENTITY_INSERT [dbo].[LocationXClient] OFF
GO
SET IDENTITY_INSERT [dbo].[Product] ON 
GO
INSERT [dbo].[Product] ([id_product], [name_product], [type_product], [aged_product], [distillery_product], [container_product], [price_product], [special_product], [status], [amount], [image]) VALUES (1, N'Glenfiddich', 1, 15, 1, 3, 45.0000, 0, 1, 42, NULL)
GO
INSERT [dbo].[Product] ([id_product], [name_product], [type_product], [aged_product], [distillery_product], [container_product], [price_product], [special_product], [status], [amount], [image]) VALUES (2, N'Glenlivet Founder’s Reserve', 1, 20, 2, 3, 38.0000, 0, 1, 34, NULL)
GO
INSERT [dbo].[Product] ([id_product], [name_product], [type_product], [aged_product], [distillery_product], [container_product], [price_product], [special_product], [status], [amount], [image]) VALUES (3, N'Monkey Shoulder', 2, 3, 3, 1, 10.0000, 0, 1, 40, NULL)
GO
INSERT [dbo].[Product] ([id_product], [name_product], [type_product], [aged_product], [distillery_product], [container_product], [price_product], [special_product], [status], [amount], [image]) VALUES (4, N'Lambay Small Batch Blend', 3, 10, 4, 2, 25.0000, 0, 1, 39, NULL)
GO
INSERT [dbo].[Product] ([id_product], [name_product], [type_product], [aged_product], [distillery_product], [container_product], [price_product], [special_product], [status], [amount], [image]) VALUES (5, N'Johnnie Walker Black Label', 4, 12, 4, 4, 55.0000, 0, 1, 41, NULL)
GO
INSERT [dbo].[Product] ([id_product], [name_product], [type_product], [aged_product], [distillery_product], [container_product], [price_product], [special_product], [status], [amount], [image]) VALUES (6, N'Makers Mark at Drizly', 5, 20, 1, 5, 150.0000, 1, 1, 45, NULL)
GO
INSERT [dbo].[Product] ([id_product], [name_product], [type_product], [aged_product], [distillery_product], [container_product], [price_product], [special_product], [status], [amount], [image]) VALUES (7, N'George Dickel Barrel Select', 6, 12, 1, 6, 70.0000, 1, 1, 50, NULL)
GO
INSERT [dbo].[Product] ([id_product], [name_product], [type_product], [aged_product], [distillery_product], [container_product], [price_product], [special_product], [status], [amount], [image]) VALUES (8, N'PruebaImageb', 1, 1, 1, 1, 1.0000, 1, 1, 1, 0xFFD8FFE000104A46494600010100000100010000FFDB0084000906071207061213121016131515151217171718171A181A151715181816181616181B212C211B1A251B171821312D26292B2F2E2E17203338372D37282D2E2B010A0A0A0E0D0E1B10101B2D2520252F35352D2D2F2F2E2E2E2D2D2F2D2D2D2D2D2D2D2D2D2D352D2D372D2D352D2B2D2B2D2D2B2D2D2D2D2D2D2D2D2D2D2D2D2DFFC000110800E100E103012200021101031101FFC4001C0001000300030101000000000000000000000506070304080201FFC40048100002010300050805070A030900000000000102030411050612213107132241516171817291A1B1C12332344252B2D1141524536282A2C2D2F07383922533435493A3B3E1F1FFC400190101000301010000000000000000000000000102030405FFC40026110100020202010303050000000000000000010203110431211341611222F014327191B1FFDA000C03010002110311003F00DC40000000000000000000000001F15AAC685272949462B7B6DA492ED6DF02B577CA1E8BB4ACE12BEA6E4B8A82954C7FA1302D00ACD9EBFE8CBDADB30BC86D764A3387DF8A2C74AAC6B52528C94A2D6534F29A7D69AE280FB00000000000000000000000000000000000000000000000000014BE5666E3AB1149FCEAF4D3F28CE7EF8A7E479DEACF6B48CBFBECFC0F4472AD6F2B9D03452C6EB8836DBC24B9BAA9C9BEA4B39660173A39DBD672E2F2E527B514A29BDD1D86F6DCBC97663AC8998856625C9A3A58D25159E3F8C7F037BE48E7B5AA18EA8D7B94BCE6E4FDB26FCCC72C344D2B8BBA6E9545D15996FDA9CA5D70514D2C678349E71C718CEC5C935BBB6D5AA9197FCCD778C34D2E8F14F7A6445A24889895D40059600000000000000000000000000000000000000000000000052B95EB4FCAB5325D2945C2AD069C5E1F4A6A935E18A8CF38C7476DDF4A0937B2DFF793D2BCA94B1AA525DB5682F55452F81836827FEDBABD1DBE92E8F6FCE2B69D46D7C38E32658ACFE789947DA68AC69284649C53CB4F38E1D8D1E83E47EDBF27D45A4F69C9CEA5C49E5E71F2B2863D515E7931FD21BF4C5BBD8D8CA9616EE1B3159DC971C761B1F24B2DAD46A2BECD4BA5FF007EA3F88A5BEA8DA73E28C5966B1F9E22571001666000000000000000000000000000000000000000000000000A5F2A5F29A2ADA9E71CE5D4579469569BFBA65367A079ABC94A8B72929E7127F3B65E5631849E7C0D33957B856EAC5BE0AB557E7CCCD2F7B299A0AAE6AB7DADBF59C5CCC96A478232CE3B45A3B87DDA6AC7E5D79CE5C4A509B7294541ACC76B7BCE535D9DB8C17AE4A63CCEAFD6A69E79BBBB98EFE3BDA9FF0037B485770A1562C95E4B2A73946FDAE0EF26D7FD3A69FB8CF839AD937B44E6B65BCDECBC800F452000000000000000000000000000000000000000000000044EB0EB0D0D5FB4DBAB2DEFE6C23BE53F05D9DEFDFB80ADF2B14217763674E52C4A574B1E11A555C9F86E5EB451A8BA5A1EEB156B46316F73724B3DC75B59AF2B6B8692556AA718C1354E119E3613E3BD3CB93C2CBEEF03AB4B5769CE4B9C86D3FDA6E5EF387936C768F3B677985AE8DFD9DECF0AEA9E12FB71E3EB2C3C904E9BD0370A135271BCB8DA69E78ECB8BF0D9C7B4CE2E754EDEAD3C7311F26D7C4ECEACD4A9A8FA4253B78B9539E39CA6E59534B861F1525BF0F7F1DFC4CB896C54F1132AD26B0DE0113ABBAC343586D36E94B7AC6DC25BA707D925F1594C963D36C0000000000000000000000000000000000000000000088D6BD371D5ED0752BB8ED38E1463F6A52788AF0F82326B597E79AEEE6EE6EA4E5BF1F562BA925D85E796159D4D7FE2D2F899D68A97E84BC0C334FB2B298ABA4A145ECD3A51F1672D9CB9FA9997B371079CD725B46D4DA7B8F2B916998676DA614634DA6A29F733B4ECA85E52DF4F0FBB71D26F28EF58ACDB49F0C35DFB9A7BFF00BF89CB8267EA52236A7E97DBD5AD251AF6D51C64BD4D75C64BAD335DD57D331D3FA0E9574B67693DA8FD9945E24BC32B7773463FAED2DDEB342E491635321E9D4F79EDF16D3AD35A2E6003ADA0000000000000000000000000000000000000000299CAE2CEA5D4EEA94BEF199E8A7FA1A34FE56239D48ADDD2A4FF008D19568CA9B34765EE9259C3EB4F84A3DABBD1CD9FB8565D8E35497D11D1ADBE585C56ECB4F39F3F67E30F0E95526F427CAD7C6F8EEDCDF07DDE1F89E66545626675094BC8A6D283714F7F6BF6AC25D9C59CF60B9BA18CB6BBDE782C7B8E3B9CA92524934B1BB7707D8725ABE8339693F7E95C93313A53F5D19A4F2531C6A5D2EF954FBC669AE2F6A6D75E33E0BB5F6234EE4B563526877BA9F7E4BE07B3C54E35B00076B4000000000000000000000000000000000000000055395159D47B8FF2FEFC4C8ACA70A9651854598ADF16B74A9BED83F87066C1CA62CEA3DD7A30FBF1314B67F228E5E44EB4AD9DC8CA56B53A5D38754D2EAFDA458346C9548A69E510B672D927747DA465BE0F665D6BA9F91E666E98D92929656F7D58392DA12AF1C297371EB97178FD95F1614630865EF67DD19660CE3C7FBD5EE772A7EB9D68C693A74E3B305BDF5CA72FB53975BF62350E4C16351ADBFCDFFCB3327D6E7D266B9C9B4767526D7D19BF5D49B3DDE274DB1ACA003B1A00000000000000000000000000000000000000002BFAFF006D3BCD4FB9A74E2E539462A315C5BDB8EE323B4D54BD54966D9AF19D35FCC6E1A5F7E8E9F97BD15DBDACE868D725C766293EC726A29F96726396916ECD6D40A1AB7734F8D34BF7E3F0648DBD8CE83E924BCCEFD5D331B3AB5D54A8EA28CE6E1B3B2FA11A34A6D2E197994BCDF52E10DA5F4D7E9492DB84152BB949A50728CA8CE941349BC34B6E4F1D798F7A39EDC5A5BBDAB3484E51B39D5E097ACEDD1D155765F47F897E245D9E995F9C24A2E4E1B13824947A556355D27B39EC7192DF8E19DFB895D1FA65CEC22B339D5FD1F69A8C70B6A1466FBB665B4F0DE37CB1BB719C7031C4EE36AFA7554B597556F6E33B16CE5E1287F51A7EA45B4ACF552DA9CE2E328C1A927C53DA7B8FB8D655ED14D67128292CF1C496567BF0C91D1FBAD23E7EF675E1A453C42F1588760006E900000000000000000000000000000000000000007574A2CD84FCBDE8AF568C6A5A6CCB389471ECF3DE58B48EFB29797BD10518ECD24BB1246774C2B95F44D254EAE2A4D2A919C658C70942117F57F613F16FAB71137BA0E9D79CBE527D255E0F1B3FF1E509CF1D1E29D358F3E259EB5CC64B29FD9EA7F5B72EA21E7791A9BF38DCE5C1F05D7C0A6F53A4E9FB63A1292ABB5B738EF9B58C74653A92AD26B317C652971EA64D58683A74BE6D5A9BF9BDFD1DFCD2A718A7D1E0B9B5E727DD8E8DADEAA345CD624A3BDA5C71BB2D77ACADC582D6EE1349A794F86E7BFAFB06FCE8D3B16D415B5A469A6E4A31514E58CB496167092E04A597D1979FBD9D19BC23BD63F4487822F4ED12E7001A200000000000000000000000000000000000000001D7BFFA14FD17EC2BF34DD158CFAF1DA586FF00E8353D09FB99011FF748A5D308AB8A9B9F4DFF00AA1F810CA4F1C5F17D70ED2C372B2FA885AB454258DDD7D4BAF7994C7DD12B474E4B5A0EAD2E6D3924DADADF0CE376E5DEF1EFEECD8ED6788AE93C6EFAD0E1858C6EEC2BF6DA3B9F5855670F470BCF8168B78A8F04BFF84563E345BF97324F9B79F7E7E049597D0E1E8C7DC47D4F98CEFD8FD0A9FA10F7235A2B2E7001A200000000000000000000000000000000000000001D5D293E6F465678CE29D478EDC4598D5B72B50A914A56328E7ECD64D6FF004A11C1B369259D1D57FC39FDD6797ECEC2956A3BE3ED7F899E4B456372ADA67D97EA9CA5509BDF6B5BCA549FF3A3A53D7EB79C962DEE3D54FC7F584058681A3564FA5521E8CF1F024A9EA75BD4DFF94D65FBF0FE9EE472DB934AF7FE2BEA6BB4D5B728D6F45ACDB5CBF08D3F1FD6771256FCA7D094FA3695BF7A5497F3B2AD3D51B6A6B7DDD67FBF0FE93928EAE5AB9EEA952A3D96F2EA671EA457F578FE7FA3D54DDF72B8A9CDC61A3E551EFDCEB2EAF4612C9AE587D069FA10F723CCFA5ECA9DBD65B29ACEEF9CF876713D356AB16B0F463EE3AF15A2D1B84D2667B72800D57000000000000000000000000000000000000000055794BD37F98F54EAC92CCAA7C92EEDB8CB2FD49F9E0C5F553462BBB3DA9C5ACB78DED6EF266C3CAB683ABA7754A51A11DBA94E71A8A0B8CD4534E31EFC4B3DF83CE94EE67695A49CEAD171786B128B8BEC970DFE252FAF75657FBFD0D3B78E6965F737C48CB4D34E857D9A94E517E1FF00A2AB534C556FE95571E94A3EE91F96FA49AA99755C9F7ED4BDB930B62A5BD94B42F70D32AE2E230A74DB6F8EEE1FC258E14E14ED5ED3DF8EEF81953D2BF289AADB0D75A525ED246CB5A6A41B52B96D7795AE1C75F656B110F8D69AD1A77EB119E33C5E706FDC9CE9BFCFBAAB4A6D74A1F2527F69C12C4BCD34FC7279CAF6EE7A56F52873955BF9A927D27D8B765F923D0BC96E84ABA075469C2B4766A4E52A928F5C36924A2FBF1159EF67453E1AD56E001A2C000000000000000000000000000000000000000011DA5740DA6995FA45AD2AD8E0E74E326BC1B595E4488029373C9568AAD9C5BCE9E7F575AAC579476B65792232A722F60E798D6B88F7668CBEFD26FDA69208D4234CE21C8D587D6AD7135D9F231F6C2927ED24ADF92AD154A69CADA555AEBA95AACB77638ED61AF145D40D41A847E8AD056BA1E2D5BDB52A39E3CDD38C5BF16965F992001290000000000000000000000000000000000000000000000000000000000000000000000000000000000007FFD9)
GO
INSERT [dbo].[Product] ([id_product], [name_product], [type_product], [aged_product], [distillery_product], [container_product], [price_product], [special_product], [status], [amount], [image]) VALUES (9, N'Prueba1', 2, 15, 2, 4, 10.0000, 1, 1, 0, 0xFFD8FFE000104A46494600010100000100010000FFDB0084000906071207061213121016131515151217171718171A181A151715181816181616181B212C211B1A251B171821312D26292B2F2E2E17203338372D37282D2E2B010A0A0A0E0D0E1B10101B2D2520252F35352D2D2F2F2E2E2E2D2D2F2D2D2D2D2D2D2D2D2D2D352D2D372D2D352D2B2D2B2D2D2B2D2D2D2D2D2D2D2D2D2D2D2D2DFFC000110800E100E103012200021101031101FFC4001C0001000300030101000000000000000000000506070304080201FFC40048100002010300050805070A030900000000000102030411050612213107132241516171817291A1B1C12332344252B2D1141524536282A2C2D2F07383922533435493A3B3E1F1FFC400190101000301010000000000000000000000000102030405FFC40026110100020202010303050000000000000000010203110431211341611222F014327191B1FFDA000C03010002110311003F00DC40000000000000000000000001F15AAC685272949462B7B6DA492ED6DF02B577CA1E8BB4ACE12BEA6E4B8A82954C7FA1302D00ACD9EBFE8CBDADB30BC86D764A3387DF8A2C74AAC6B52528C94A2D6534F29A7D69AE280FB00000000000000000000000000000000000000000000000000014BE5666E3AB1149FCEAF4D3F28CE7EF8A7E479DEACF6B48CBFBECFC0F4472AD6F2B9D03452C6EB8836DBC24B9BAA9C9BEA4B39660173A39DBD672E2F2E527B514A29BDD1D86F6DCBC97663AC8998856625C9A3A58D25159E3F8C7F037BE48E7B5AA18EA8D7B94BCE6E4FDB26FCCC72C344D2B8BBA6E9545D15996FDA9CA5D70514D2C678349E71C718CEC5C935BBB6D5AA9197FCCD778C34D2E8F14F7A6445A24889895D40059600000000000000000000000000000000000000000000000052B95EB4FCAB5325D2945C2AD069C5E1F4A6A935E18A8CF38C7476DDF4A0937B2DFF793D2BCA94B1AA525DB5682F55452F81836827FEDBABD1DBE92E8F6FCE2B69D46D7C38E32658ACFE789947DA68AC69284649C53CB4F38E1D8D1E83E47EDBF27D45A4F69C9CEA5C49E5E71F2B2863D515E7931FD21BF4C5BBD8D8CA9616EE1B3159DC971C761B1F24B2DAD46A2BECD4BA5FF007EA3F88A5BEA8DA73E28C5966B1F9E22571001666000000000000000000000000000000000000000000000000A5F2A5F29A2ADA9E71CE5D4579469569BFBA65367A079ABC94A8B72929E7127F3B65E5631849E7C0D33957B856EAC5BE0AB557E7CCCD2F7B299A0AAE6AB7DADBF59C5CCC96A478232CE3B45A3B87DDA6AC7E5D79CE5C4A509B7294541ACC76B7BCE535D9DB8C17AE4A63CCEAFD6A69E79BBBB98EFE3BDA9FF0037B485770A1562C95E4B2A73946FDAE0EF26D7FD3A69FB8CF839AD937B44E6B65BCDECBC800F452000000000000000000000000000000000000000000000044EB0EB0D0D5FB4DBAB2DEFE6C23BE53F05D9DEFDFB80ADF2B14217763674E52C4A574B1E11A555C9F86E5EB451A8BA5A1EEB156B46316F73724B3DC75B59AF2B6B8692556AA718C1354E119E3613E3BD3CB93C2CBEEF03AB4B5769CE4B9C86D3FDA6E5EF387936C768F3B677985AE8DFD9DECF0AEA9E12FB71E3EB2C3C904E9BD0370A135271BCB8DA69E78ECB8BF0D9C7B4CE2E754EDEAD3C7311F26D7C4ECEACD4A9A8FA4253B78B9539E39CA6E59534B861F1525BF0F7F1DFC4CB896C54F1132AD26B0DE0113ABBAC343586D36E94B7AC6DC25BA707D925F1594C963D36C0000000000000000000000000000000000000000000088D6BD371D5ED0752BB8ED38E1463F6A52788AF0F82326B597E79AEEE6EE6EA4E5BF1F562BA925D85E796159D4D7FE2D2F899D68A97E84BC0C334FB2B298ABA4A145ECD3A51F1672D9CB9FA9997B371079CD725B46D4DA7B8F2B916998676DA614634DA6A29F733B4ECA85E52DF4F0FBB71D26F28EF58ACDB49F0C35DFB9A7BFF00BF89CB8267EA52236A7E97DBD5AD251AF6D51C64BD4D75C64BAD335DD57D331D3FA0E9574B67693DA8FD9945E24BC32B7773463FAED2DDEB342E491635321E9D4F79EDF16D3AD35A2E6003ADA0000000000000000000000000000000000000000299CAE2CEA5D4EEA94BEF199E8A7FA1A34FE56239D48ADDD2A4FF008D19568CA9B34765EE9259C3EB4F84A3DABBD1CD9FB8565D8E35497D11D1ADBE585C56ECB4F39F3F67E30F0E95526F427CAD7C6F8EEDCDF07DDE1F89E66545626675094BC8A6D283714F7F6BF6AC25D9C59CF60B9BA18CB6BBDE782C7B8E3B9CA92524934B1BB7707D8725ABE8339693F7E95C93313A53F5D19A4F2531C6A5D2EF954FBC669AE2F6A6D75E33E0BB5F6234EE4B563526877BA9F7E4BE07B3C54E35B00076B4000000000000000000000000000000000000000055395159D47B8FF2FEFC4C8ACA70A9651854598ADF16B74A9BED83F87066C1CA62CEA3DD7A30FBF1314B67F228E5E44EB4AD9DC8CA56B53A5D38754D2EAFDA458346C9548A69E510B672D927747DA465BE0F665D6BA9F91E666E98D92929656F7D58392DA12AF1C297371EB97178FD95F1614630865EF67DD19660CE3C7FBD5EE772A7EB9D68C693A74E3B305BDF5CA72FB53975BF62350E4C16351ADBFCDFFCB3327D6E7D266B9C9B4767526D7D19BF5D49B3DDE274DB1ACA003B1A00000000000000000000000000000000000000002BFAFF006D3BCD4FB9A74E2E539462A315C5BDB8EE323B4D54BD54966D9AF19D35FCC6E1A5F7E8E9F97BD15DBDACE868D725C766293EC726A29F96726396916ECD6D40A1AB7734F8D34BF7E3F0648DBD8CE83E924BCCEFD5D331B3AB5D54A8EA28CE6E1B3B2FA11A34A6D2E197994BCDF52E10DA5F4D7E9492DB84152BB949A50728CA8CE941349BC34B6E4F1D798F7A39EDC5A5BBDAB3484E51B39D5E097ACEDD1D155765F47F897E245D9E995F9C24A2E4E1B13824947A556355D27B39EC7192DF8E19DFB895D1FA65CEC22B339D5FD1F69A8C70B6A1466FBB665B4F0DE37CB1BB719C7031C4EE36AFA7554B597556F6E33B16CE5E1287F51A7EA45B4ACF552DA9CE2E328C1A927C53DA7B8FB8D655ED14D67128292CF1C496567BF0C91D1FBAD23E7EF675E1A453C42F1588760006E900000000000000000000000000000000000000007574A2CD84FCBDE8AF568C6A5A6CCB389471ECF3DE58B48EFB29797BD10518ECD24BB1246774C2B95F44D254EAE2A4D2A919C658C70942117F57F613F16FAB71137BA0E9D79CBE527D255E0F1B3FF1E509CF1D1E29D358F3E259EB5CC64B29FD9EA7F5B72EA21E7791A9BF38DCE5C1F05D7C0A6F53A4E9FB63A1292ABB5B738EF9B58C74653A92AD26B317C652971EA64D58683A74BE6D5A9BF9BDFD1DFCD2A718A7D1E0B9B5E727DD8E8DADEAA345CD624A3BDA5C71BB2D77ACADC582D6EE1349A794F86E7BFAFB06FCE8D3B16D415B5A469A6E4A31514E58CB496167092E04A597D1979FBD9D19BC23BD63F4487822F4ED12E7001A200000000000000000000000000000000000000001D7BFFA14FD17EC2BF34DD158CFAF1DA586FF00E8353D09FB99011FF748A5D308AB8A9B9F4DFF00AA1F810CA4F1C5F17D70ED2C372B2FA885AB454258DDD7D4BAF7994C7DD12B474E4B5A0EAD2E6D3924DADADF0CE376E5DEF1EFEECD8ED6788AE93C6EFAD0E1858C6EEC2BF6DA3B9F5855670F470BCF8168B78A8F04BFF84563E345BF97324F9B79F7E7E049597D0E1E8C7DC47D4F98CEFD8FD0A9FA10F7235A2B2E7001A200000000000000000000000000000000000000001D5D293E6F465678CE29D478EDC4598D5B72B50A914A56328E7ECD64D6FF004A11C1B369259D1D57FC39FDD6797ECEC2956A3BE3ED7F899E4B456372ADA67D97EA9CA5509BDF6B5BCA549FF3A3A53D7EB79C962DEE3D54FC7F584058681A3564FA5521E8CF1F024A9EA75BD4DFF94D65FBF0FE9EE472DB934AF7FE2BEA6BB4D5B728D6F45ACDB5CBF08D3F1FD6771256FCA7D094FA3695BF7A5497F3B2AD3D51B6A6B7DDD67FBF0FE93928EAE5AB9EEA952A3D96F2EA671EA457F578FE7FA3D54DDF72B8A9CDC61A3E551EFDCEB2EAF4612C9AE587D069FA10F723CCFA5ECA9DBD65B29ACEEF9CF876713D356AB16B0F463EE3AF15A2D1B84D2667B72800D57000000000000000000000000000000000000000055794BD37F98F54EAC92CCAA7C92EEDB8CB2FD49F9E0C5F553462BBB3DA9C5ACB78DED6EF266C3CAB683ABA7754A51A11DBA94E71A8A0B8CD4534E31EFC4B3DF83CE94EE67695A49CEAD171786B128B8BEC970DFE252FAF75657FBFD0D3B78E6965F737C48CB4D34E857D9A94E517E1FF00A2AB534C556FE95571E94A3EE91F96FA49AA99755C9F7ED4BDB930B62A5BD94B42F70D32AE2E230A74DB6F8EEE1FC258E14E14ED5ED3DF8EEF81953D2BF289AADB0D75A525ED246CB5A6A41B52B96D7795AE1C75F656B110F8D69AD1A77EB119E33C5E706FDC9CE9BFCFBAAB4A6D74A1F2527F69C12C4BCD34FC7279CAF6EE7A56F52873955BF9A927D27D8B765F923D0BC96E84ABA075469C2B4766A4E52A928F5C36924A2FBF1159EF67453E1AD56E001A2C000000000000000000000000000000000000000011DA5740DA6995FA45AD2AD8E0E74E326BC1B595E4488029373C9568AAD9C5BCE9E7F575AAC579476B65792232A722F60E798D6B88F7668CBEFD26FDA69208D4234CE21C8D587D6AD7135D9F231F6C2927ED24ADF92AD154A69CADA555AEBA95AACB77638ED61AF145D40D41A847E8AD056BA1E2D5BDB52A39E3CDD38C5BF16965F992001290000000000000000000000000000000000000000000000000000000000000000000000000000000000007FFD9)
GO
INSERT [dbo].[Product] ([id_product], [name_product], [type_product], [aged_product], [distillery_product], [container_product], [price_product], [special_product], [status], [amount], [image]) VALUES (10, N'Prueba2', 2, 20, 2, 1, 20.0000, 1, 1, 2, 0xFFD8FFE000104A46494600010101006000600000FFFE003B43524541544F523A2067642D6A7065672076312E3020287573696E6720494A47204A50454720763632292C207175616C697479203D2039300AFFDB0043000302020302020303030304030304050805050404050A070706080C0A0C0C0B0A0B0B0D0E12100D0E110E0B0B1016101113141515150C0F171816141812141514FFDB00430103040405040509050509140D0B0D1414141414141414141414141414141414141414141414141414141414141414141414141414141414141414141414141414FFC200110801C401C403012200021101031101FFC4001C0001000105010100000000000000000000000102030405060708FFC4001B01010003010101010000000000000000000001020305040607FFDA000C03010002100310000001FAA40022400042609890409890000010004C0940944800000000000000000002244242260484480109089109A4953426EACC43CFF99BF87C5EB71DC8F49C879F7C79C2C6F4E1E9DEC9F3C7ACFAFCFEEAB33EEF0DD53331291121091091121090891091121090011211211222401120011415D36ADC5AF51A9D5D7D7D260F3F14F5ED713151BF03ABCFF46F1793E79E57E8BE370BF8B5BF5BAB4A715E99B49F4C7A5E6F3CDFD3D764F11936F375F7341B4BF8F3671EE4E3711330000000000890011210240209448204516E26AB3AED1D3DDB6D4DB67D1266BB52A9088A87997BB7CE1EF1AFCFE2723D3F29CEF57398B7EC2DE8DCC6DB45EFC3BD4A3B402A81B4DC72755BCBD8DEE776BA73B6138D7EDE6A9133112089044802260024000000A49B51831A5FE771AD65D6134F5A4A59245820079AFB278E7B8FABE7B89F3BFA1AD613F2FEEBE86BA9E4F8EF4CF30DEDD4CA71ED12ACC251309262F5A4D3A1CFE4377B7337B562E46BCDA84C0000000112824000A45A6B23573B14E3D9495DE64ADA452C0000719DDF25B7F0732F7378DC87835DDCF056BD54F56CCE17BBF54F4D313ECF7A6159000014D54DEBBCDC715BEDB97BEAB1EF6BCDA82000000089041280B538D16B1CC57671ED098F42626B333134B84480001CCEE78DEE7C5CBE5F92DBF9D7876CAB3ACEABD35CCEEF519FE975B544FABDE11200042489A6F4216AF47B5E27AAD395B29B37B4F0000000224448299B253CC6CB9ECBA814E848899989ADA452C000001E71EE1E1FEE5EBF9ECF26FE7848D3F997A7F9767ECEB079BBA10212904422D5216A84C327188ED3239CDFEDC3BE89B60021200044A0A71AEE8ABBEA6D18F704A53155644D2E1120000083CEFDCFE53F41F4F07DE1E249CFDB63C624F55F24C0E66BE8F671E7ED0020269B42117A02024055D5F25B2B797A9B98F7F5E34898000104D155A2CF21BDE7B1EB857DA92266534B056C0001223CCA2BDE78772199C9D394CBEDB2F8DD2E12E7A13CFB79F59DF697B1C9C4C6DBDFF579BD2BD87E46D8FA1F58389EDBDBA04CC44D36A20BD400004C0EBB379CE836E1DF44DBCE000849162EE245B9AC398C3E81312B2535B24A5C20000A2BF1F5359C76CBABF8EE9EA761B3B9F33DAD7D79CCB4C3D76FF13DBE3E3B4BEC373B3C8F07C6F55D4FD170FCDFBCD2D49A3D67C9BB4F37B3DE63CF7D0BBD31131A44098000000BBD8F13D45FC1B5AADDCD7940008982DEA36BCED3D7A919766444CCA69608B0400039AF13E87ACE337995BCBFCFD7CFB5DE95A5E0F578EA76783C4EA2A9B934D4636E757F49C2EBF1B95C0CEBA7A3B8C2FA1E2F9CFAB4FAAF967E77F75E7792F57AFD6C8FA5A048000001BBD266CE3D5DEB37B6E148980113496B92EB38DCFA3689CFA6989ACCCC4D2E112000B5774F35F12F6FF21F6DF92DF655C4F53C383839BAFE6FBF43AEB59FF1FF0044C3A6BF26B5D74DDA579CE4BD5703B9C7E839AE17A6F6F33D8765AED8F9FC5ADF09FA1FC13A0F601F7BE80000000172D91DB5FC4CBDFE7EA894D0088AA931B8CEC38ECBAA14F7CCC226A989CEE112000E7BA1E6E69E77EC3E3BEBBF11D0D9ACBABCFB3A3DAF3DC7EA6B2BBF87F37D98AE9AFCDA57728BD38D77ED5EA6156D30F3E3C1B4DA6AB6BD8E25CF0EF72F10EA61E937F1333F42F5C0481098980005735ABD2E66167EDC3BA89B6204535D061F1FD871F975829EE4C4C4CCD3313330ADA508481CFF0041A757CA7D568E83E3F7C1C6DDD1BE5CB69BB7C7E674396C8D85AC6F85938B66D5CEAF9ECAAD7717B97B5957ADCFF3FCEF2E5E8DB4F35D87439BDEF85F7FC5FBF2F4ABA7D97BE12298AA2D58895A204C01317251D16D75BB4DB85312B63090A6AA4C6E33B6E332EA5B14E824892508941334CA666269669B73A553A1BB6EEF2F99558BD8F9DBC8EAC0C0E979FB1D1E4E9FC9B6FF00517B8CBB7DA6E97C8B5AFA0F3DBAE3227ACB9BFE5F3B77999899DE6D7231F271EF5F494BA9D3426089898A46948130105DB498EB326D676DC14C2D948113059E47AEE6F3F7EAE4CBAD29565256D094A122248969377A59CBA1BB457CAE6C713DA78EDE3D1B179AD144F7FA3E4EE52FD56B743B2D22FDAE77432EDADF0F91A57AEC1E5F7D59D8EEFCBBD4E96D8626563527D28753A610416AD22F5813002BA3315EAAF5BBDBFCFC89A81091674DBCC1AEFC94C4E1DE9933B844813000349BBD25B2E96BA2AE5F371788F41D5D2DCD616E2C56FABE73B8C41C575F81BD2E723B9C4BC6573FB3B568E6B3F796A97D276781B3CA726D5FC73D30753A60844C111545EB112988130DBEA3A6B79B657EDDCDB8A08000A6C64598B7236373A5F3F7A64CFD01120000347BCD1DB2E9A8AE8E573B0B168D6C4E6E2EAF193B5C3C6D2D6DB4C3C7B526BF5B6F48D958C0C6B46F6AD441BCCEE7B7B59DE63E4E3D5E9E3A9D3080491308A531A5204C57D973DD269CBB95274E7C2442400A2B830393ED39ECBA5AC9A670EAC8AD9120002745BCD0DB1E9AAA5C9E7D18F18D59C8C3B7819DE30AAD767AB597F596459B36348BB630275A67DCD75D96DF3B4F72AE931B27195F50989EAF4C00113088898D290674D379B1B77B7E0D5129CD0920120890B785B0B317E29B8D2F9FBD5A19EF309891049129D16F745397536F22CF279D89AFCED7E77A3599F8516C3C4CCC0ADB59839B8178C3C2CCC4D22C4556EF13918FACB36DB1E7FA25BA0A75D9748F569A6AE9F402240535517A88B567A8D4F49A736BBB4D5AF311221304A04800515C18BCAF5F854F672B279FB5289A5C001A1DF686D975D67268E473B59ABE8B12B6D3E16E70B3BE9755D16B6B7D4EABA1D6DDA5C0DDEB748C3AAA9BC63EB761B3B3599B8B936B6D69B19EAFADD7457D0F7824051545A9172DF49A79F332A9BBB70D24D624212201200008B37E94E939FED34D974B4CA670EA488B041A1DF682D97698FAEA793CED8E2D58D9DB0B17230F3D7070A8D645AE59C1C4BC4E0D589BD2F3069BC65DED7595B797E9B559CDD86AB636A7AD5CB17FA3D10890945356CAF8DEDE5191E8E1CD5136C22504820900000000A71F2A889E7F4BDA6AB3E96848CBA75444D65A1DF72F397458DE3BEC9F34DBEBEEB4CB9FC0E8B498EFA8D36FACF97D1CCE076D8DA65C3E377B6AD3C158F439B65C25FEEF3A91E795FABEDEF8F943DBBC374CFD92FE364FD1F426698261B6B656B7CC9F47195A6FE5890894048824804800000029B57E13ABE77B1B39FB38D6DF539F52394EAF8988F20F7BF903D4B891F4257E3FB389EFF9DE6792E4753BFA7CB2E703BBEC38FE65855C3D5F37C6B3A63D7ABF21B55F37B66778255A793E8DD9FCCD99D8E47D05F343CE7BBE3FB272F5F9DDAE9CDCCCDEE9E5C2D9D7775E54545B1920944840989825000900000000114D631F13656E2FCB71DEAFE775F5F8F7A3F947D1B3E3E2F07DB2EE7A780E0FD1ACB5F99ECFD3CCB4F98E9FA7959F982E7D363E67BBF49AD5F9CF2BE82699F856D7D81AE7E49E49F4BFCCFAE7EF3D3E9FA98F45176A9B79924C42609044844C49091091090000022400000053C975F07C53ED59BCBC4FAF6CFC976B0F48C3E773E62AD7EDEEA797B1D8CC4F23B1DF44C51B6D4DA98E9AAE3F0A1DED1E656AB3B2F9E7D7FAEB47679499212448011210911200212424082400000102404484098911899639FC1EBE2B3C45AEF513C047A021E7F73BB9387BDD925CB676EE262CDE26124A1221304A2484889000084884C128120000000000000000000000000022400800090804C02422420007FFC4003610000104010302030605030403000000000200010304050611121330202135101415223140072332333416245017254170364243FFDA0008010100010502FF00A2B339DB10E427B76886FDDB22A6BD6772C8DB15166F240F8FD43965A43514F9A6FF0019BADD392DF7F6663D6E4FD191FACDE6E6C9BF5639DD9FF0F5BFBCDD725BADFF00C3EE9CBD8728022BE028F206E9ED48EB2B6047272E66A835DC8432BC938BB9CCDBF5477C7D88F7D133B8D81BE6C87202E8278CD6EB92DFFC1EEB7DD11B0A9320228ED487E1E94394CF8E12AC4392C6B729A96CA481DD475BA8D8AC1436CF060D5321ED0B12028F20824136DF65CBEFF74EE8CD85A6BE88DCDFC58BFF00CA7FF4BBE6AE031472830A8FF5E9A6FCFC57AEF8589C5E2BE42A398646E4B97DE3BADD4D75811C8523F60AE4B8AD4B4ED4D62A5D936534C2A699888261E58BB7628C18293AF94F1B138BC57109EEC2499F7FB8DD3BA924689A7B652F6F50B7FBD53AEC35727BB3DE27E4EE4E5428CB6A697171D2C469D7E58CECC72BC6F0CED22624CFBFDB3BA77F39EC0C0D24A52BF6F517ACD1FD8286335EE902F748104211ACB7A6E9AF49F6EDE367717AF65A44CE99FED1DD3BF9D9B4D1311393F7329546CE563BB2471CF97B22A7D437C11EABC98BC7AC3268B535BB55F4FB70A1DBFA2AB6F97B19FECDDD5AB2D08BBB93F76DFA9485C209A53279E4376EA119C446A1FA607F89DDA96B9264CFBFD8BBAB33B40044E4FDEB9EA463CE29EB0B3DA8051C6C0F0C7C543F4C0FF13BD52CF545BEC1DD4B27486591E53EFE6EE9D4CAC54EDCB0E75B3354A6BD9342F94B0F434DE7AD3969BC8D4ABA60CE5C777849C5EBCDD7067EF3A756E7EA9FD86A1F58A5FB3E0CAFA769AF4AEFC12F44C4F933775DD5E9F80FD8E7FCF374FF0067C1936DE8699F4BFB0A33ECEDE5DC7467C0643790FEC730DCF50D56FCAF05FF003A9A5DFF00DBFEC19F67825EAC4CFDB7F35909BECBE8B23AA298EA483F13F0D107FAAD865FEABE1937E2AE157FAA9847577F1130D6E0D179BAC777EC694DD39193765D1971190F99FD85EC8D7C7459ED5D36484716C49B0C2EBE071BAF8202F82027C2032F8386E34BA2783D71C5A19E3B31F7FE8F049D589BB2EEB212710EFF00D167358C7514F259C94D0E3D053D90D64D0B6CF0B335ABFB14B66D48D3C453BB057096E3C4078ACB5BC5960B54D7CC377F1F26C4DE5D9FF9B47CE6EF11300EA3D4C774AB63DCDE2A6C28605D25D35D35916E34F198E0BCB398C9A9D88E91384F8D9840A939D767C4D79251864B1A6B54BCE7DE88F848CE9BC6EA53E11F7F56671E42A38F775141C5346B8AE2B64C3BABD0FCB4EBB4505CAE32C1560E1673B8F9A3A8F11BC412C8EF431D2E4AFE5F07F2E93CFBE4A2EF533E70378C9640B8C5DECFE4FE19431D4CAE4F4A80C11C98B8E45363E5856CB65B266530F52BC59317AD0E458DA089A30B957DE032261157B383D9F0B39D59F1F2D8B6398824C2DEA56E3BF53BB8E3F31F1BF9AC816F277B555A7BB94D3F45800017144CAC548E4535428FD9B2652D386C2B98E8A3A18ACE34989C86A326A989D3D043473D09D9C969FD381651C246B358E6B15F41DB28DBBB50B69FFE7C5FF369F79FBB29F4A3819EC5EC7C5D3AE028991A35765D95787AD25B3629132DB75630314D2E4F13F0F26F37C94CD6B291B34600AFC3BB037C2F597741F89B26FA781FE8EA47E527772E5C31B8C8FE789B66046E8D485C448B997EC57F6B26592A4D7AADCB3374F49D0B0F9067DC81596DE3D5A3D0B3DE89F78DBC2E8FF4F7B3CFB63715FAA342E89D12BC7B430C7D596793A92FB193264CBA006A206651A0537ED6B71FECA02E70F71877506ED5FA9E7E0752F945DED41E9B8A740E99D3BA32590351FE557E2DC7D8CB676764C85028D0297F6B5C3ED429FF0013B62DBADF6553CEA7067F0BA9BF67BD9D1E58DC66ECA07278FE64653290AC2363392D3FCC7B83B48EC01FB8126E20FCA560E63B0888A051A053FED6B8DDEB443C23EED5FE18FD3C0EA6FDAEF65FD3A2D375410D4011E833278D3C3BA6A1BC8F8E1627AE0CA5FCB799CE101B671A82D9929732E467983350E5A6171CE48833D2A0D432B22CFC920E7846FD5EE0A76DD53FE2785D1FE9EF663D376F963F3146DBB62B29350CF6ABB473DFCFE5DF1316466C9E36A7BC7C431E1991CA4B842B16AA499E2E1463B7D1A362DDB5967B91D3A76CB216E34C81B757DBFB1EEB1283F8DD3E45E07FA3A36D8FBB99F4CFFE71F9812253C5F12C5E51BDD2F6A9A47316633B06471F141F03D2D6E8B6429E9D62870D469C93AC6E542F4147DDE15F40D3063EEE08132BCDFD977A16DA1F0BFB2CB6D3F7735E986DF2C5E40EEA4D462CAE642BD33B57ABD5927902108F2752CC97ADC3428C166B490496A2B55C2ED67AF35CA63623C9C3664BF729D1962BD04B1D7C856B6F0931832BDFC1EE8B6E4C9BE9E1757C7697BB99F4CE3BA8DDDC24D98232B9A64F571904D95B93CF98D46EF6F3BAB6B46D8ACEC92DDD25662683014584309A5B6F85EA6FD9C9D8F871E74CDAF86F263F08E53588FC90BEEAF7F0BBB54794FE325911DC3BB99F4CF2766261098A29A20C0B70CCE3CB2563318E2BF6B2D8E8F241630D62FAB51C0752853B512B0503513A45152C80436C6FD38ECCD7A915BB31D62682AE323814660855D7FECBBB8E0DCDBC6EA70E70F7735E98FF00487CE32570DE2AE5708E4396568EC432B4F146E757DD7A85354E08AA6E7EE6EECF4DD1D5E0E34DF96DC1032042EAF7950EED10E10B378DD3FD6C07097B99AF4C77E2E1CBA27EF0C8C27919E1999C8671623B0F21496446596D3A3B16594966CEEF35964F62D6CD3D967EBD924DD72716945E3EB3A87766BFFC0EE00F3211D99BB04B211F7735E987E6F1FCB15DAC166CFB8B3CA7871F779F1DD49020E9526C6947074A602AB00540F7190629E991BCD505DCEA7357606B486B0349EE5193571088E37F2BFF00C1EE508F948DD97528738DDB8BF6F37E98FE7247E4124A004F3C69C991B33B188BA2115208A904772115C59108AD999726D84DB61941444C4995EFE0772AC7D2859BB4EAF43C4FB79BF4D91F638DF78E7E875248AAB83C55C88A0819ACC30909D58C9BA31C68AAC7C65A91BB71111F74854B0426ED5E0410C0C3F91D3A76408A36590FE037D3B5522EACAC9BB4EA68FA9190F02ED66FD366F2511728EC7459C9EB183C55805EB54DA48203368A20796BD636782B8314100C8F560524302E843C7A55C4B9D7007B5170A300BBC53B11E43D3DBE9DAAB1746266EE3ABF076F37E9B37D626DA3B33C7128E6AD314B66A934DEEC064F51D72ADC6486AF03AD549A482B230AE63305735B574FEEFCE49E194A338F8C53F4DAB0BB9DC958F1C3F4ECD283A86C9BB8E9C7769E1E89F6739E9D279B8B3884F3881FBE41C9E4AF3239EB14927BBF068EAF39EBD7E728D614615F83FBBC483A461D18D948202C10B13C2ED1A8FE6514BD309C5DB1C1FA3B1183C87147D306EF3B2B10F58085C4BB19BF4E76F9DD3A264518A3881100EC7146CA41052431BB14622C714429C07D8FF9B30330A90784917D5BE6298FFDBC3F4762A41D1066FB07656EBF51BB19BF4F26F99DFD86FC44AD83A2B7123B913B95889D159889BA824334FF002C82DC9DDA24DC88A0FD6D6045431348D38F9C1E6738B363E3FD1E3A759326FB0764EADD5DFB19BFE04B90E917BE01AE248849D1D64503B29FA301B94209DEB83C871144661D492616908A34C51919557627A6A31E88CB2B3CF34831476AC33D387F67C556B737664CDF64EC9D95AA9BF8F37FC1B343AED1E3F813AB0265190DC6377BEC0F1CF2AF779DCCE1345048C3D29F7920937B1149CFA72B307BD6DD2B0716D274E1AB21C91D12E36E20A94A0FD9F0D6ADCDD99337DA3B2D959A8D2276717F06A5F49C1CB2C71C52C9C58C9D3BBA27756EC1C66F6A45D62741175D7451D7F20C73CACF87774184438164180050E9F8556D3D5234F8CAF0C3AEE26082B79D7F057A8999337DB3B276F39AB0CED2C2513FB753971C46233D52155AD432089327747F5BFF00B9ECA4DE68FF004D7FD0990A051A026657F2752A56D5BA8E9E58AA3FF69EC00791E0A8D1AE299BEE5D918B134F45C53B6CEB580492614AA754EACCDB412B2E7C91C72116571F6E6B0D8BBCBE177957C4E4097C1F228B0F9066830D90707C2E417C0F20BE057D3612E21C44C29AB749654C66A515226968B38D250D3291471346CC299B6FBBD96DB296B84CA5A471ACE170A75EB4570E3D118CB0C5F86F51D1FE1BCAC8BF0F724CA4D01994FA133AC9F4567D90E90D411AFE90D409F486A0743A4350337F46EA074DA1B3A49B4066490FE1CE40907E199A8BF0D28B2BDA17175A9180C478E80AC558AA842B64C3F7DB2715B2D603B418DB3D2B58FB426005BB77F356DAAE3EAB94D634C81869F665B7F81FAAD4F4CED61EBBFCD8894B840685C93BC8A4F7CDCCB2CC8E7CF322B9A8997C4352A1BBA99DE29B513BC1F14751B584CB75C939B2D55F363E8B49364EB40D5E0FF099DFC3D8AF4D16275062506A396AA8758D3251EA5AA487390126CB44EBE271AF88C6BE231AF8902F8982F8A827CC46C8B390B23D4500A3D555D7C6AD5856F0D9CCD8E9DD1F5701FE236525382647A7B19222D258924FA37149F45E3D7F46535FD19557F46D54DA3AA26D1F8F4DA4716C874C62C506131F1208238FFE89FFC4003511000103020403040807010100000000000100020311120420213110133014324151223340425261A1D1051523507181B15391FFDA0008010301013F01FDA28831A1A2815345452345A553D9404CC3BDC9B8568DD08983608E21B5A5173490AE4D78BED28C119F04EC2FC253E273370A9EC1451E1CBB53A2646D66DC29C3DE286DC1BEB871A27E19AED93E12DDD114EAB5A5C681450066A77CD3E929426A782E77C961B5972900E854D05BA84474D8C2E340A38C46380CAE607486A1729BE4B96DF251B1AD7E88652A783DE6F49A2AA28B963E7D07BC35E6A8480A2F68DD46F6B9DA219F110DBE90DBA3868FDF3D1C47AD771C27ACE8115142A58EC7533C4CBDD45B74658DEF79700B9127C2B9127C2B0EC732405C321CB3B2F6D51CD86651B771194B804C8649774DC2F9A1856A96781A68D154C7F377D956D75A0D5035E0734CCB1C46568AE89A2D14CEE75AB0B84F79FBA0C0151631FCA81CE4EFC3DA20DFD25CB7B985E0681432087523551DF8805E06BF441D519F14DD03B2E1C55E3A18717174C7C340B9CE69A82A1C65747A6B83B50A589B330B1CB1186C416E8EAD173606441A76A27C0EE5F35CB0EF91BB3A814D412070D9DFEE7985CC211C9841A939DC68D2506F2F0EC6AD6E51856F2981ADDCA6B6C6D11589C23246BAD1AA9E7320E5B4278A0575D0FF001D0764C26C73BFBAA41FA6D56EAB0ACABC206E7D7FA45129CA45326771DFDA1B66AA7F78D726176392AABC1FDD2BB5C4630D4311182A3FC42262EDF050047190A38B8755DAA33B94EC4C6E523AED9036B0AA6797BC7F9C984F1CF2770A1C3C113BD554D6A893E8D113B50AF7B83B6E838EA69930A7D3CB4E12770A09C68AE571D7E4AE2745E2022695F9204D484C75C2A8ED9DC682A8E489D6B81CF2F70A0ADB972D1683AAA355AD56B41541540536476CF8875188E40A275EC0734BDC720B5553C2994ED9F14EABADCD857D0DB9A5EE390E016999DB6671B454A7BAE35CCD3451BEF6D72CBDC2821442D5A6676C865C4C9EE0E8412D8503925F5650E029E2B45A70A7176C8712A59396138D7A3879A9E8BB24BEADC820B45E8A2470AF0AA71D10DB8BDE182A5492179A9E902A1C453D172AAAA98FE9B91C1BAD0EAEEB92E4CC24921A05F96E23C97619EB4A7F8BF2F9C0A90BB1CBE4BB2C8374F65375682C2EF2436E0F903054A9652F3AF5629CB34F04C91AFD949DC2862A7B436DAD173A43EE2C2CF2078FD3FA842677C1FE7DD1924B890C3F4FBA74B216D3967FF47DD1925FF9FD47DD3DF2FC1F51F752DFF0FD42ABC348A20745262033409F2171A9EB8711A847104B0B4A0E236284D20F1431528D8AEDD3F9AEDF3F9AEDD3F9AED9379A38994F8A32BCF8A2E2774E9DCE1455F63A1E00ABBE59287D9EA55C7CD5C55C55C7CD54FED5FFC40039110001020305050505080301000000000001000203041110122021310513304151141522329140425261713343505381A1B1D1233492A2FFDA0008010201013F01FC24BDCE73AA554D502543710E1ECF795E554E9720935D56E8039AA04C61F32A957957D88B956CAAAA7E89DAD90FC9803903C726CAE002AD46054EAB71F34721656DAA6BB8A4D6C386622BDA680A11E21F78A11627C4A0447B9D471470840F0C9AF023407C435685D9DED39A105E7450613E1BAAE18858D3C171B4E26E96BF4C230038CF0838019ABEDEAAFB7AA738119601841C6EB4E12699951E79ACC9A9FB41FD577844EAA13665E2AE7513CBE10D4D5438E6E82F0AB5B0621C5240152A7F69126EB744E8E5CB78A45BBE986B5376ABCCCD69E0E8B7F0DB104227C454C42331935C40F914661922F6C32EA83EA86798C6DC2ED2D38768C5356CBB79EA8CBB1EDA38298D9D77384539AE8668E5063BE5E2088CD42949E93BE2ADA54FA7EABB3CDC5982F60CC150A7E13A644A43CE9CFE8B6ABE5C6461DE77F0B61CD6FE0986ED5B8C6B85D8C27BF7B3711C852EA8C517EFA217BB409EEDE38B8D925B4E2C18AC111DE152D2024DDDAA2BC655A7CCF2FAA8710BE2171355B3DDB8DA14E4EE23B810CFF9A22BD929D89484E445D861BD73FEACA22154E8A57550FF00DF85FA70060760A60EC9144673F91465DE46AA2ECE8B1742BBBA62A4D3F742466176099CB9A76CD8FEEB51D91340E83D540908ECD42852B17B63221190A700607631AA7580F8ABCD31A086D057AA0D6DDA7CF54D60ABEA9AD3E2A8CD0F21CB4B19E6168E0BACAD9555B06A9CA1B43AA8420403F54218F083CD6EC0153F454147109AD040F9A2D1741EAA2B031D4099E61C438C6A9CAF96688453CB920F73720817841EF0AFBC85575289C493E24CF30C635C4E1886A9CB22A8D1CD6479AAAFD50FAAE48A6798636E2704708D539511B42C9502A6499E618C632308D5397891BEB35540D80551C86480F10C02C68E01154700D515922554AA940AAAAD2C191180202BC270445A35441B33575C834A03A2A2A03CD0CCACEA300080E196AA2A20335DB06F1D0FA2DE0512721C215721B565FAAEF596F8BF95DED2DF17F2BBDA569E6FD8AEF894E47F6299B520BBCA993F7A619029ADA055014E296D552C7484BEF1D103A84AECD0C0FB4FD94E49C3743237A3D0AEC10FF387A14246157EDC7A1FE9191854FB71E8EFE976283F9E3D1DFD26ECE827EFC7FCB94BECE823EFBFF25419080D8C235E2485441AA9EC14CD1683AADD30F2465613B50BB0C0E8BBBE5FE15DDF2FD1761803DD425208F750830C68100068A9EC9782AD94B6A15E6FB3DD1D15C6F4571BD15C6F4571BD15D1D3F0AFFFC400461000010203030706090B04020300000000010002031121041231132230415161711020324081B1052333427291A1C1D1143435505262828393E1F0247392F143A2446370FFDA0008010100063F02FF00E146CB0088600ABA532AB6B8FD8F977297CAA3FEAB97CE22FF009954B5461C1E553C216A1C233953C2317F1C9DDEAD10AD21B95832CE6527F57E2B59580ED51780E68525E10E016042C7EAAF82D9C56739668540BA49C5EED4315231429B5E0AC793A4155E15B4B4EC5559C1669F52D4E5B38FD4BB567394981632E1CD8AC890DAE2CA00EC16659A0B78302A660D835AC6F05B15D322A59180F77DF64D5BACCD63406BAA47331F5ACF0B35CAB4DFF50ED2B3CA9316719F3ED7C793014D7C94CE42825B11F457853D2F79E74C192CE536992D9D7B605758A6E3A18E7E4EF8AE79CD68A4D32244819079F3099C919D0946A8BB514273512342B13ED6255B8E024ADB180CD8B274C60374F41314527AA546CEB7EE53715B068EC1BD0B885792554C870DA5CE2A2EB88D8673931D2009267744B45B96C2B7F58DEB6B94CE93C1C9AB398D7710BC8C3FF15E461FF8859AC6B780569FEDBBB943E27BF4730AEBB15EFEADBFB95D6F494CD4E96CEE71232627440364A8F9762A46FF00A85F38FF00A0558AD3F8027C3899321E247355C1E6B8E96E3D771EA9BD5D6E2A674CDF4138EC09A278CC26E7E209AA703ABE2B1F3A58723FD3D35C7AEE3D4BB96D715338E9D9E822DDAA7E763343635510C69C8FF4F4F75D8ADFD44B8A99EA1656B2187E504AA652AA986B3D69B91B197B7590CBCB3E016FE515996588FF0046095F34105BB6366A8B1220844B1A4E6B95F7B2E12F349CF4F318A1F68750DC16E1D47C1C9BCDB4FF006DDDCA1F13DFD426AF0EDD371571BD4BC1E1379B1FD029BE91EA370A97AB4A5C5171EA5621B026F362FA25386C79EA3340EB1A4E2AE0EA6E88E8B1324CCDCC1340175ACFE585FF0097FA61616AFD31F15FF93FA6174AD23F293D82D96C64C4A9087C15A2CC23B9EE8B9CCBF4C3A94B515ED1A32E45DB7A8E523C40C1B3594E81669C180684EB2A779CB172D6B5AD6B5A95FAEC9A1121C4735CDC1CD29B07C215D5971EF422427888C3839BD443B5E8C3075130AC9E322FDBD4118919EE713B79950A7A95D85EB5E2AF177DC500C28823B08992CE9376846E8BA0FDA89252667EF69595B2C49B3CE6EA4219F1369FB075F0EA05AB8687823BA9A72E71901AD1B3594CA0EB3F695E72C39B137D13AFC37C3B94A8C530C17BA1B3A61C0CABB902C992EC4ED530011B8A83160383C3B11E7378A01932F23A6019294073A1C50693124DB15B8DD8F83221F3B4E0A07B342E77503638073474C8D655E227CF63C89B1B377A9346B3571DA549F502A04F5A8B63B8641B3076A6C0879CE702E961B1438E21321123653D48B05A1F7A53A45BA3D4BE4CC7863DB27E51E4D14DAEBEF6F9E04A69D65B41FEAE0FFD86DD3EF1A028374EE703E31D46A99A92506C9505D3B961786D1CD2DC5C339A9EC0F10E3B0503D319122979C5C0892FBC6AE3B4AA3AE3860F903250AE5DBA5C590E1EE09A6D714B1991CA92C655B4FF0048C76C487045DC918D18525B46F4D6E4E2DB613ABF2AC964DA076CAF76285E1081430CD77850AD108CD9104C698B741DA80D38803A30E8AFCB70E66123B42A54733C6430E3B546167861B1B1075CD1711E3A00BAF6129CDB927B84C3986624BFAA8422DA6349CF9F99B1A159EC8D7984D8D0CB6F013A6B4C8F6A877E0C2A42847CE3B7829924F727B48D4AD5E0E886B05D79BC34C37A3CFEC4ED339E70689A8911D8CD431BB9B7063AD06ABADE8B69CC3161BB2310EB0A04488FCA35CF6B5F4D5353563F06B291224DCE78C58DD7EF4C6345D6B44837672715677E0DB4661FE7AB4CD3BD379E538EFD347DED923C79A4A24AD8F89DDCE7C33AF050A0DA81061091D8E1B50B7DA66EBF67BAD738FF0035732C96818C38A0E9DA79EED3C4E210E3CDE283513AB01CFCE683C798513BC28676B4699BAD0071E73F4EEE2176F35AD4F7EB766842B5D9CCC39E53B88507D01DDA5DFB1058739DDBA789D9DE8A6F2518DF5AE88080774908630651171C5800ED594F3A8D084F16B264A9FD8C148EB6CAA9D11E65EFE781B5C135BB04B4D4439CFD3C6E0AF87BDB7AB29E08004F3328679B82BD7EB8D4A338A0CEBB566BF29AEA14E7589885497684E9C843157143C5E60C04D518023780785E4DABC9B1792629649BEB45EE98B8410071D36C3B10E7BB4F1F826F01EE5B2A79625962122CD15CE870B748AB0591AF70618C1AEBA65B3E2A1321332B698CEBB0D850B49890ED21B58B0EE5DA6E423D9A25C98BC0CBD8A340116E47862531DE10CA45CAC5739C019615928D0044CA3D8726D0C6D5EFDA89B54605E460D6F454769B5B58F63F26DCC12726C58312EBD83C635A3150DD0229C835938825AF673227677E9AA9B21440F39C88D347E09B2D83DDCCB5C7833F94D9AD4E8D0E4DD535E05116B1B29978D21AC91F0F62B1DB6134C53657DE74318914F828967B207C68F185D10EE1A715183CE7B20914FB4559FC216074AD309A30D7218284E89991A25E35D42655A6D364716DA20BEF01B5A892327119D369516D7181BF952E832F394DE2ED2641D4A334508893ECE644ECEFD3B473FB13B4D1F8265350F772888DB2467D94BEE7CA04A58CBD498D8F184373FA20EB4C6458CD86F89D1075A2E7B831A3592AE43B44388FD81C83A3446C20F7CA6E4EB498CCF92B317CE8BE52D8B0F22664C49D0490F93456C576B20CE4A715F273E6435E649AC84E647733EC1D69A2339A23385EB935122B5E2E37A52D48E4A2879159040B703C91787BF4C026F3C29E9A3F04DACBB782AD53A7412A950E0C6BB6BF0545750E329AF053990F28E168A376AF0465EC8EB2CA2F9CE0E9E1B17836C713E6CECF2DFB457CA1A2E45804186E6D25550096DE8912131DDA484DB2D2967CFD93BAA0D2991F72FCC2ACDFDD0A0DA6135B972EC9CC8D4BC1EF0DCA44BE4CB6E0A2447C310E2BE19BE3B1588380879284E20FDB1CB178699AB80E7941DA68FC100777B96C1BD3E1B9C24E174D542811BC22E8F6484EBCD8240F695657C3B5321080FBE0113995638CCB4C387F2775E91139A678DC946866F438ADC5A53196EF0808B01A679386CBB7B8A0DBCD032775A06A5928F6F63E0DD226599C9D060C5630E4EEB4CB0A2B4C1856D63728FBD3BB86098D16886CBBAC89AB2C5891DB1722241ADA09ED502236D0D8792A8129D55A03ED41EF8BE74B0A6C5663F289BA04E44526362E9054517869895DBA070D347E085367B90E4739BD2A77A2D6DDA166ADA9AEBAC3789C020C63592BA7108447065EAEAA221B7709834AA76065AE5B89F726090A991539B65FEBE29C4C85D923504058B6949AAEC58CF963FA3A69EDD0F14E1A58DFCD6BF9B966C83B785231A0CF65C3F1575C60381D45A54EE40F6A908302539F48FC15FC941BF294F287E0AEE4614B65F3F055850CCFFF0067ECBC943FD4FD979366AFF93F65E4D9FE7C376E0BC9C3FF003FD913761D7EF1F82C21CB895FF18ED2BA50FD47E2BCAC2FF0FDD67104EE0AD1E8E940DA9A343C107E9637F35A1B7FD72418B94BB93044A5B54188EB4309870CC3E8FEE84216A6BA4E982F13966DDDAADAFF009433C7B2E89E2280289072CC9BAF4A58366A3C26DAE795BA2F3CCC803150098AC89721E4DF338E15F627898ABCBB1D53A28ACCAB4DE7DE0278EE2543944636EB40C4E6D710AD05AF6B4C49287E35B0EE8E8B30C414C94610C8D9FCDB250DD96E80025B687E288CB7498D6D377FA57A737100190E48FE81D2CF623EAD139AA5A48DD9DEB7FF00A42B35273802BCA37D6B1E4D4B00BA215005D10B00B01C9A97482E905433E4B47A074BBF497B4917B3BD768F7209B95BB7E549AA9000FBDB535E0B66C14CEC14DAE96B9DE571C40CE9E2B13B7157819CA7AD748D37A94D38038AE96CD68B89F6A02939ED4E6D25291AEA5595C59364BB392D3FDB2868C6C0B8690B4A91D1C5ECEF586B081432A013AA615D322DC64BCD9381663A94806E12A14E7388BCE94EAAF31D84FCEDAABD1753A4A236633C57395F0E01C093D244E1337BA488711DA5399A8E3546720EE28D45D3352005CDE1078000E08B55A3FB6749BCE967B15F1A38BD9DE82159EF4044D7B949B233FBA84DC258812FE6D575D75A663F64DCE1AA59DEA5936B9B29E00F6A6B096CA1BA72BD81470225239CA7319F39676334D06E96E02AAFBAE9BDAE6B1153B75A24DDBC0D56A90A21B31C1340ED57B5056897D823D8868AF6A0B861A6BBAB5296AD144E23BD01DA80352835C2A54EEC8EDBBD8A1E6B7C674663153A5F96CAA02921EE408BA0CC4910E0DBCEA99EB5A84EB8A04C888541F7566C86E1B95D03346A5D109CE2D0A41A11A5752DEA5ACE2AD1B0B4F726F0D086841A3A81DA148E3A17F16F7AECE6745741BEA5D10BA014CB5740239A245745A14DB2AECE4979ADE513C392D0CFFD47B9378686F1C56FEA1BD5E6E3A177A4DEF53E52762D6B1C4CB0473B05474D7482CD2A73B8CFB67DCA405F7FDA75648306AA927529F459BF12A26D9A94EA15E7E25348C304DD426AD26529C377726F0D05F72EEEA5DE15F6E80FA4DEF42F8CD9904AF3836F5CBFF7974CFB14AFFADAA993FF001433594DC88786074B7ACDB827BCF045A32625422F14F635CC00E39C578C735CF6D25332EE45E1ED6D33AB43EC443A58CF12AE8767FA455E65D69DD4579C19EA5D20D6EE09B0AFB936EE7C8C8D5476CBCC70F626701CFBCEC17DDEFEA9BB5857D9CFFC6DEF59B135CD561B1CD2FCA124EBFF007C8E10CDD7EA29D9ED70A4956E174FD9FC9A0E8F061B9D303B10BD0181BFCDEA293676DF269BF6EB4EFE99B5A4BF85071B3B664E720320D20817A6578B82C236940B21B03E7FCF7AA9134439E2F26B5F32F1AC6B4620ECDC51048E9DE0A29891409B4813DB24CF4473A6EC17DDEFEADEE579B8A91A7362F6217233DBB815D2E6484979AAB24752C562A77805E57D8AB17D8BCB7B15629557B8A39A5C0EA2566426B7B26A199939EA17A239B79EB777F58DEB63957D7CC89C42C9C57E49C3ED6085D8AD3DAB1E51C395DC343884E7C6B4C386D1ACB9320D95C62C9D32F948283E80E59053762BDDD6BDEA4EF5A9B3D4ABC8F109A5CEBC2811F34EF433C2F2A17CE152D6476A6399E107B006ED5F49BD7D27113A5E1688CA2FA5622FA5222FA622B57D351BF9DABE9B8DFCED5F4D46F6FC557C3317D67E2B3BC26E7719FC556D61CA241CAB6A83582FBBEEAB3838E4DB3F572568149A16D3B7AED3D4AA24553382EDF726B5EC6BE67585E49D0FD0795E2ED76887C64578BF0A1FC50BF759B6F84EE2D2152D36677E277C151D673F987E0BA304FE6AF250FF00542F22CFD50BC8B3F542F270FF00542C208FCD5589676FE61F82ADAACC3B5DF059DE1184DE0D2578CF0A9FC30BF75E36D56989DA07B944742B3973C0C623C94C643686D7001417600B4556D2B66EFA836ADBB8AB316C32E394911BA4995C1C87518CE9D6E9512286E51D09A5F73695606BF35D916CD6CFA8E364EAF667852D69B3135AC76AE91547ACC8ACED6ACD7D9CF169546D90FAD790B21ED2A963B27F915F33B1CBD22B3A05847E272F1BF251E8DE5E31F0FF000B7F758F32286CA72C5408702B11CE95143863063437EA575A2C11BE4518D4B25361F8293ACADB53079D05EBFA9B1DA606F742325E5403BD79667AD7946FAD7482C562162B158AC57482E98F5AF28DF5AA4404EE5E22C76889BEE192B8E10EC50CE25EE99F62CA5E368B49FF0095C30E03EA9F19061BFD2682AB60B3F643017CCDA3D1711EF5480F6F08CFF8AA18EDE114AA46B48FCC5F38B57EA2F9C5ABF51796B49FCC55CB3B8C672F20F3C633FE2BE66C3E912566D8A00FCB0B321B5BC07FF09FFFC4002C10010002010203080301010101010000000100112131415161711020308191A1B1F040C1D1E150F16070FFDA0008010100013F21FF00E4AE5CB972E5FF00D25A96C03D247CF117A97E9D12E029CD3F730D9BE9BC69FB4B8CA29A69FE887A5B5C07EC66DB3AA85BD4E38FF9A82729728D413847B133C0EA8455ABFD10DF921A055C622618199851D20AA5110A8BBF959635E8330BE83CF139C8077FF8FCA5CD8BCF0854CD1CFAA19ABD5A98DB3A13440EB387BA406A6B3D11E00930E4709FCA2684C00A97195947AB35376BF3669E198DA3A973605E68274F8185316AE118EA4BBFF84F0CE167ED0AB2AE060806474C4776216DCE7B94C5E5C7993780B1BAA6FD4CA2A0D3ACB7F686359378E37A5C4AB56B880A09C6BDE609C16C84BE3512E32819DB5EDD269B73841A551EE4BE55EE4E13A1A430B727125DFE735E6CCB5E411B238DB696E1F37497E45DB52A54AEC85A18D602B81D5C1105BE8476861B3865EE5195488E00A775E5DFF2E49729521B3893242F6851CE7ECC38B0CBFCBC3AD1C63867F732FC2DE52E41EDAEDAEDFDEB8C0317097255971824DF8187748D7A43BDC096953C21A4B4BE6FDF5F28C9BA08E6B79897B707BB52A54B90AE53FBDB42C9E625A6327B9287E434271CB768A66BF623282FBAF6D7806F90BF382851D5B6EE562C758FC056A61CAEF89A1007FABC21E16A52A5B5C2658EC282DD5D772A57770E6F8206231CD5A7071FC79444C0CFB48E3367AB2E2F438769E08C9CFF0073DA476D4E4B3FF23D9558F94C7631F43C52BB02FB15DCA952D4530CD0FAD25096F4E296727F1288981D4C6A717DCC46B66FDB5E13A82B9BB3FE4AF00729A1F970CB8C78FBE25041E7FC6013CCE03335610E71C608D886B77DFF0070EDBF02D56619CE1F306A85C42CEBF84B444BA3FC4D403FB71C25AEFE37B57CB187D5595BC65359DEBE23AEF1406885438D862B98884B3A399C7F704FB87C10F0D9A4E387E62AA2FF00081E7AE8883FD0C4696BB8787EC1F2C043414D429550D1EB79FEC48693429DA3D6D9DEF9DFEE0D62AD65BD8FBCFC1E1DC7B069B3581B17EDC48D3A3DE0DF8E59BD0D60E16FC441E970FC06849DE00A5DA6920496EDBE2CCFF3E388F59C5981DE797C2EFDA53DE2EAD1D252F3406863C37B80DA840518F626FF00AF2F1957588D7FD98AC0E6F5EE90F0F3EB7EE7B6FC601651DBB900730FD31EDE2A6DAE04014CBF85F4DC663D2EED078FC7163E1F2F82C7BFC3B749B4DB3D106CF0DDE20E1D8C749BA07B7E17589F7655D2EEE05DFE297EECDE031F018861324AA7EDB4E168E7C3DAFA25889CDFC25A2B8088127A618DCC4AD2D0AF8BEFC7B2D6EEBF4E33E72A7F63D0DA919725503C830651DB87E135BFF59AA8D182B3C1E1E3053D36E911ADDDD3C445B21F009A6B2071F37F513B22EF35AF5A0816D5CE1C5F5C68D646C24E4C702BA5B96FF57901959D4603F0FD93318B458F79F08504C24ADB467FB1FA393C1D6E3A13880F8FC0505AD06F31BF49D7D2E3375033886A4E0253B476E38C5C9019598E0D6B75CA9225E326A1EFA6538C1A899889BE12F65C5EC10B40CB5B4D5CBEA4D0C6CBE3A9FAEE31F0EFDD1C9358E2F6F01688E3A17397FBA1E11C035AB408E62EA1D7FCCD68AF1861026D0242BB4E89C3C8A7DE9303F203595BFDDE6AB648540111BFF6545279EE7391A3C8F2311CF421B9069074CE38C40A96AE2F6FA478A3971A9F13FCA10179FCF6BE2722D97709234F7F613CE662DAAF8F7944AF407426422DD820C4A36EE5B11711953A28BAF89AEA2E70D58902E6481D07CD4406BBB61C6CD2F847D014BD046D57D4946A66068C5D37C5E97195C2017A47FBB44407D02599C5DB798E6286332E35B4A291657EE78F63E2D19B1F11DF9E7BEA85CA571BD1E39539EBFC61C2D1AE0C03C577872F338CCCABDB2A639458F32A91E49FAE1288851654DBACD360CEF57DAA1FD1EBC35FE794C4866593D7102E68E5717BE929780117649CF14EACBDCE22B2C806518C53CE016D8BE953640A5B5069B83CA5601795CBC6AFCF4C31C1AEFE40E31CBC2FC76B6F69C77F7F88A1E50A0981D958AC25A2A410EC17BF5223AF41BF0DAF9E4F3964835112B17D252DD3873E9CF1BC4A7DB0AF86BC056F28D9A48741CF033E51CB54194715C87AAB2E50568143912CE2289BF733ADB5FD7AF8DE954F7018775D2381CAD3A7F1DC3C21D581F94CEC2D50F7DA2F6559DA7BE088669BBCA08201A540EC54D31596AB7E30A682006D5ED12EB2ADB3150F6516C75010E19A6D934C176B0256984F5B4F19CB0137BA934BBBAD35F484E782EE1DFBED549AFB9C7EE59CC8A838475D82B848E8171B512DC14EB71D20843B5D5E865C1D9896D8CC9B2C37C11082038D643E0FACBE4D269ECDD3D59BCFC7F279F682BBBA62A5E716DEE1E175107BC302C4A7B1719C3754E1D2E7A4AA34FA1087749A343C0591328A9B66982E1CEC27BCE628F6F15B2D0E2C01140DFCE542A97776F58EC75F8FC09514C63EDFAA59EB4E1DFF007620859F0E902040F098A50F0604725772ED9A7B27517C843AFAFEB4A95E1673A86D1D45BD83423F571A6B971877351D7F03BA3D5EC8283B3181350DE08300F9CAB0523E999AD02808669B7AB78B412BD5F588AB55539DB2CB2D95E1B3F5868CA3DC7498711A2EAD358F58CC1CD3CF7478F6E74ECD851703AF783B7178C497D59896ED6BBBB3AC17E678372E5F73DBBE49A19461D60713EDC7460C5C370C3379B5B7A10A94230D2D96112DA18EBB4584D51180B37D860B78F746D2EB30EA5917551E27A5CC1DB7658885BDB5B7511B812AAA05D9F38531779CA0C9E6CB004EA86B5AA37A6BE2D7262DD2E0DA8A3581EF4BA0EEE986CF9C75F02E5F61DBF579928F2FCA9CC68D8056EC5AC425130EB10C943B980FD7A46356AA956C5F410216C58B8CBEA4C7364D06E5DDE39C1D1CBA9706ABDC9856208D380F0B8EF89D260B674B80C5E5DC57413400F10F56F35D15B619FE4C8C8407992F841AD2A065E9D5C674764839854FD61E369D2EB4778FDC1E714AEDB7775A1BA74672A97BD52BB4EE7D3E70B46D70D70696EA56F17AC5436C4039B85A83E7667CA3DAB314DF9F2C20781C1D5A6B9C5377509E36186B3AE2F01E6C30449D0B0B5CCF78E78F771BD97CE5A4D760FF0058DB49CAF3E934EB256BAEA1EA45472676356F28758D12B2D3E2208AE6389E97F0779F07C9A977DDD11CBD63CFB7E054AEEFD7E64D4C309A77CBA759ADB73825057ACEA55DE5BC5A135772E5197D53F39D6264552D60963D0B08ACA479894346935DB03F4258C303E9C2BCA6441585C9BF789C261A2BC39C74EF7C0E4E5A4B813D7D1CF8B163F5D6AFDE1884DB52B8CF356260739A5E4F878DCEE6A691D59A5DEC1E46A57F110F17EFF320B4180EC62E6AD6E7CE5EDE758D51318B3128563FB5A3B4A427A6D5F18BDA03DA748CF822F2BA0AC75F4F78C828DED88C72E504F2981AC0AA04EA1000014A95AEA664D61CBED2B6E31D6861F28CCB6BF1EF3082A5A95B2E36BA94D66DACC8754B2CA7B4A02B4EC1F4B99E3748661AF910C1DE1FB4A6F67B0F13EFF323B09C973786CA0989F40BA4A8324611D3435520ADF15CDEA47EC55C92CE7CA37EAB33FA0E504118817F35C30002BF3346B94B6C704E1D6E082F7D6D82614B3190A1437C062F2B2DFF008C7C552468B29706B6BD66794BA37E806962D360A94ACEE9BEF5E212D58CB3EFD7C6E47E2656F1EFB5938CA59FCF1BD93E49669486C9CB5DE5CF9C78C41C44202AF504AB2A07573CCA670B306287D6306A4DC10D5E575EF2C4A5B14A6CFA455F609DC4A3C9A9702169DEE83E99B003A38BF29A25B5535D3B4D71184D98CF38B60C2D946DA69ADDFA47D1A134356EFB7296B1939634D6B84A69D507A6262152E8FCC3C6E63CA554703BE2C992E4F79C0CD4F17DB9F094C98706B071ACBA510CF0B2592E5A225943CC247BCAA191BD9CE12DA06E4356D4708E1EB61F224AD154DBEC473CF290DC765396656D08D05B15A4BD8A4CD2EBE9E84655A3365A97FF00109C4AB6DB3C6135536BC6B6797389AAA2530798EF990D68C1C13385E20A27B8CDBC07B882EAAA11BA6BE534DF8028E794D33A78BEDCF84064004E5BC60DE35E7BF28F9BF8B34A9C2EEEEC441366BFF90A465BB0D4571156328CD5AEA43BE90F8D99ADB06742259076E501A6D8859EE221AFD5AF7420BE68DC54F2312F4ACB1B4BCEA33F6E69AA899A5B573C33C26034E6FD47ACA152D4A65CE6D896CBCF2B5D13D028603595E2836C0DC691AE7466EE129B1ED5AFBED01B974F18FC1C7B96FB632571C255781B5828EDF11556131E15CC4F6FF0414016134EB15A63988019B20B5367E8FEED14D56DD0BD66A019B44D6CFA5078F627E81C23FA63FE7400C39423B8F54CF6032B70D5639AD60C2034B269238C69E03DCAEE3F99560D0F052634F0C32A868E1F13EE724A0D740CF38C7EF4DDB9864370A6ACFDD411A002A343BDF0635C670D0D251CE541BD4FE1317A706DB71E0645B7159FC828E24237D6074161CF04CD82F1435BDC5870B897EFED3355B14F2989C4356E92CA96D3719CD6E0E15D3220604EDC716E653C06505E7307086BE8E27B6F01ED5C0BC8C14F2C7CE0A3C23E8E19BB43EDC44C49E1FD4E486E086EABEA4665B5CCBCACC65F3FD4C32CE5B7269FA8868092D67712B81AE8BC3599F84717087CC1964DAB1967DC8B5465C282DAFAE58000043B8D9F79E648019BF98755B70AB739F763858E2F5F95FA4CDA9729C77FD8E040DB9D8B983C442D95B1CB1B430D6A66BF903F8715482FD4DE65F571343C17B3389FDA55470F9F0D2E1A78B573251C3DFA787EFBE29BD6B4F994DA63A1BB8D05E0722060A1668D87E1210B7505BFD7ACC81A11B3300215E2AFEABDA557762B7BA21406A16E3AF3F780374975F079ED3005991CA5D67A450681F0652D2E56C1A81A80701E757FB1B75132D441AF618942D502BD25928B5FC3103E0F54DA7D48936AF949ECBBDB47B5051C0EB326CD308147887735848B57D1197734F0BEA78204DAC57BA30141948B910BBAC6A1AF9C168E615753F626628DB7743F8400AEAC79C7F652131AB0D1927A666F0452F5AC7B4D8F89CC3F92D9C42D917A9FD89012B1BCA1BEC45E4716CE3941432A9C8EFF003365AC3E6692C837375AB0AACBCA604698C304C9C542C3B47A221700F54CBA0EF6D1ECD741DF841C4DF821F434F1B6F8E8F080671244543C1FA2E1964B541505741F280AA02698D2527A5517D79DB7134416EF046A094285E12BF82AA08E42D2B5978A5CDA95AEB0C23BB7BA05571878DD438B0CC00F28680DDE7A4A1A75989B2B2BA101A9A2DF9A7B0781AB4660D0DBFB538DAB5F1D2C8977B3DC835D87DA954D3860CBEF7DE70C5E5554D49A9986DE82E68DEC8A0CF4196B8FE9002BAAF0ED32A6389D2FE25E461E1F7992F90430B2D44F00BBE8FDCA7DF7EFBFE1064986C03758B09C03E820A1A8AF7B06B5ACA84B925615120585E220AF6272B457D277D99F4F87286E9AE882BF02C8295A8718F2E3E07DD70CA40625BB2B94B2E29EA4A383D7110D3CF3F884A823AE49468FAF596A2D5665CBF846A7964E16CE129905806B7A3CA5AB0D0604F2807E1509C2F68EE05001BE8727B47D85103EA3F5A47AD6E6E2F910E115C2D7ABE529AEEF3B7A314B0ADCEA7E60D07021235D541B02B303B15E713FF9076ADD269392FDABBEE61C83090AD1A734DC75FC2B3ACA2F1071872E33469EC3B881DB47E9C5B0D142CB33098B164B35695C1894AE70C8D193694A57D340E85DE38DC7DD1F55810CA09B558BB7FA8DE31AA393FF005339E6556EDDE8992FA70354BF41143376BD0A34CF5949193699C9AC0B536A9F79CCF265B469880B0B8D55540E5AAC9A73DA15BEAFA1140AD859D8958068C336C3A50A654FA4E1D953076A917430EA886F3E9F89C0D634BA2CDE4099C058D9972FB2E2AEB7CA350EF232A2DBD49A827A461B433B4040C4BC91669E97FB1D33C91D81285C6CD4017BDF49832749B3095168E552873E8977C3206BD4E51AD176711A591A393DE5F1D4017079456B8FC5DCD7AC470556CC3A315C31C5FC6B26A8C7B19A428F5250CE36EE096FD196CF6D58CBCE79296630C06047D86B8C67AF9BCD79A5D266E061879CEB9AB179CD45DC32573ABDA9BD65CBF5AEDA2B6C0CCD25B53A4EEBAFE425CE3F90D494A447C8CDF0212A149B3D96405EF26F16D2599309526748A2F38218A79B123E60FECA8D8105C7AC0FFAFF00660C7D3CE55B9537F7995FD9FD9675FCDFEC1143E157FB8313379C7D063FF4A03D51CE0A1C07140B2779DFF60216BACB224D06534A987553B191BF03794E8A7A1335FE58151E1F49FECE9301F232F1FD898CD17F64C0DF35A18573B9BFB323D79FAC9ECCBF8CFD1E2EB18DD07108F6978344E93FC471A5BC63B0105A894C0E06B7ACFF0013DE8A1D2279347D08EE644EA7957F3347CCE8B168231FB9D4C183852DE0C37537C4AC5FDB0554E3C1ACC15547095F9ADB598383832DA18434341666CC993E023EB330107F00A24051E92ADD204BD203CF3E5095AC06F752BD3CDBC01FF050835B8A935C19F659780EA89A3E6196049B2870275096D8270BFF0073EC40EB2CCE1EB21E3D551B72394B471CD32551BC17C5CABDE56C86F722C6A1E84A4A40EACA10B351D2613A41BAF59A5D81E857FC4AB97F5762CFA6BE4F49CBDE65F469F698BA5D44F544A9E1012038F433405E83B101767667293978F0F11DB3FA54D40E35D28B55C2594E207404BCE72E5A3BA7F888626A4C74169EEFFC7A9485454FBF0394FA50F942A107D34FACA3EBBD27FE3BF93EFBF90267AFFF00301F50E8C633D489FA8079B182D8DFFC21741F2C95FF00E11FFFDA000C0301000200030000001000040003440C40000023480C200000000000000000C00430520800C10D3C9C6EB7D3AE70830C20C10C20C0020821002000DEDC5FDFF4D9C3CF26A00000000001000830010812B78F6BF7E4531576FB1836BC881020053C00000010061D3E00C37FC12681DEF05762C000000002400012C9361020C30C01E2A4288208241A30000000020432B9F93C90C30C3B63A31A820C332533B24000001080DFFC58C0830C30DAE30BC008C03EBBCB010006000241DDE6BEC30C30C63C65910831F43BEF3C74A000004776F3E4C30C20406AC4450320009DDF3CF3C54800061BDA9C200C30D0B5A302D12663751F3CF3CF3D240014BBC7B30030C3600D9B3AC4A514A1FCF3CF3CB37000011E2F8820EF58963215E009AE11FCF3CF3CF2D99002133CD6A0C30C112369D5D9C85777E7D1B4F3CEF7200D1CF3E6243A04FB474924ABDDBA5828BFFBCF1CED0C010BC9B39CC8978EFF00DB182AE343AC1B188F3EB7BB0011A8970C0320445477390B69CD44C0089A3CF2AC80030C6D8C30C30D142ACE716B0FC0C10015BDEBCE2000003A3A10C20C2548BA6311D9335D4400C11B5F21E30C0017ABC248249DAB31C23EE8F4D6380104257811063C020C2639B1C551065CD6F5CB49B0010C350E7A9434300004E3A2830C4631375C1887F07004105DB47820C3C000020E5E002109E5C1BF18589AFC90C8C4DA24038000000017B504F92F3F1FAD5AE5DAB8042C1660930E3C000000000FB08EC3AEE05E36C2241FA6174420C50CF000000000215600050910E2CA0012BCF834020A30C30000010000000D4654DC970ACF4B878620020C20018C0400000030020C40C170CEB8357A0C34230800030D0C000000000000000000000000000800F3C83C72083CF3FFC4002A110100020102040602030101000000000001001131214110205171618191A1B1D130F040C1E150F1FFDA0008010301013F10FF008E0BC1529684403488768B4AD4FB9695FC3AB8AE93544A3C664B731A46538693144B658F0599D35DA6FF00A9C0251FC02D36F5EF07D32B82A5213D61A0C7526A23ACA953568CD634B1BA1132FCA602D9BF3F081025714D1EB2A43A74D51B63D18170204A86D164719CF8947E3041AB2B867761072A4D8DC0CC3D237E3E900269E72AB3D372257E154042D7CB3C021CB6FB784D8CD5154263E52C5E16775ED12B9C2E527A1C081CDEE38E1ECC39162F006C0C467E5DB9E9BD7DA0028E040E64368BD19E2A53BBD22E00ECF29E4D35920E50B65D2DFE381072E6731CB1474FB86142075A8E914DF68290079AFE1BF1C46C699EBE5D609B3828F2D098DB951037822768421C95002D74094EFA84D0427AB09479E9288ECAAE0EA1FBAD4584EB6D9AF38EA17464BAAE9A95770D091B86AF0EF0AE22F35FD0691E4ECED781039485D9EA37F7F8869A18B51F33EA076DC20F463DD00D9453C4C5D6758B2ED61FB86CF5815A4383BFC784646A3CC7AE9FDC5D131ECFB3E23CDD94995F2791389C9506C4EBCE5EFF00AC550CA54B7451E7BBE5080ED1C48A5EA64D7B635C5D4B192EAFC0D2ECDAB1EB0CC0A824BCD1F47EB9D2C4829A78998357B711E4C92EECFD70351F7F4808F068F97EBCA22145788F2F07B2F84D4254AE47612A1753C4CCF7FC083C419EC23A856784BC50F7181B6035B0C690AD674CDA5FAEBEB1A34BAF83DABD2FCD8A50A74B1FF77890D13A03A7431FE43345F480A086E51F721422448F1BD698F4FC5C4CC5A1EDC038908A97C1985C223A36BBFF00220D95D3F7BC6BEE0D4F9A9597443E935DE234A747FAE1921C1E441CC71BA9E4A29D4840952B8027B77E261129588B143C220208108DCB82AADCB8E96D4F79E007D44B1334382F259F41CE90E5F66FC7001171EADE016DE29975FEA2C8DCD417F49AA777BC2119E12A2448F0B30CBA4CB91EB5C30397D93F130820D20992525690B68935AC7C4A4BD2223A1EF0BBD4F799A18E29C6906DF2F292D5EFF30797D93F104B712BBC04665110DA5BD20B2EE658638AC60AE22223CBCCEC4C90C8C1E4F66CC268EB06E9D64A3A128AC11EC4D3C20748294C38B19FDC7D45BE7C9E1CFDCB0B393DABC04103C10371135D094AD651099E60720ADDDC4556E7F00D4D1369B41E3ED18A8D60D61DF0628E92EF33296F49A3561D89838B1933FF00CBF151348BA6CFDC2DA908A3B0C01C315B5A4AE3AF7891A07CC972CA78FDA3841DC9AFF62382F7886962054E0FB4C51976258A1D7F18D4D7DAF47D406DC223E12E703071045AFD49A80FD3C62F7FAC04C575BF0A8150CA261AB89B75FD1DD9A62073BCD04DE96598B65DFE676CA60636A6665C26025BB88720370B14C2D1949CB464D70B268F08DBF83701713C294928DA362A916F6E14BB4F0A257F182C33C74F1E78F3C545B2FF00CAFFC4002A1101000201020405050101010000000000010011213141102051617191A1D1F0304081B1C1E150F1FFDA0008010201013F10FF009170C9285ACCEB654C302570FB4BFB5B8822B68A779BB1AF496D681608AABE902875C0BF62C0348A65F118162B442C9BFC2E5C53582C1FAAB52DD231E4110CB460CB38425245E0BE02259AC3E9AD16CB118B96DCC3B46BFB3286AF363A425739B6FD25A97382C5BE5D1E263042285CC20151E51C2CC3F47638317369F22F20E2352C2F9D51735E0B1E62829DB4EDA5415F28E4A9E756D7062E5036512F933D629C4AED5E1CC96DBC114D4ED58F2AEDAC651877F78016701CCECE562DB7C179513D06B112D4356B14C7BFC5DBE066520DC806AEC39DFB6D7BC09EE96FA5DBD304A200BD81BEB86EABD669F108A53A3E0FEE2019060733DB95712E5BC19CBC128D521A7F01FE3EF2B053102AF85783004A81C8227A5AC07B63AB1420697663BD3A949B5531465047658D0EAF57F72DED2191A41A67F86A6BB5AA3BD0F07D9FDC399D08723C7063C82D09D95A0F9F8944002B0BAEEAEDB1F9636E8952C80506C16B4D6AF1AD5ED0AB1906850E0DEA33E5AE6ADF45D7AF79527015E67BFD03936F063C84AAEEBEF09DD076AF3C47035C9E1A0FDBF994CB55D4A3583D27134258A3AFED2E5CBE5D05739382B81AC6860D0CCAD08F04F68F0239CDA557E216B05B8C30035E58F2824B06BB9AEB7E2B5F820D5416F49B78D6D476ADE6482BA5A997775D3A6F28621D41FDA62A55E643F8F21B32E0C1B872683936F26B18CD09AA2ED01ED12BC0BBFC9514AA2BE0CFA6330EDE8AAF0697D9954A99FC6BA763ACE932B63E5445E8BECEBEDB70F5C7EF907206390638348B0E26845961F6CBB1A5F5AEF2F46A2726D72FA33D3B668F1CC46D51FE3DE21AD0879DFB4DA56DE93FBD8EBE1DA7C15BCF5C71087132C390D918BCBA1C2112015DCD8DF5857434C18F08160C5F673D6009467E6F30215FEC68EC3C3ADF499D2DF8CF547118370E06F94CA18F2E94599555BE91D27A18365EEEFEF1AE6EFCFDE08BFEBDE21AF77BCB1B2E7C1800B1B7C3C27AA39061C0E2F9AE2E0E5D2E0025E614D26485CBC0EA7CA3D47CA6B20CF507204205B5051CC972A6A272694C9626DD22B6FEB31C3A4362B513AB05AD589AAE168B4AAAEA72084DCFA1520E4D2966E343488E8CEEC36998E9596D997330970DAEE730057D1B72721A12F6235D655B52599A96B245344D36DC32982E160240C5C78B389415F4925D9230C624BA839D7CF2839719E97845B9A7E1FE4036F97B21FF009A2BD1C7C34887C4F49625DFC7FB00C5A738FD7E23AF05D10F0FAA10A359A665E0EA0D4FE33100F344C064F8111F83E92C8628B68018A8443E4794744B7C3783BD0E551EFEBC16EB0069F5D2E04B13435C75D055457E304D3468C268ACD115024AFB25A94EA900E8C4B986F2B821AB3A4C1BCFDB2BA89DB794EDA76D3B2F280E8257FC9FFFC40028100100020201030304030101000000000001001121314110516120718191A1B1F030C1D1E1F1FFDA0008010100013F1097D6E3D2E5F418BE9E7A5CBE9C75BEB7E9B972FA1D6FA5F5B87F15FA2FD5CFF3B2E52525256E220261E95D2FF92FF849C7A8F532FF0083E65F9802EE06AF1DBA9A28833D963BB26562BE014F8852104B778EFEF80A8818B7BE61191AE1FDC8E132031F8C63155A8107B96BEB03C995D4E36A01E386F454BF3D2BAFCC27D21FC3F337D0DCFA43A7CCD7A6FABEBE3AF301B50F78B76796882BE2CCB0FE86A453BF9A24B2C7034E10900A32AF3FACA8EEBCDFBB32F87D4A2696CA69F224211161839F1144B80250C5DD2D7B728945DD5212053D8DA58DBEE663B80BDBADF4DF5A9B3F82FD0C63D43A54ACCE6732A54AEB516A55C22F1AFAC0B55FDD312C1F72FE8891F6803E92DB6FDAFBB3060EB25FC54DD33E2110F25832E10E7C5378BFAC6E10216BFC4408A8C61442C055363DE2340E4952ECE383042AF80C044C32B41CE451825BC3743EA7F90BBF0D6FD9FF0026C41DA0085F04FD61CD07732400C64E9C75D7AABD150E9AE23E8E66FD37D6E2D1B975D6FCB808DA97EF183158039E8F767E0467D798C2EF7187DF71594AEEB6F4DC6179C352A3A4E59E78C4C09EA495EF06585F44583A1C694F7979A0360529839B1BF6CCA330050597C99F9860C2890957469E48D5A28E6157AC8F647132237188DC4B4C338A7BCB9CC1B5987BC54BCBC8400D1DFF0047F32A18EE87FF0018ACD3E4A950A13C8400C649CFF3D7AB8F5EA1605F6096583F147BB07A0E1687BF78A5C5D5543D8E7E637E28BD1ED1817C745A5A0A3BFD1B210B246EE83116B667BC14E6BDEA0B30F0D595E38EFF00988298DB75A1A7DFFC95DFC14446B3AF6F98E797791D33E65B2378F42A5128890A01E95518F09D9F934FDA04326E9CBDCE25306DD237225AFE83292BA73D2A574A95E825475D2A710E87A5436C3B343E7FD46CD3FBFED0E0B5AAC1EEF3F12D25E0BA0F638E94B08A804A77945C42531E4758B91022622332B5E882C50D94FCC3A5B2938FA9F32A717000A34F9B697EB313C2BCE31FD7118144CD36BE39E25C7D9056CD7356B49461C692BB680C2A581C90267A5308F7741418E5547000A71865EFDA00418BBB27B30AD49611FB902C1B25F5DF53D5995FC45733205869DBEF1E24747D80E58B59EC1FA9FE4A9B7A02E189598FA2EB0B37A668E2F1B8B41142E8F2F8868029130E7BEF198B4088C1634D599F3EFA9543E36C2DEFEFFE4678162902B7C01CAFF90FFA1BA6DB43483A1350EB588447818140BE8165F57BA55732A2ACABF10F5DDCBF8ED284262FFD2366AFA6F3208D23C8FA2FAF317A1E8D7F008EEF0778A007D87CC1E17E93C110DFEC6BD9027304D4AF46BAFCD1F8C15EDA79528C7DC8B6DBDFFC62E67F53C4BA5C14E77E84754FECBA1820311B5208D9369558F41A10CD2B92167A755F9FF114199D7AF066B251B3ABFCA7A00F97477968E6369A119E0975DFCF8476A8B54ABE84076F4EFD072675B4D786CD78778D11405DD96965850BF920886B6321BF32D9406BD8C991F758DF808055BB005912979ED2A889B64299FD9F13812B7DA0A69FA4F28B9DFA35171B9564A0441B1200323285D7FD46772BFF00166A381B3F88F46E1D4EE711B81736F1EECB49BD9E7CA21875A9DF4399B86885FA77E82DA627AF74454E42E5248C7A86C3A7587632AE3126501A6B2FCD461AA82D42EB53C941F32EA4D5AB18881EC3B4AD25EB999C3F04EBCFAF89A4B688A2384826EB0A17F798ED6D7F21D9941E13676E97FC15E82316866610B15DCF3054723F4EC4BDF0B5E843A06BF86E3A87D88DFD4412B1321BB0BC896FCDACFF00267AA0B25A451EE584236F6B595D97CDA8913B1DD584FEE35BA7115A7F1BE0743A8C6881B136474E01BEFE11CE42E38F78644D4E7F98C68CC8FC44A6D3076701E598465C1C0707535D2B33899F46BD1C4C65483516759DF787B573E280805060895DAB2542BE44A43E65BC09FB02FE92D37B75C1F5A40474B51A35915A8969BE4201634723F4958B955E8D7A2E2F423A4D891F0389DDDBD984EB42D0EE83FC84AC06DA25A536BFAFB4B1B32AB4BBFF009D4DF41894E9F5FE1348DDFF001868FC25789476944A3B43646D23EA9FA8EE838F4567D0B645F3162FA0A4ABC1727FA46D0100349C464BB7591EE7A4E957CF4E7ADD463FE24E594243AC7072FCFF00BD480DC2054A3895E8AE952BA54BF64CD49F869BF47888FDF2EED17DD030CD4A95D798A5F52FA575B99B2F9BDB93FBFAC56B2DC8EFD9FBE2192377D6F1D6EBA6E779AB981ADE57C46AA96F60E7F7C4DC82C1D9C1D4CCD40E605935EAAEB71946DB5AFA9285E3E9260405FAE05CE5DF209F98CAF4D742CC75D39F4ABB6EC3865953651DCDFEBB909A571A6FD27523822697A5FD04C271A0EDC1FDFD3D012AD81454AA7D5BEDD373DA6E1A0016AB413667D80D8C8B0F718E5435B7FB2637E22E47687F2C0A2C7BEDF894D59FC13FB4A55E84D89B542AC0242AC68331439CDFA96862D4DB1DFF000106CD83B7FD6A507FB059FBDE01274E3A54AF42D0C3F84776A88BB0DBF9FB4D88A35D8E0EA138821AE9F795D2FAF3D2A0BBE2B369DB72C324D722DF407B3E563355DA932FD25758C5EA7F51A04D1435F69E41FAED134B0ECA7F92B84B810FC4BB0816BAE77A4BA959513009C2272314DA4CA1E04F7FA1CC3BF34137B9D2A7B74B331475FC2E028B1ED36A070F3C3F7C415C3703995E9AE8D4CDBEB43615ABECDFDEBE9E8AA86E1895E8EFE972215A9A03BCC36D6CC8F1E7E75EF1F62DAC5AEDE0F04246D7C92A18FD2253494613B46E1E055180086954258AF2EC132C9846905B81B280BF118A4A295053ADB0D2162935E14341DC747F30CFF8E01DCAD99DE21157195E2BF3E77D995F81CB536F37BB279DF4B9E6526D2DFE25FDC10FF5F4983D93DD0467139E9BE3ADCBDA3AEF233F77F58ECBBC0F8DFDEFA85C609567F0A3973B40DAB03444CA799EDDA73B7B4060E75C1100AF12934AF108D41101384B7987736AB9AFA9F889502285E3296DB3263DD5307B14008058287C066598CB76726F6ABBC397E65BA91AA69CA34BACD6FE711143055C516DD2C1B30D242300BB78CCE326AD57C4123D0C1BA76ACB2E9F12B0C53742E1FED7D9BDC5C450FE342DD6BEDCFDA11BEED1EFDBF7CC5757661F5BCECB60BB85A3E35F823B0B56DE84A81702051D1EBCCE3A6E65AE25ABFF006777DA1F6D374DD41A2B50818408EA50E2565615109DA38AB5DDB8C25313BCE7F75F82830117C69A9683497790708E6612C1FEF575D66C166B986EA14105720B4CAF67BC1EC74DD65AC102B5BC1B87F77C869A29D38BA0B3B6659A2E0A566F153EC38A2754AC511AD9C92EAE08220C04F00F0D7C1E58B1663D2BF8B255D0F9FF008A82ACD1A7A5E8FC8143DD962A96BEC65FEA1D03A054AEBB7D54A28D5B2993EC3F548D53EB436ACACD80036E597F6F3C77E48E2A9F05FD4DCA1A4A63566D2B210BA21D3779248F66D9C141CDEC80A734C76BA750115B2612CA076EECDBAD4420043EC42AFB1A7601C40B5D7BBA50529309ECF0556405EADBA2374B2BDABE613D0F35F95A5258CF051581868C0DD08918034790D4EC444EFD85D8E1D2C3846C72BE422C7C4B580AE6DB5E46C7C9D16FF8F997738C13C69FC9154EEFE1C7F50D1D56BA3A9FB228FF00C99DF09F53FF003A9A9CCAB87A35D5E9C21DF4A397E1F09596158B5DD860046206CA8E5EDE07E7BC4040CDE925AC42944BD4090B5715857D6661C7DB655B12B6860BE1DA044C99D80779C337E121B06DE369C1800C339664163E924CD1E46D6CE339D3942C53A185B86B14819402A92D1CE57950DD3050F50AC380E025828813C4B172C5ED513C0DFE72EBF96AFC05FE4FB841BE0099903D6FA3A4C4ADE68BC70823E007EF7D020541CC21A95E8AA3A54FB3F3815FC4B926D577BB7EEB29400F7872FE65C10A880166ED42CFCB21C1DA5D70F3DA1B94523639E5E80D4B8113C9066525FAB77A451E470C4033550CABB16AFD8AE6D97B64EEB9890246F0AF1C3F44436842E04A0F7A0BF661C21405813CC5BCD2DC0A297F2FD1FCDE749F78ED6D27EBF48941E31D6BC7454DE23AF0C0896545FCC21BE9A43642768CE3A692EE711C5A48BF3202BDA85F7CC324A0012910E9CCB4F89BD54BE23C96E4B2E5A8C8693D7B5C19BBB5E61CC3C410EA5459654BAF3FA70B2E54F35815A1B3B1C3DF2C534E4055C73776AEB36CE60738511D8804A6466FE5038297F8258826BC7F28D4C8F76DDEE3FD94EBD3C7C284CEF55F812E1EEDF425458819F49E8AC19FC55FEA02DDCFE6634611AA6F8C2525F1DB1C7C5C7D8656162B85341C1D02086D9B1336994E02DD4B3D92321A0A1EC743542576A61E0E18FC65FBBCCF90CB971C92A257F00FA69E0FFB1C420D91529FD4C9A6C178837D0E9903C2560D379FCBD06A187C41A9A9B8F57ADF0EB3FD60F0A83F785598A5E4D637DE5D0756CFB4CE72ACE4391FBC44D2BC878719EF11429BED19429BED1D549B68C6E7B06653F482845574953843750D274344C7DB279C824C79C60DA6FB9492FA57AB2C1E036B1DD612A47285501F78A08E294CC141D33DE5F4ACFBFF00E195D473D07BC1BDC1CE3A8FA3E83BFD39865614310D10A9F84CF6381A41AB8797FE4AC05DC57F301A5753DF12A7D1E1CF34CEF37BB0157E0FC209AB64D1B64EE7E65ADE4554C9F253E9176DD599A50C3C52FBC5140F4D745DBFECAE22B6B2050076C4A94171C39A994EC6BDE0710364C5697423A4E5203758BF6C159837C01FD4C46AA52C48FAC52E9E87F470C5F310B60BC78E8CBF32E62AF0946CFF00E5E97D4C93983706BA2DD037173D00A2693E654D8FFED9B02C5CB7960B8E9623AC704B2F8AEA1496AF68EDA33C409ADBA0705DCA58972AB6EF559949B35010EF47761308D007B3068AD565908DF98B58C691669F884FE10EA9D9B5BDA61AC802FC1B62CA929281ED88B4EE8FD127F72EE76D79FE65203C2EE7E60E555E507FB8C6E032592884986406C6B2EAA3D1F69684ABCB12FA3AF4B6B0F635F69905B47F5285BDDBEF01690C433AE9EFD311E13F32B2C5FE44348EDE831D469847B3A6D39E98AF60C0C9EA82AE94D89716D4A15BB3CF7F316C8975C342E9198871AE1E69BBEECDBE51252891020E2BDAB2E32C872034E5042ACB5DEE62C7BFE0C57D45EEB8940FF648D6474E13B246D9413AA06811B21138BE627060C60DB017BABEF5C4BC68E1E384EF51968072E230A100879CA37C9C56218D76C34E9639B6DA7F108A9C15145F0B95E3B3E226411B2D50A59B34741DE25A5575DE2C0559DA3170C401B98F9F4262256E3963AF552D87A181FECA419659639D2A3DB42C96C818E9F1D0DCB32D24116E17DE1D2BA52F5A92E05C09BF42A7F1FC20CA0A5015416CAF68F7B4AE8E5EDEDBE65867C20308016DD54A889F008686A81F29A61E97E93C038B005D025F060725A3C8E1D97B4C81BEAA4B080017CB9AE225BD74B2D583754DF8B800DD4D1003AD5930C7230F958BACA6C6D83CC6EB85AE768C9B6853BBA87AAE8A835695DE0F92B3E58E263A1B52044BB14C591D7A346CB27B0752E16F33805CC6A94A06F53051CA6D82B4D312DEC937BFA1D743B8FABC4E3231AF82FF00B8018CFA45A3C54C13BE7D220DE75F92FF00B9B952BE9288E251DA3E27B21E129ED10F9EAABDB484103650BBF6767E906950C6DAB7EF2C5594DA80149517AD7D82D57363AE02E0AA0E6D215C0D1D1C039CA1F3023B530DDD5C10D2402CFB873F132AA78C257D8BF11E346B79D817EEA85406DC4EC04177816D1CC0B7D9CA64545068A0EAD61B3D38E2F2BE58E2165FDC45DB4061C46AB1BCC1BEAB2DCB42851AD0C7C3EA3186E91C3110584C40360414E2C978D4594A6A1C359731B4362DC12BD1B22DEE3B8EBD55C653FA986BFF001BFAC393BE7AFBF4666CE55F3FA47ACA2BF917FE4DA243500AE97399B94C7DFA6BA7D9A58738202403B7D9C793BC1564C26EF2AE08C263801436AF14731F4017DE15930E4DD92D710C9BAB2B0561286589A64B60C8B1A4C6EB643513036898382012BB3EF0605807A811D99A7209A86C8A5E4F61C2DFDE088D9663FA71CE79CC20A7552733DD5BF786F8B111DEABF68EFF00E0B0A6EBE9F899DDF8466184BAA19B291CCA804A48585982FE9087292FA805B2D188EFC270D2D2B459C39B1799DA8680879B821E7BC24EBA6A6238C7473388FA6AF56359EC414CEC7C98693B139F4DE13B03DC950342BE12BFA3A64C0C5F47DE54DC1CF4BF43FA697339600AB30FBBFB52A3580DD5DD5E739942194564AAF9A63A46F7B7B33017582BB7140CF020115D40557973286E879746DAD155AF7CC3A9B7C3DB2E4A2F9511DF69DC5C509AF01CE29CC7E72F2A75C0A414782348CD92342D1AB326B11F3FB504A509D9C774788ADCAF2B17902D0467A140AAB452CBC5E2F3751BF77734856AB7AF6967CE14948AAA630C7BF788D6F20345780077DCB5AC7212AB99C5AFD523CB57B161CBCB66A12C3E8F09EDD0DCA89712A398EFD568E807E5B7F1F79CE7F91FF90D75F9EA291F6FACC1B623F19FE939AD540A20E273E97D2FE7291BD12D470DACE7B0BF1F5561ADB5BCBBCED99C5B16A1439C3165E1798EDF3D880D6CAA52A33B2A2AA1646F22F4F88E87488B84A28302B6DE9517005345B725B9A2E60597308CD9031631B1C3E56CCF0002323B34E34CF0AD1A1D034A5567596B3775C5CB82734D72DADC15AC90A31A8CC3F804BAA69875931973883CCD17397CDA603A85C4500D05A656413ACE0371B450CA42D8B935CD6FC901F15B8CD0A68EEF7E26C91EB66461F809F721AF49123AE957D6EA66C607EBC1F8FBCF6A47CFA6BA589CC142AB39ECFDFB4530A6D1E1CFFC86A1CCE3A73D0F469E86E39B8A654522977E31FF00B3381674D6DD871E4957235200DD1DB04BF082046F4BBD5C100E04586CEC790650A0A40195DFCFF046E19B554AA782FEA4C4DC9EA2ABC6A55C838F0AD45DA2AFBC6B18AD7A293ED53E66725ECF6AABCECB97F1A0994F24FDDE4CCA6F6C880B6B1BC3F5634636E6DE1C1CB033BAD49680AD0CB67E9DA621A216CEDB31E350A0AA1CD41C1BC3B4B7852EB158CFD47D6010196B0AF815AFAB0BEE48D3D1475661C7A2D3A8407D4029E1AFEA1B5DCDF5D463D1D4654BB2A78E7FB81D8997B3AFBFE60D90D7F01994CAE870D008DAE96D5EAF456DBDC776D45345B2AF48B346DA732D6A555BB1F15B83B591BBB013B00BBBBA7962DEDD4A0E6077938A2EEAD3B7A948A54A1B0AD41E75153465E3169A9C9DFBEA2D8C0914D03B50363B56E0FE13142C00B3902ED66523984A0865790F844344738EC4553D8A72C51D0366317209F08E2C9BFC0B6029A89863755858C25C76863670670DBDB112A34A06B81BFE889CC37CAD028C85ED6FF0EEF00B98BD777B1B294055F344BD78A008A581756563C20AEC1A23F465A7C1F82683A1E8257A6EE98E8BEEFF00C183CCBE037FDC341AE951975D2FA62F670FB4326E885F769F8FEA10F6D441C4BEBC7A06A1C125F944147210CD2C115202B7F49430F357D397BC03A94F496165F943E63AEC73E2A5EFD97D1ED2F54C9C07708D2B7E9B1FDD90D5B0BDD0E60581BC38C7F67C18874871ACB609E4188955CEF64AE2CE1025716A33C10B5D4D55370899194341E5BF101178859A5361ED1937BB1658E62BE6A9964AA5FB4C83E3A575DCD4BC57A265EF16D15F9DFA7D20534347BF335EADF4044EF05D727CB1D3109FE5387E4FC41D40E60D9D4F43B8C6FBEC9765BD06253C453F980B20B50ACCBCBB85A40857B981E1A139C108A8BA08A82DC96BDE5EFDD7D48DF7AAC5BDA0A2CB06D5825A8DBF449448590174B35DED6B9AF114DEF05F61AC6AC6B500DAB84296367E1AED690F60168B5A16A6B110D0969ED9AAF95C7F7980E1421629487872F9B945C39825A000DF80CEFED0DA2D0A85023B6AB7E2397CA3C056B9CA207DA2175937B79E70094BE2069AB79A0B1BCA8DD43CC2B435CAEFDEFE62214A1313D29F74556764C7A798ED9B75726CCB34BC1006B214F2BF7EF2BC72FA18BE91B54C1442CA8EAF9AE3F5E604B6E920EE6E5FF065EECD5B5B00C6BBBC64EDED283054E3BBD83F11012D7B2F20C3E55E25AA20068A054E7160ED8F11D516B9137ADD14FB66579A0041B18E4A4E3CBDE51B0A1AE0885F6459BC45D88A14B5A37A42BCC50B40CED8A8E6DA7BBDA2B0B30E500BC5F23B101694526CC5C62D6710BB229B84D19AAAF06586C0031703B871F641CC3ABC94A06F0D2B1CCB6BA28325B762A0FC4BF3BC752C77BBBC778CC43BA20135EC087714BB0E0FA71020751C1ADCEE9FF5C7F44E9AEB51D475D40A8197823182EBF75FE7FB3BF4CD7BAE7A3BE952A57A352823A8840BC0216C3BA18F3C1F882C1330F41E84103A0F4548A5E538C379EFA9A3E53099379E637D01BF7B15CD398EE25CCB03F35DCFD23B6022975150ACD81F844302CB50AC1D8C0E3C66218867C25D2DBCB877F662872A7057A3379ABF8658BC7935B2F2B253D92ACE1088152DEC2E78F88079890661DE5A8C694ADC242B87537411CAE69DC2029819796929AC17F49561ABAC235D356A3DDBEF0D77092A458EE23E210E510D29015792BED1A02A554DA5275BCF3C46736A94D97572AF4BAE7DEF11FB4CD666EC8ADB947E3D26A309B8F4CE8BDB4FFC42064C577796531CF7EA625C63E925255638EE43C8456DAF31561B95BDBB3E48372FA5FA97CC72BB80F3780BAE71ED057D158A5EF98EAF269A1B0A81E0734C4C900700B01ABCA151AA7B581B2AC62BE854AEAA259A08D62F74F99482D2543C8D5251C6FB43634281BC23AD9C6B3E615486DDB085D6B63E911238408E4ABC8DF8372F51004A21473D883501C90B4E0D59789AA9EE692C19DED7EEC4DCE09583603B9DE3CF3D91BA50F9CB2AF0C5078D7D2BED29CF0AAB6DE5A9712EC9BDDB1A6028308AA23576637A358EC77FC1EA63627136A2656872C0DAC32F3C8FBB0F0982A1E21D48745EB7D5970E82B0E50BA36938787DA32A4D241A837EB3719246F20FCC39778C3345CB2D4F3FAEC4B059A80996EBB4392987074B75AEF9871CE92A5A94CA64800E410A1F70C4329D2AD03617E1CCAB168A568BBAF6CB0B21496CBBB7CC3041800C2ADEE61EF00BC4F19356E3BE23E46B67C4F783E0EC7EF98817CE6A1709DD970EE7046AE53E60FF00C63935B55EAE1BAD8FF7C84FDC763D3C458C04814B4073358CECF3C08B68AF2338EC4283D075DF5E7A71D0104BB9503F7B13FDDABCBFA9640A308F118C51F31C38B9BE9C75FA908805CB62F37391C42DB9F12F02F2A3281710E5E6AFC2F1E088A5DDE0A2EDFF00B4795C10D40578EC3F497AADC2F776630599F74CD9E43B7FE905B55D2A6AD1B862270586377CA572C6169330E4681E116EB2E77545F8332C24B076555DD6E8E5BE061E3DA0F96B878DBCD724DDB27C66307A96A820FCC12A7A82807100E48C3BDA84100A0A9A00CB2B244038C0FF00658CE7F19D79EAEA3A658028165E1DFDE59C235DB3BB29D6FBBDFD1BEACC73FC156F934C5C8C71DEF244B9D92D1C3FD835877C92F1E60CAF45D1EE70430A30C814806C6C3EB1245C4B9955BDEC5AAADAF30BAA877D166C80104E441213BB467738AE3B22B93480A685EDFF0084A9D16595D1C2DE48550C804B6167BD8E1C90EE589AD51982894818725E664139196C3955106D799A6EF48524048148039358B3343B4EF22EAA8868D535DAAF709D552D5B2D5C5EDB789718702D7BD05F998A7DA2DADDDABF3048B684DEA304234E6D45E37FDCBCDADBC2B6DA78FC211036E086F3EFF88D436B7D9D42EA3B9EF1650D0E791E5F10D05261CFF8463B8FB7895D6A540E9F3351E9BF4B3111A1A99A2CBDD3C9152227283F77F98DA0523489A83D0BF32FA2B8058AD01134CA6C253023AC7DE705C956B0C0A02975E4950172E63A954161599D3C5F11D54020086FC85FB2456E118BBAD866FEE229DCD0935437C2BAF7A9853A4F10A7450D9C76800EA0812B61B57711628D4BD132B906CC721DE0FE26B9AE6E5B530AB1AAC382BCC054F319A088CA6ADCA70FD9138D5892506ED5730C306B362F3C3C4C07AE05376F9577D4CC2A52BF34272B6B05A553BD187CC6D9B407058895D983380342002B95A3E915BF1FD0E85A34EED8B716E5100E4E4F2F895380394DAFF221400E81C7A38F567A5C1E97E9BB2AB8B2F2B0DDF922950E7D9F0F67CC767B415D41E8F7D1FD8FF506976FFDB36850C92CA9B4F7C26C1F023F33F719B066D61BF794663156F9EF3F37121AED736454550C608B5D0F08B125AC97F32F4F6597F7308E7B87E6D82ACDFE998D96CF0916F3A120FD09A0A655E39A447EAB094C01487CDE2889A7175E801C6EA19F9B7F6F4117115194B0055800CC7400C8D07BFF0091C42E3E5FF133082CD1DA057F06BA2FAF5D59C1C269882A1F645267FB0F245D9B680C3FF7C74CCB621D58C84922B4E0E4183E62D0F46E3F981BE018C3702F988E2FFD3117B217C4C8782099E4DC3D98B527CA21D8FAC6724412D0F995D587E654AC0F983899E441E1365467DE0F3C01850E281DBB5422322C7D32CED16A5A1F33C1E58892DCD65F012E1AB8B47965592FF0F6818EB75D37EA657F154328973CEC4025C32A17EE44DBDF367F0FF51233190A4964366DA361568735BC4734964A87C9529E3405DB3DB814A1DE262BFDA1819D0457D781A2DB314886E0E5896988CDE6E1C63BDD57D914EE6DCDE51452184B2127710AA7CC91AE6ACA450141EF306EEA6D6F7CB7552AA877CE150AA4532A5FE5454E906469B952AEBF4AFC620A7461D803055036F6871AF3DCFF00215DA2793BAF2C4B5BB8B478208F2ED6574AE952B1D2A54DCA952A27425752574A952A3695DE39DA30CB58C077B5ED02C54C0E07B3CC6C2870143E39F88976D5C3BC2B28CA46A45BC3B2032ECFDBAA3ED0CC8F4127DEFBC354DDAFFDFF00A23AD37198FA316A50A2F5FBE7D9477E4C1BE887F6235542056ADFEDFEB16AA5EFFEB0201F3247E873F852AFE5AFE1450F7D6FE30E3CC7F6B06C4BE43F727E25C19E0DBE893EB1F835A96675FD1008A1885D38209A2102F468E652357565BF6ED1803B39D7BB0A881E8EA00C18F457A0DFADFE62C4592E427D60F99814EE6F3D988BD912B22CB43BE582CCCC26CC650AD839856935C41BE97D6E5F4B9CF4E7D0C86505CDDAA2E003857A45EEB3C7C27252A270CBAD1DACA9AD33DE3B8F4BC74DCE7F819F1E9D4E7A12E6BD37D0CC9706A5F965600F3011A031F0DC1E680B40BF48F494C694507D52317B3DC89884F996F904213CC81FA464AC28C1BEE831E637B8FD1A9ECCD7C9F38AFBFF005076728515632F93FCE6658FD52B3CDD5FDA5534539955E473023245D3C71B5998CE232519FACA9DC476C3103EB1108B1100E659FDE370C2DE2AE655A806C0B7DBA5CBEB72FA5D74B9CCF997D2E5CDFA35FCAC4044B3CC41EB73FD5052BF086BB9B30F0F1263EC2CA7C2985B9A9E1F52065E3DCBF339F9EEA14229E119CF6C1B93E60660653FEB01C3F30BD7F33721F082BF2C097588F096A75DF5F62507FD24B4A8D715C2F68ADBE17DC4D01EE9359D05EEBC1758944E3D15D4DFF01D1C74AF457A38F43D2BD14BD450A4B1E18A819C25E7D465A2F5E50FA821A9FBDB545BE81CFA2E2383E55F932EB59D8BFE54A7412AC52C7B66BFE6A9FC41407BD42FE84B437DFEDD1435475FD971E3505B4F96D05016824FA12902A73D6BA57A39E8F5E63BE89195FC2F43AFC7AABD3F1FC35EAD4B97FC863A317A99E8648C33398C61D7538EAF3D393AB83A7339E9CC3ABD1E273D7BF51836F52779CCBE830DC372F5D2E5E62CFFD9)
GO
SET IDENTITY_INSERT [dbo].[Product] OFF
GO
SET IDENTITY_INSERT [dbo].[purchase] ON 
GO
INSERT [dbo].[purchase] ([id_purchase], [client_purchase], [date_purchase], [location_client], [subtotal], [shipping], [total], [id_PurchasingManager], [id_Dealer], [status_purchase], [distance], [moneyType], [store]) VALUES (1, 1, CAST(N'2022-06-15' AS Date), 0xE6100000010C4971191727AB4940EC8B62EE50C02840, 0.0000, 6798.5198, 6798.5198, NULL, NULL, 1, 360623.39638885122, N'Euro', 1)
GO
INSERT [dbo].[purchase] ([id_purchase], [client_purchase], [date_purchase], [location_client], [subtotal], [shipping], [total], [id_PurchasingManager], [id_Dealer], [status_purchase], [distance], [moneyType], [store]) VALUES (2, 1, CAST(N'2022-06-15' AS Date), 0xE6100000010C4971191727AB4940EC8B62EE50C02840, 0.0000, 6798.5198, 6798.5198, NULL, NULL, 1, 360623.39638885122, N'Euro', 1)
GO
INSERT [dbo].[purchase] ([id_purchase], [client_purchase], [date_purchase], [location_client], [subtotal], [shipping], [total], [id_PurchasingManager], [id_Dealer], [status_purchase], [distance], [moneyType], [store]) VALUES (3, 1, CAST(N'2022-06-15' AS Date), 0xE6100000010C4971191727AB4940EC8B62EE50C02840, 0.0000, 6798.5198, 6798.5198, NULL, NULL, 1, 360623.39638885122, N'Euro', 1)
GO
INSERT [dbo].[purchase] ([id_purchase], [client_purchase], [date_purchase], [location_client], [subtotal], [shipping], [total], [id_PurchasingManager], [id_Dealer], [status_purchase], [distance], [moneyType], [store]) VALUES (4, 1, CAST(N'2022-06-15' AS Date), 0xE6100000010C4971191727AB4940EC8B62EE50C02840, 0.0000, 6798.5198, 6798.5198, NULL, NULL, 1, 360623.39638885122, N'Euro', 1)
GO
INSERT [dbo].[purchase] ([id_purchase], [client_purchase], [date_purchase], [location_client], [subtotal], [shipping], [total], [id_PurchasingManager], [id_Dealer], [status_purchase], [distance], [moneyType], [store]) VALUES (5, 1, CAST(N'2022-06-15' AS Date), 0xE6100000010C4971191727AB4940EC8B62EE50C02840, 0.0000, 6798.5198, 6798.5198, NULL, NULL, 1, 360623.39638885122, N'Euro', 1)
GO
INSERT [dbo].[purchase] ([id_purchase], [client_purchase], [date_purchase], [location_client], [subtotal], [shipping], [total], [id_PurchasingManager], [id_Dealer], [status_purchase], [distance], [moneyType], [store]) VALUES (6, 1, CAST(N'2022-06-15' AS Date), 0xE6100000010C4971191727AB4940EC8B62EE50C02840, 0.0000, 6798.5198, 6798.5198, NULL, NULL, 1, 360623.39638885122, N'Euro', 1)
GO
INSERT [dbo].[purchase] ([id_purchase], [client_purchase], [date_purchase], [location_client], [subtotal], [shipping], [total], [id_PurchasingManager], [id_Dealer], [status_purchase], [distance], [moneyType], [store]) VALUES (7, 1, CAST(N'2022-06-15' AS Date), 0xE6100000010C4971191727AB4940EC8B62EE50C02840, 0.0000, 6798.5198, 6798.5198, NULL, NULL, 1, 360623.39638885122, N'Euro', 1)
GO
INSERT [dbo].[purchase] ([id_purchase], [client_purchase], [date_purchase], [location_client], [subtotal], [shipping], [total], [id_PurchasingManager], [id_Dealer], [status_purchase], [distance], [moneyType], [store]) VALUES (8, 1, CAST(N'2022-06-15' AS Date), 0xE6100000010C4971191727AB4940EC8B62EE50C02840, 0.0000, 6798.5198, 6798.5198, NULL, NULL, 1, 360623.39638885122, N'Euro', 1)
GO
INSERT [dbo].[purchase] ([id_purchase], [client_purchase], [date_purchase], [location_client], [subtotal], [shipping], [total], [id_PurchasingManager], [id_Dealer], [status_purchase], [distance], [moneyType], [store]) VALUES (9, 2, CAST(N'2022-06-15' AS Date), 0xE6100000010CDE463DF3A0D44240CAE0A9ACBE5458C0, 0.0000, 157843.5455, 157843.5455, NULL, NULL, 1, 7891177.2737296019, N'Dollar', 1)
GO
INSERT [dbo].[purchase] ([id_purchase], [client_purchase], [date_purchase], [location_client], [subtotal], [shipping], [total], [id_PurchasingManager], [id_Dealer], [status_purchase], [distance], [moneyType], [store]) VALUES (10, 1, CAST(N'2022-06-15' AS Date), 0xE6100000010C4971191727AB4940EC8B62EE50C02840, 129.7200, 7204.1415, 7333.8615, NULL, NULL, 1, 382199.01274198125, N'Euro', 1)
GO
INSERT [dbo].[purchase] ([id_purchase], [client_purchase], [date_purchase], [location_client], [subtotal], [shipping], [total], [id_PurchasingManager], [id_Dealer], [status_purchase], [distance], [moneyType], [store]) VALUES (11, 1, CAST(N'2022-06-15' AS Date), 0xE6100000010C4971191727AB4940EC8B62EE50C02840, 35.7200, 193.7335, 229.4535, NULL, NULL, 1, 382.19901274198122, N'Euro', 1)
GO
INSERT [dbo].[purchase] ([id_purchase], [client_purchase], [date_purchase], [location_client], [subtotal], [shipping], [total], [id_PurchasingManager], [id_Dealer], [status_purchase], [distance], [moneyType], [store]) VALUES (12, 1, CAST(N'2022-06-15' AS Date), 0xE6100000010C4971191727AB4940EC8B62EE50C02840, 35.7200, 193.7335, 229.4535, NULL, NULL, 1, 382.19901274198122, N'Euro', 1)
GO
INSERT [dbo].[purchase] ([id_purchase], [client_purchase], [date_purchase], [location_client], [subtotal], [shipping], [total], [id_PurchasingManager], [id_Dealer], [status_purchase], [distance], [moneyType], [store]) VALUES (13, 1, CAST(N'2022-06-15' AS Date), 0xE6100000010C4971191727AB4940EC8B62EE50C02840, 35.7200, 193.7335, 229.4535, NULL, NULL, 1, 382.19901274198122, N'Euro', 1)
GO
INSERT [dbo].[purchase] ([id_purchase], [client_purchase], [date_purchase], [location_client], [subtotal], [shipping], [total], [id_PurchasingManager], [id_Dealer], [status_purchase], [distance], [moneyType], [store]) VALUES (14, 1, CAST(N'2022-06-15' AS Date), 0xE6100000010C4971191727AB4940EC8B62EE50C02840, 32.9000, 183.5930, 216.4930, NULL, NULL, 1, 360.62339638885123, N'Euro', 1)
GO
INSERT [dbo].[purchase] ([id_purchase], [client_purchase], [date_purchase], [location_client], [subtotal], [shipping], [total], [id_PurchasingManager], [id_Dealer], [status_purchase], [distance], [moneyType], [store]) VALUES (15, 1, CAST(N'2022-06-15' AS Date), 0xE6100000010C4971191727AB4940EC8B62EE50C02840, 68.6200, 183.5930, 252.2130, NULL, NULL, 1, 360.62339638885123, N'Euro', 1)
GO
INSERT [dbo].[purchase] ([id_purchase], [client_purchase], [date_purchase], [location_client], [subtotal], [shipping], [total], [id_PurchasingManager], [id_Dealer], [status_purchase], [distance], [moneyType], [store]) VALUES (18, 1, CAST(N'2022-06-15' AS Date), 0xE6100000010C4971191727AB4940EC8B62EE50C02840, 45.1200, 193.7335, 238.8535, NULL, NULL, 1, 382.19901274198122, N'Euro', 1)
GO
INSERT [dbo].[purchase] ([id_purchase], [client_purchase], [date_purchase], [location_client], [subtotal], [shipping], [total], [id_PurchasingManager], [id_Dealer], [status_purchase], [distance], [moneyType], [store]) VALUES (19, 1, CAST(N'2022-06-15' AS Date), 0xE6100000010C4971191727AB4940EC8B62EE50C02840, 192.7000, 183.5930, 376.2930, NULL, NULL, 1, 360.62339638885123, N'Euro', 1)
GO
INSERT [dbo].[purchase] ([id_purchase], [client_purchase], [date_purchase], [location_client], [subtotal], [shipping], [total], [id_PurchasingManager], [id_Dealer], [status_purchase], [distance], [moneyType], [store]) VALUES (20, 1, CAST(N'2022-06-15' AS Date), 0xE6100000010C4971191727AB4940EC8B62EE50C02840, 65.8000, 193.7335, 259.5335, NULL, NULL, 1, 382.19901274198122, N'Euro', 1)
GO
INSERT [dbo].[purchase] ([id_purchase], [client_purchase], [date_purchase], [location_client], [subtotal], [shipping], [total], [id_PurchasingManager], [id_Dealer], [status_purchase], [distance], [moneyType], [store]) VALUES (21, 1, CAST(N'2022-06-15' AS Date), 0xE6100000010C4971191727AB4940EC8B62EE50C02840, 113.7400, 183.5930, 297.3330, NULL, NULL, 1, 360.62339638885123, N'Euro', 1)
GO
INSERT [dbo].[purchase] ([id_purchase], [client_purchase], [date_purchase], [location_client], [subtotal], [shipping], [total], [id_PurchasingManager], [id_Dealer], [status_purchase], [distance], [moneyType], [store]) VALUES (22, 1, CAST(N'2022-06-15' AS Date), 0xE6100000010C4971191727AB4940EC8B62EE50C02840, 35.7200, 183.5930, 219.3130, NULL, NULL, 1, 360.62339638885123, N'Euro', 1)
GO
INSERT [dbo].[purchase] ([id_purchase], [client_purchase], [date_purchase], [location_client], [subtotal], [shipping], [total], [id_PurchasingManager], [id_Dealer], [status_purchase], [distance], [moneyType], [store]) VALUES (24, 1, CAST(N'2022-06-16' AS Date), 0xE6100000010C4971191727AB4940EC8B62EE50C02840, 23.5000, 0.0000, 23.5000, NULL, NULL, 1, 360.62339638885123, N'Euro', 1)
GO
INSERT [dbo].[purchase] ([id_purchase], [client_purchase], [date_purchase], [location_client], [subtotal], [shipping], [total], [id_PurchasingManager], [id_Dealer], [status_purchase], [distance], [moneyType], [store]) VALUES (25, 1, CAST(N'2022-06-16' AS Date), 0xE6100000010C4971191727AB4940EC8B62EE50C02840, 23.5000, 0.0000, 23.5000, NULL, NULL, 1, 360.62339638885123, N'Euro', 1)
GO
INSERT [dbo].[purchase] ([id_purchase], [client_purchase], [date_purchase], [location_client], [subtotal], [shipping], [total], [id_PurchasingManager], [id_Dealer], [status_purchase], [distance], [moneyType], [store]) VALUES (26, 1, CAST(N'2022-06-16' AS Date), 0xE6100000010C4971191727AB4940EC8B62EE50C02840, 9.4000, 0.0000, 9.4000, NULL, NULL, 1, 9089.03348527723, N'Euro', 1)
GO
INSERT [dbo].[purchase] ([id_purchase], [client_purchase], [date_purchase], [location_client], [subtotal], [shipping], [total], [id_PurchasingManager], [id_Dealer], [status_purchase], [distance], [moneyType], [store]) VALUES (27, 1, CAST(N'2022-06-16' AS Date), 0xE6100000010C4971191727AB4940EC8B62EE50C02840, 9.4000, 0.0000, 9.4000, NULL, NULL, 1, 9081.5929493228869, N'Euro', 1)
GO
INSERT [dbo].[purchase] ([id_purchase], [client_purchase], [date_purchase], [location_client], [subtotal], [shipping], [total], [id_PurchasingManager], [id_Dealer], [status_purchase], [distance], [moneyType], [store]) VALUES (28, 1, CAST(N'2022-06-16' AS Date), 0xE6100000010C4971191727AB4940EC8B62EE50C02840, 51.7000, 0.0000, 51.7000, NULL, NULL, 1, 360.62339638885123, N'Euro', 1)
GO
INSERT [dbo].[purchase] ([id_purchase], [client_purchase], [date_purchase], [location_client], [subtotal], [shipping], [total], [id_PurchasingManager], [id_Dealer], [status_purchase], [distance], [moneyType], [store]) VALUES (29, 1, CAST(N'2022-06-16' AS Date), 0xE6100000010C4971191727AB4940EC8B62EE50C02840, 35.7200, 0.0000, 35.7200, NULL, NULL, 1, 360.62339638885123, N'Euro', 1)
GO
INSERT [dbo].[purchase] ([id_purchase], [client_purchase], [date_purchase], [location_client], [subtotal], [shipping], [total], [id_PurchasingManager], [id_Dealer], [status_purchase], [distance], [moneyType], [store]) VALUES (30, 1, CAST(N'2022-06-16' AS Date), 0xE6100000010C4971191727AB4940EC8B62EE50C02840, 42.3000, 0.0000, 42.3000, NULL, NULL, 1, 360.62339638885123, N'Euro', 1)
GO
INSERT [dbo].[purchase] ([id_purchase], [client_purchase], [date_purchase], [location_client], [subtotal], [shipping], [total], [id_PurchasingManager], [id_Dealer], [status_purchase], [distance], [moneyType], [store]) VALUES (31, 1, CAST(N'2022-06-16' AS Date), 0xE6100000010C4971191727AB4940EC8B62EE50C02840, 9.4000, 0.0000, 9.4000, NULL, NULL, 1, 360.62339638885123, N'Euro', 1)
GO
INSERT [dbo].[purchase] ([id_purchase], [client_purchase], [date_purchase], [location_client], [subtotal], [shipping], [total], [id_PurchasingManager], [id_Dealer], [status_purchase], [distance], [moneyType], [store]) VALUES (32, 1, CAST(N'2022-06-16' AS Date), 0xE6100000010C4971191727AB4940EC8B62EE50C02840, 42.3000, 0.0000, 42.3000, NULL, NULL, 1, 360.62339638885123, N'Euro', 1)
GO
INSERT [dbo].[purchase] ([id_purchase], [client_purchase], [date_purchase], [location_client], [subtotal], [shipping], [total], [id_PurchasingManager], [id_Dealer], [status_purchase], [distance], [moneyType], [store]) VALUES (33, 1, CAST(N'2022-06-16' AS Date), 0xE6100000010C4971191727AB4940EC8B62EE50C02840, 35.7200, 0.0000, 35.7200, NULL, NULL, 1, 360.62339638885123, N'Euro', 1)
GO
INSERT [dbo].[purchase] ([id_purchase], [client_purchase], [date_purchase], [location_client], [subtotal], [shipping], [total], [id_PurchasingManager], [id_Dealer], [status_purchase], [distance], [moneyType], [store]) VALUES (34, 1, CAST(N'2022-06-16' AS Date), 0xE6100000010C4971191727AB4940EC8B62EE50C02840, 42.3000, 0.0000, 42.3000, NULL, NULL, 1, 360.62339638885123, N'Euro', 1)
GO
INSERT [dbo].[purchase] ([id_purchase], [client_purchase], [date_purchase], [location_client], [subtotal], [shipping], [total], [id_PurchasingManager], [id_Dealer], [status_purchase], [distance], [moneyType], [store]) VALUES (35, 1, CAST(N'2022-06-16' AS Date), 0xE6100000010C4971191727AB4940EC8B62EE50C02840, 23.5000, 0.0000, 23.5000, NULL, NULL, 1, 360.62339638885123, N'Euro', 1)
GO
INSERT [dbo].[purchase] ([id_purchase], [client_purchase], [date_purchase], [location_client], [subtotal], [shipping], [total], [id_PurchasingManager], [id_Dealer], [status_purchase], [distance], [moneyType], [store]) VALUES (36, 1, CAST(N'2022-06-16' AS Date), 0xE6100000010C4971191727AB4940EC8B62EE50C02840, 186.1200, 0.0000, 186.1200, NULL, NULL, 1, 360.62339638885123, N'Euro', 1)
GO
INSERT [dbo].[purchase] ([id_purchase], [client_purchase], [date_purchase], [location_client], [subtotal], [shipping], [total], [id_PurchasingManager], [id_Dealer], [status_purchase], [distance], [moneyType], [store]) VALUES (37, 1, CAST(N'2022-06-16' AS Date), 0xE6100000010C4971191727AB4940EC8B62EE50C02840, 84.6000, 0.0000, 84.6000, NULL, NULL, 1, 360.62339638885123, N'Euro', 1)
GO
INSERT [dbo].[purchase] ([id_purchase], [client_purchase], [date_purchase], [location_client], [subtotal], [shipping], [total], [id_PurchasingManager], [id_Dealer], [status_purchase], [distance], [moneyType], [store]) VALUES (38, 1, CAST(N'2022-06-16' AS Date), 0xE6100000010C4971191727AB4940EC8B62EE50C02840, 96.8200, 0.0000, 96.8200, NULL, NULL, 1, 360.62339638885123, N'Euro', 1)
GO
INSERT [dbo].[purchase] ([id_purchase], [client_purchase], [date_purchase], [location_client], [subtotal], [shipping], [total], [id_PurchasingManager], [id_Dealer], [status_purchase], [distance], [moneyType], [store]) VALUES (39, 1, CAST(N'2022-06-16' AS Date), 0xE6100000010C4971191727AB4940EC8B62EE50C02840, 75.2000, 0.0000, 75.2000, NULL, NULL, 1, 360.62339638885123, N'Euro', 1)
GO
INSERT [dbo].[purchase] ([id_purchase], [client_purchase], [date_purchase], [location_client], [subtotal], [shipping], [total], [id_PurchasingManager], [id_Dealer], [status_purchase], [distance], [moneyType], [store]) VALUES (40, 1, CAST(N'2022-06-16' AS Date), 0xE6100000010C4971191727AB4940EC8B62EE50C02840, 68.6200, 0.0000, 68.6200, NULL, NULL, 1, 360.62339638885123, N'Euro', 1)
GO
INSERT [dbo].[purchase] ([id_purchase], [client_purchase], [date_purchase], [location_client], [subtotal], [shipping], [total], [id_PurchasingManager], [id_Dealer], [status_purchase], [distance], [moneyType], [store]) VALUES (41, 1, CAST(N'2022-06-16' AS Date), 0xE6100000010C4971191727AB4940EC8B62EE50C02840, 0.0000, 0.0000, 0.0000, NULL, NULL, 1, 360.62339638885123, N'Euro', 1)
GO
INSERT [dbo].[purchase] ([id_purchase], [client_purchase], [date_purchase], [location_client], [subtotal], [shipping], [total], [id_PurchasingManager], [id_Dealer], [status_purchase], [distance], [moneyType], [store]) VALUES (42, 1, CAST(N'2022-06-16' AS Date), 0xE6100000010C4971191727AB4940EC8B62EE50C02840, 0.0000, 0.0000, 0.0000, NULL, NULL, 1, 360.62339638885123, N'Euro', 1)
GO
INSERT [dbo].[purchase] ([id_purchase], [client_purchase], [date_purchase], [location_client], [subtotal], [shipping], [total], [id_PurchasingManager], [id_Dealer], [status_purchase], [distance], [moneyType], [store]) VALUES (43, 1, CAST(N'2022-06-16' AS Date), 0xE6100000010C4971191727AB4940EC8B62EE50C02840, 113.7400, 0.0000, 113.7400, NULL, NULL, 1, 290.37460692296781, N'Euro', 1)
GO
INSERT [dbo].[purchase] ([id_purchase], [client_purchase], [date_purchase], [location_client], [subtotal], [shipping], [total], [id_PurchasingManager], [id_Dealer], [status_purchase], [distance], [moneyType], [store]) VALUES (44, 1, CAST(N'2022-06-16' AS Date), 0xE6100000010C4971191727AB4940EC8B62EE50C02840, 78.0200, 0.0000, 78.0200, NULL, NULL, 1, 360.62339638885123, N'Euro', 1)
GO
INSERT [dbo].[purchase] ([id_purchase], [client_purchase], [date_purchase], [location_client], [subtotal], [shipping], [total], [id_PurchasingManager], [id_Dealer], [status_purchase], [distance], [moneyType], [store]) VALUES (45, 1, CAST(N'2022-06-16' AS Date), 0xE6100000010C4971191727AB4940EC8B62EE50C02840, 0.0000, 0.0000, 0.0000, NULL, NULL, 3, 360.62339638885123, N'Euro', 1)
GO
INSERT [dbo].[purchase] ([id_purchase], [client_purchase], [date_purchase], [location_client], [subtotal], [shipping], [total], [id_PurchasingManager], [id_Dealer], [status_purchase], [distance], [moneyType], [store]) VALUES (46, 1, CAST(N'2022-06-16' AS Date), 0xE6100000010C4971191727AB4940EC8B62EE50C02840, 141.0000, 0.0000, 141.0000, NULL, NULL, 1, 360.62339638885123, N'Euro', 1)
GO
INSERT [dbo].[purchase] ([id_purchase], [client_purchase], [date_purchase], [location_client], [subtotal], [shipping], [total], [id_PurchasingManager], [id_Dealer], [status_purchase], [distance], [moneyType], [store]) VALUES (47, 1, CAST(N'2022-06-16' AS Date), 0xE6100000010C4971191727AB4940EC8B62EE50C02840, 141.0000, 0.0000, 141.0000, NULL, NULL, 1, 360.62339638885123, N'Euro', 1)
GO
INSERT [dbo].[purchase] ([id_purchase], [client_purchase], [date_purchase], [location_client], [subtotal], [shipping], [total], [id_PurchasingManager], [id_Dealer], [status_purchase], [distance], [moneyType], [store]) VALUES (48, 1, CAST(N'2022-06-16' AS Date), 0xE6100000010C4971191727AB4940EC8B62EE50C02840, 0.0000, 0.0000, 0.0000, NULL, NULL, 3, 360.62339638885123, N'Euro', 1)
GO
INSERT [dbo].[purchase] ([id_purchase], [client_purchase], [date_purchase], [location_client], [subtotal], [shipping], [total], [id_PurchasingManager], [id_Dealer], [status_purchase], [distance], [moneyType], [store]) VALUES (49, 1, CAST(N'2022-06-16' AS Date), 0xE6100000010C4971191727AB4940EC8B62EE50C02840, 9.4000, 0.0000, 9.4000, NULL, NULL, 1, 9089.3439071213052, N'Euro', 1)
GO
INSERT [dbo].[purchase] ([id_purchase], [client_purchase], [date_purchase], [location_client], [subtotal], [shipping], [total], [id_PurchasingManager], [id_Dealer], [status_purchase], [distance], [moneyType], [store]) VALUES (50, 1, CAST(N'2022-06-16' AS Date), 0xE6100000010C4971191727AB4940EC8B62EE50C02840, 75.2000, 0.0000, 75.2000, NULL, NULL, 1, 360.62339638885123, N'Euro', 1)
GO
INSERT [dbo].[purchase] ([id_purchase], [client_purchase], [date_purchase], [location_client], [subtotal], [shipping], [total], [id_PurchasingManager], [id_Dealer], [status_purchase], [distance], [moneyType], [store]) VALUES (51, 1, CAST(N'2022-06-16' AS Date), 0xE6100000010C4971191727AB4940EC8B62EE50C02840, 45.1200, 0.0000, 45.1200, NULL, NULL, 1, 360.62339638885123, N'Euro', 1)
GO
INSERT [dbo].[purchase] ([id_purchase], [client_purchase], [date_purchase], [location_client], [subtotal], [shipping], [total], [id_PurchasingManager], [id_Dealer], [status_purchase], [distance], [moneyType], [store]) VALUES (52, 1, CAST(N'2022-06-16' AS Date), 0xE6100000010C4971191727AB4940EC8B62EE50C02840, 347.8000, 0.0000, 347.8000, NULL, NULL, 1, 382.19901274198122, N'Euro', 1)
GO
INSERT [dbo].[purchase] ([id_purchase], [client_purchase], [date_purchase], [location_client], [subtotal], [shipping], [total], [id_PurchasingManager], [id_Dealer], [status_purchase], [distance], [moneyType], [store]) VALUES (53, 1, CAST(N'2022-06-16' AS Date), 0xE6100000010C4971191727AB4940EC8B62EE50C02840, 23.5000, 0.0000, 23.5000, NULL, NULL, 1, 382.19901274198122, N'Euro', 3)
GO
SET IDENTITY_INSERT [dbo].[purchase] OFF
GO
SET IDENTITY_INSERT [dbo].[purchaseXProduct] ON 
GO
INSERT [dbo].[purchaseXProduct] ([id_purchaseXProduct], [id_purchase], [id_product], [amount], [subtotal]) VALUES (1, 1, 4, 2, 47.0000)
GO
INSERT [dbo].[purchaseXProduct] ([id_purchaseXProduct], [id_purchase], [id_product], [amount], [subtotal]) VALUES (2, 1, 4, 2, 47.0000)
GO
INSERT [dbo].[purchaseXProduct] ([id_purchaseXProduct], [id_purchase], [id_product], [amount], [subtotal]) VALUES (3, 1, 4, 2, 47.0000)
GO
INSERT [dbo].[purchaseXProduct] ([id_purchaseXProduct], [id_purchase], [id_product], [amount], [subtotal]) VALUES (4, 1, 4, 2, 47.0000)
GO
INSERT [dbo].[purchaseXProduct] ([id_purchaseXProduct], [id_purchase], [id_product], [amount], [subtotal]) VALUES (5, 1, 4, 2, 47.0000)
GO
INSERT [dbo].[purchaseXProduct] ([id_purchaseXProduct], [id_purchase], [id_product], [amount], [subtotal]) VALUES (6, 1, 4, 2, 47.0000)
GO
INSERT [dbo].[purchaseXProduct] ([id_purchaseXProduct], [id_purchase], [id_product], [amount], [subtotal]) VALUES (7, 1, 4, 2, 47.0000)
GO
INSERT [dbo].[purchaseXProduct] ([id_purchaseXProduct], [id_purchase], [id_product], [amount], [subtotal]) VALUES (8, 1, 4, 2, 47.0000)
GO
INSERT [dbo].[purchaseXProduct] ([id_purchaseXProduct], [id_purchase], [id_product], [amount], [subtotal]) VALUES (9, 1, 4, 2, 47.0000)
GO
INSERT [dbo].[purchaseXProduct] ([id_purchaseXProduct], [id_purchase], [id_product], [amount], [subtotal]) VALUES (10, 1, 4, 2, 47.0000)
GO
INSERT [dbo].[purchaseXProduct] ([id_purchaseXProduct], [id_purchase], [id_product], [amount], [subtotal]) VALUES (11, 5, 6, 1, 141.0000)
GO
INSERT [dbo].[purchaseXProduct] ([id_purchaseXProduct], [id_purchase], [id_product], [amount], [subtotal]) VALUES (12, 8, 6, 1, 141.0000)
GO
INSERT [dbo].[purchaseXProduct] ([id_purchaseXProduct], [id_purchase], [id_product], [amount], [subtotal]) VALUES (13, 9, 1, 1, 45.0000)
GO
INSERT [dbo].[purchaseXProduct] ([id_purchaseXProduct], [id_purchase], [id_product], [amount], [subtotal]) VALUES (14, 9, 2, 1, 38.0000)
GO
INSERT [dbo].[purchaseXProduct] ([id_purchaseXProduct], [id_purchase], [id_product], [amount], [subtotal]) VALUES (15, 10, 3, 10, 94.0000)
GO
INSERT [dbo].[purchaseXProduct] ([id_purchaseXProduct], [id_purchase], [id_product], [amount], [subtotal]) VALUES (16, 10, 2, 1, 35.7200)
GO
INSERT [dbo].[purchaseXProduct] ([id_purchaseXProduct], [id_purchase], [id_product], [amount], [subtotal]) VALUES (17, 11, 2, 1, 35.7200)
GO
INSERT [dbo].[purchaseXProduct] ([id_purchaseXProduct], [id_purchase], [id_product], [amount], [subtotal]) VALUES (18, 12, 2, 1, 35.7200)
GO
INSERT [dbo].[purchaseXProduct] ([id_purchaseXProduct], [id_purchase], [id_product], [amount], [subtotal]) VALUES (19, 13, 2, 1, 35.7200)
GO
INSERT [dbo].[purchaseXProduct] ([id_purchaseXProduct], [id_purchase], [id_product], [amount], [subtotal]) VALUES (20, 14, 3, 1, 9.4000)
GO
INSERT [dbo].[purchaseXProduct] ([id_purchaseXProduct], [id_purchase], [id_product], [amount], [subtotal]) VALUES (21, 14, 4, 1, 23.5000)
GO
INSERT [dbo].[purchaseXProduct] ([id_purchaseXProduct], [id_purchase], [id_product], [amount], [subtotal]) VALUES (22, 15, 2, 1, 35.7200)
GO
INSERT [dbo].[purchaseXProduct] ([id_purchaseXProduct], [id_purchase], [id_product], [amount], [subtotal]) VALUES (23, 15, 3, 1, 9.4000)
GO
INSERT [dbo].[purchaseXProduct] ([id_purchaseXProduct], [id_purchase], [id_product], [amount], [subtotal]) VALUES (24, 15, 4, 1, 23.5000)
GO
INSERT [dbo].[purchaseXProduct] ([id_purchaseXProduct], [id_purchase], [id_product], [amount], [subtotal]) VALUES (25, 18, 2, 1, 35.7200)
GO
INSERT [dbo].[purchaseXProduct] ([id_purchaseXProduct], [id_purchase], [id_product], [amount], [subtotal]) VALUES (26, 18, 3, 1, 9.4000)
GO
INSERT [dbo].[purchaseXProduct] ([id_purchaseXProduct], [id_purchase], [id_product], [amount], [subtotal]) VALUES (27, 19, 5, 1, 51.7000)
GO
INSERT [dbo].[purchaseXProduct] ([id_purchaseXProduct], [id_purchase], [id_product], [amount], [subtotal]) VALUES (28, 19, 6, 1, 141.0000)
GO
INSERT [dbo].[purchaseXProduct] ([id_purchaseXProduct], [id_purchase], [id_product], [amount], [subtotal]) VALUES (29, 20, 4, 1, 23.5000)
GO
INSERT [dbo].[purchaseXProduct] ([id_purchaseXProduct], [id_purchase], [id_product], [amount], [subtotal]) VALUES (30, 20, 1, 1, 42.3000)
GO
INSERT [dbo].[purchaseXProduct] ([id_purchaseXProduct], [id_purchase], [id_product], [amount], [subtotal]) VALUES (31, 21, 1, 1, 42.3000)
GO
INSERT [dbo].[purchaseXProduct] ([id_purchaseXProduct], [id_purchase], [id_product], [amount], [subtotal]) VALUES (32, 21, 2, 2, 71.4400)
GO
INSERT [dbo].[purchaseXProduct] ([id_purchaseXProduct], [id_purchase], [id_product], [amount], [subtotal]) VALUES (33, 22, 2, 1, 35.7200)
GO
INSERT [dbo].[purchaseXProduct] ([id_purchaseXProduct], [id_purchase], [id_product], [amount], [subtotal]) VALUES (34, 24, 4, 1, 23.5000)
GO
INSERT [dbo].[purchaseXProduct] ([id_purchaseXProduct], [id_purchase], [id_product], [amount], [subtotal]) VALUES (35, 25, 4, 1, 23.5000)
GO
INSERT [dbo].[purchaseXProduct] ([id_purchaseXProduct], [id_purchase], [id_product], [amount], [subtotal]) VALUES (36, 26, 9, 1, 9.4000)
GO
INSERT [dbo].[purchaseXProduct] ([id_purchaseXProduct], [id_purchase], [id_product], [amount], [subtotal]) VALUES (37, 27, 9, 1, 9.4000)
GO
INSERT [dbo].[purchaseXProduct] ([id_purchaseXProduct], [id_purchase], [id_product], [amount], [subtotal]) VALUES (38, 28, 5, 1, 51.7000)
GO
INSERT [dbo].[purchaseXProduct] ([id_purchaseXProduct], [id_purchase], [id_product], [amount], [subtotal]) VALUES (39, 29, 2, 1, 35.7200)
GO
INSERT [dbo].[purchaseXProduct] ([id_purchaseXProduct], [id_purchase], [id_product], [amount], [subtotal]) VALUES (40, 30, 1, 1, 42.3000)
GO
INSERT [dbo].[purchaseXProduct] ([id_purchaseXProduct], [id_purchase], [id_product], [amount], [subtotal]) VALUES (41, 31, 3, 1, 9.4000)
GO
INSERT [dbo].[purchaseXProduct] ([id_purchaseXProduct], [id_purchase], [id_product], [amount], [subtotal]) VALUES (42, 32, 1, 1, 42.3000)
GO
INSERT [dbo].[purchaseXProduct] ([id_purchaseXProduct], [id_purchase], [id_product], [amount], [subtotal]) VALUES (43, 33, 2, 1, 35.7200)
GO
INSERT [dbo].[purchaseXProduct] ([id_purchaseXProduct], [id_purchase], [id_product], [amount], [subtotal]) VALUES (44, 34, 1, 1, 42.3000)
GO
INSERT [dbo].[purchaseXProduct] ([id_purchaseXProduct], [id_purchase], [id_product], [amount], [subtotal]) VALUES (45, 35, 4, 1, 23.5000)
GO
INSERT [dbo].[purchaseXProduct] ([id_purchaseXProduct], [id_purchase], [id_product], [amount], [subtotal]) VALUES (46, 36, 2, 1, 35.7200)
GO
INSERT [dbo].[purchaseXProduct] ([id_purchaseXProduct], [id_purchase], [id_product], [amount], [subtotal]) VALUES (47, 36, 3, 1, 9.4000)
GO
INSERT [dbo].[purchaseXProduct] ([id_purchaseXProduct], [id_purchase], [id_product], [amount], [subtotal]) VALUES (48, 36, 6, 1, 141.0000)
GO
INSERT [dbo].[purchaseXProduct] ([id_purchaseXProduct], [id_purchase], [id_product], [amount], [subtotal]) VALUES (49, 37, 3, 1, 9.4000)
GO
INSERT [dbo].[purchaseXProduct] ([id_purchaseXProduct], [id_purchase], [id_product], [amount], [subtotal]) VALUES (50, 37, 4, 1, 23.5000)
GO
INSERT [dbo].[purchaseXProduct] ([id_purchaseXProduct], [id_purchase], [id_product], [amount], [subtotal]) VALUES (51, 37, 5, 1, 51.7000)
GO
INSERT [dbo].[purchaseXProduct] ([id_purchaseXProduct], [id_purchase], [id_product], [amount], [subtotal]) VALUES (52, 38, 1, 1, 42.3000)
GO
INSERT [dbo].[purchaseXProduct] ([id_purchaseXProduct], [id_purchase], [id_product], [amount], [subtotal]) VALUES (53, 38, 2, 1, 35.7200)
GO
INSERT [dbo].[purchaseXProduct] ([id_purchaseXProduct], [id_purchase], [id_product], [amount], [subtotal]) VALUES (54, 38, 3, 2, 18.8000)
GO
INSERT [dbo].[purchaseXProduct] ([id_purchaseXProduct], [id_purchase], [id_product], [amount], [subtotal]) VALUES (55, 39, 4, 1, 23.5000)
GO
INSERT [dbo].[purchaseXProduct] ([id_purchaseXProduct], [id_purchase], [id_product], [amount], [subtotal]) VALUES (56, 39, 5, 1, 51.7000)
GO
INSERT [dbo].[purchaseXProduct] ([id_purchaseXProduct], [id_purchase], [id_product], [amount], [subtotal]) VALUES (57, 40, 2, 1, 35.7200)
GO
INSERT [dbo].[purchaseXProduct] ([id_purchaseXProduct], [id_purchase], [id_product], [amount], [subtotal]) VALUES (58, 40, 4, 1, 23.5000)
GO
INSERT [dbo].[purchaseXProduct] ([id_purchaseXProduct], [id_purchase], [id_product], [amount], [subtotal]) VALUES (59, 40, 3, 1, 9.4000)
GO
INSERT [dbo].[purchaseXProduct] ([id_purchaseXProduct], [id_purchase], [id_product], [amount], [subtotal]) VALUES (60, 43, 1, 1, 42.3000)
GO
INSERT [dbo].[purchaseXProduct] ([id_purchaseXProduct], [id_purchase], [id_product], [amount], [subtotal]) VALUES (61, 43, 2, 2, 71.4400)
GO
INSERT [dbo].[purchaseXProduct] ([id_purchaseXProduct], [id_purchase], [id_product], [amount], [subtotal]) VALUES (62, 44, 1, 1, 42.3000)
GO
INSERT [dbo].[purchaseXProduct] ([id_purchaseXProduct], [id_purchase], [id_product], [amount], [subtotal]) VALUES (63, 44, 2, 1, 35.7200)
GO
INSERT [dbo].[purchaseXProduct] ([id_purchaseXProduct], [id_purchase], [id_product], [amount], [subtotal]) VALUES (64, 46, 6, 1, 141.0000)
GO
INSERT [dbo].[purchaseXProduct] ([id_purchaseXProduct], [id_purchase], [id_product], [amount], [subtotal]) VALUES (65, 47, 6, 1, 141.0000)
GO
INSERT [dbo].[purchaseXProduct] ([id_purchaseXProduct], [id_purchase], [id_product], [amount], [subtotal]) VALUES (66, 49, 9, 1, 9.4000)
GO
INSERT [dbo].[purchaseXProduct] ([id_purchaseXProduct], [id_purchase], [id_product], [amount], [subtotal]) VALUES (67, 50, 4, 1, 23.5000)
GO
INSERT [dbo].[purchaseXProduct] ([id_purchaseXProduct], [id_purchase], [id_product], [amount], [subtotal]) VALUES (68, 50, 5, 1, 51.7000)
GO
INSERT [dbo].[purchaseXProduct] ([id_purchaseXProduct], [id_purchase], [id_product], [amount], [subtotal]) VALUES (69, 51, 2, 1, 35.7200)
GO
INSERT [dbo].[purchaseXProduct] ([id_purchaseXProduct], [id_purchase], [id_product], [amount], [subtotal]) VALUES (70, 51, 3, 1, 9.4000)
GO
INSERT [dbo].[purchaseXProduct] ([id_purchaseXProduct], [id_purchase], [id_product], [amount], [subtotal]) VALUES (71, 52, 6, 1, 141.0000)
GO
INSERT [dbo].[purchaseXProduct] ([id_purchaseXProduct], [id_purchase], [id_product], [amount], [subtotal]) VALUES (72, 52, 5, 4, 206.8000)
GO
INSERT [dbo].[purchaseXProduct] ([id_purchaseXProduct], [id_purchase], [id_product], [amount], [subtotal]) VALUES (73, 53, 4, 1, 23.5000)
GO
SET IDENTITY_INSERT [dbo].[purchaseXProduct] OFF
GO
INSERT [dbo].[Store] ([id_store], [name_store], [country_store], [location_store]) VALUES (1, N'WhiskyClub Germany 1', 1, 0xE6100000010C6167836B7B11484032FA46193D262740)
GO
INSERT [dbo].[Store] ([id_store], [name_store], [country_store], [location_store]) VALUES (2, N'WhiskyClub Germany 2', 1, 0xE6100000010C0E65378F6E144940D472074DED672140)
GO
INSERT [dbo].[Store] ([id_store], [name_store], [country_store], [location_store]) VALUES (3, N'WhiskyClub Germany 3', 1, 0xE6100000010C744CD9079A794940BA93B5375FCA1B40)
GO
INSERT [dbo].[Store] ([id_store], [name_store], [country_store], [location_store]) VALUES (4, N'WhiskyClub Japan 1', 3, 0xE6100000010CA7E4B3FDF2D54140AE60160B70786140)
GO
INSERT [dbo].[Store] ([id_store], [name_store], [country_store], [location_store]) VALUES (5, N'WhiskyClub Japan 2', 3, 0xE6100000010CCB323EE063DC414026BBDF2999766140)
GO
INSERT [dbo].[Store] ([id_store], [name_store], [country_store], [location_store]) VALUES (6, N'WhiskyClub Japan 3', 3, 0xE6100000010C642141698FD54140A129D96D73786140)
GO
INSERT [dbo].[Store] ([id_store], [name_store], [country_store], [location_store]) VALUES (7, N'WhiskyClub USA 1', 2, 0xE6100000010CAD85B4731EE542403E50ADFB029A5EC0)
GO
INSERT [dbo].[Store] ([id_store], [name_store], [country_store], [location_store]) VALUES (8, N'WhiskyClub USA 2', 2, 0xE6100000010CE2FED4AF626140409F1A3DA1EA485DC0)
GO
INSERT [dbo].[Store] ([id_store], [name_store], [country_store], [location_store]) VALUES (9, N'WhiskyClub USA 3', 2, 0xE6100000010C4D0D51BB2D5D4440AB612D8E897F52C0)
GO
SET IDENTITY_INSERT [dbo].[Users] ON 
GO
INSERT [dbo].[Users] ([id_user], [nickname], [password_user], [type_user]) VALUES (1, N'andres123', 0x020074348C3E5C37880AC09AD34E299FC86770BC144B253FEC25FB581E29D86BB895CC2EC75D208E29446CFD60CBFCE881ED0A44B8238C12138B3B7D449149C990ACDA164636, 1)
GO
INSERT [dbo].[Users] ([id_user], [nickname], [password_user], [type_user]) VALUES (2, N'luis123', 0x0200996FCA024109660DA60ECC793BFEA744C2A7D1C38BCC2BBB763EB865306ED4AFCA81B2D95770D0D22F243E32E9FDD0A9C23EA6E106C8F32B019C55EDD6ACB9516B3FB878, 1)
GO
INSERT [dbo].[Users] ([id_user], [nickname], [password_user], [type_user]) VALUES (3, N'shirley123', 0x020018FFA35F3114C45422B5240A221128DD261EF8DDAC8A3513C72D3A31453F8B1484ADAAC5A8117F11274A5C0CA77A66CB6EB13A1FC37F83077E033B5DF237EEB42A1F45B0, 1)
GO
INSERT [dbo].[Users] ([id_user], [nickname], [password_user], [type_user]) VALUES (4, N'juanita123', 0x02004FF404A9F684F33C7CDED5A426A39B973A8663CD621AF20A7059414AE42207C2E15F90038DDAE1DC19B1A94624D8C722BCDF3CBFDB794096AF87CBE3361B517F51AA2326, 1)
GO
INSERT [dbo].[Users] ([id_user], [nickname], [password_user], [type_user]) VALUES (5, N'PRUEBA', 0x0200C5205BFA986DC9C9646B2F68EF8E5340B31FF007C984EEF13981320292191B2651F9828C9F89406EC736CA93B6C3B21E7D7D99707FF3AC24C3BA266F5BF71D3853597FEB, 1)
GO
INSERT [dbo].[Users] ([id_user], [nickname], [password_user], [type_user]) VALUES (6, N'valeUser', 0x02001D4C00CF80562FD5010F4E2E0DEF1F9FC7AB26CF469D1C9332CF4827DE88DBC0777897D97F51D777DA185988A7A4497F41152D24F9125F7F59EDD9005160666FFDC91B18, 1)
GO
INSERT [dbo].[Users] ([id_user], [nickname], [password_user], [type_user]) VALUES (7, N'sysadmin', 0x0200974E88C1E808FF3C903DDDA7F7AEA723B42184D01A5ABDF84F6B825020F10F14DC0E3A87E5283C1DD4CC4DCD0F1AE41F09A45CD3F4D43B9F558A55E80E1CC1ABA538FC7E, 2)
GO
SET IDENTITY_INSERT [dbo].[Users] OFF
GO
ALTER TABLE [dbo].[Client] ADD  CONSTRAINT [DF_Client_subscription_client]  DEFAULT ((1)) FOR [subscription_client]
GO
ALTER TABLE [dbo].[Client] ADD  CONSTRAINT [DF_Client_status_client]  DEFAULT ((1)) FOR [status_client]
GO
ALTER TABLE [dbo].[LocationXClient] ADD  CONSTRAINT [DF_LocationXClient_name_location]  DEFAULT ('name') FOR [name_location]
GO
ALTER TABLE [dbo].[Product] ADD  CONSTRAINT [DF__Product__special__59063A47]  DEFAULT ((0)) FOR [special_product]
GO
ALTER TABLE [dbo].[Product] ADD  CONSTRAINT [DF_Product_estado]  DEFAULT ((1)) FOR [status]
GO
ALTER TABLE [dbo].[Product] ADD  CONSTRAINT [DF_Product_amount]  DEFAULT ((0)) FOR [amount]
GO
ALTER TABLE [dbo].[purchase] ADD  CONSTRAINT [DF__purchase__subtot__3C34F16F]  DEFAULT ((0)) FOR [subtotal]
GO
ALTER TABLE [dbo].[purchase] ADD  CONSTRAINT [DF__purchase__shippi__3D2915A8]  DEFAULT ((0)) FOR [shipping]
GO
ALTER TABLE [dbo].[purchase] ADD  CONSTRAINT [DF__purchase__total__3E1D39E1]  DEFAULT ((0)) FOR [total]
GO
ALTER TABLE [dbo].[purchase] ADD  CONSTRAINT [DF__purchase__status__3F115E1A]  DEFAULT ((1)) FOR [status_purchase]
GO
ALTER TABLE [dbo].[purchase] ADD  CONSTRAINT [DF_purchase_store]  DEFAULT ((1)) FOR [store]
GO
ALTER TABLE [dbo].[Client]  WITH CHECK ADD  CONSTRAINT [FK__Client__country___4CA06362] FOREIGN KEY([country_client])
REFERENCES [dbo].[CatalogCountry] ([id_Country])
GO
ALTER TABLE [dbo].[Client] CHECK CONSTRAINT [FK__Client__country___4CA06362]
GO
ALTER TABLE [dbo].[Client]  WITH CHECK ADD  CONSTRAINT [FK__Client__subscrip__4D94879B] FOREIGN KEY([subscription_client])
REFERENCES [dbo].[CatalogSubscription] ([id_subscription])
GO
ALTER TABLE [dbo].[Client] CHECK CONSTRAINT [FK__Client__subscrip__4D94879B]
GO
ALTER TABLE [dbo].[Client]  WITH CHECK ADD  CONSTRAINT [FK__Client__user_cre__71D1E811] FOREIGN KEY([user_credentials])
REFERENCES [dbo].[Users] ([id_user])
GO
ALTER TABLE [dbo].[Client] CHECK CONSTRAINT [FK__Client__user_cre__71D1E811]
GO
ALTER TABLE [dbo].[imagesProduct]  WITH CHECK ADD  CONSTRAINT [FK__imagesPro__image__46E78A0C] FOREIGN KEY([id_image])
REFERENCES [dbo].[Product] ([id_product])
GO
ALTER TABLE [dbo].[imagesProduct] CHECK CONSTRAINT [FK__imagesPro__image__46E78A0C]
GO
ALTER TABLE [dbo].[locationXCliente]  WITH CHECK ADD FOREIGN KEY([id_Client])
REFERENCES [dbo].[Client] ([id_client])
GO
ALTER TABLE [dbo].[purchase]  WITH CHECK ADD  CONSTRAINT [FK__purchase__client__40058253] FOREIGN KEY([client_purchase])
REFERENCES [dbo].[Client] ([id_client])
GO
ALTER TABLE [dbo].[purchase] CHECK CONSTRAINT [FK__purchase__client__40058253]
GO
ALTER TABLE [dbo].[purchase]  WITH CHECK ADD  CONSTRAINT [FK__purchase__status__40F9A68C] FOREIGN KEY([status_purchase])
REFERENCES [dbo].[CatalogStatusPurchase] ([id_StatusPurchase])
GO
ALTER TABLE [dbo].[purchase] CHECK CONSTRAINT [FK__purchase__status__40F9A68C]
GO
ALTER TABLE [dbo].[purchaseXProduct]  WITH CHECK ADD  CONSTRAINT [FK__purchaseX__id_pr__44CA3770] FOREIGN KEY([id_product])
REFERENCES [dbo].[Product] ([id_product])
GO
ALTER TABLE [dbo].[purchaseXProduct] CHECK CONSTRAINT [FK__purchaseX__id_pr__44CA3770]
GO
ALTER TABLE [dbo].[purchaseXProduct]  WITH CHECK ADD  CONSTRAINT [FK__purchaseX__subto__43D61337] FOREIGN KEY([id_purchase])
REFERENCES [dbo].[purchase] ([id_purchase])
GO
ALTER TABLE [dbo].[purchaseXProduct] CHECK CONSTRAINT [FK__purchaseX__subto__43D61337]
GO
ALTER TABLE [dbo].[Store]  WITH CHECK ADD  CONSTRAINT [FK__Store__country_s__49C3F6B7] FOREIGN KEY([country_store])
REFERENCES [dbo].[CatalogCountry] ([id_Country])
GO
ALTER TABLE [dbo].[Store] CHECK CONSTRAINT [FK__Store__country_s__49C3F6B7]
GO
ALTER TABLE [dbo].[Users]  WITH CHECK ADD FOREIGN KEY([type_user])
REFERENCES [dbo].[CatalogUserType] ([id_UserType])
GO
/****** Object:  StoredProcedure [dbo].[AddProduct]    Script Date: 6/16/2022 5:09:00 PM ******/
SET ANSI_NULLS ON
GO
SET QUOTED_IDENTIFIER ON
GO
CREATE PROCEDURE [dbo].[AddProduct]
@productName nvarchar(50), 
@whiskyType INT, 
@ageProduct INT,
@containerType INT, 
@idDistillery int, 
@price int, 
@exclusivity bit,
@image	VARBINARY(MAX),
@amount INT
AS
DECLARE
@lastInsertedProduct INT
	IF @productName IS NULL or @whiskyType IS NULL OR @ageProduct IS NULL OR @containerType IS NULL OR @idDistillery IS NULL OR
	@price IS NULL OR @exclusivity IS NULL OR @image IS NULL OR @amount IS NULL 
	BEGIN
		PRINT 1
		RETURN 1 --'One or more paramters are null'
		
	END
	ELSE
	IF (SELECT COUNT(*) FROM [WhiskyClubCentral].[dbo].[CatalogContainer] WHERE id_Container = @containerType) <= 0
	BEGIN
		PRINT 2
		RETURN 2 --'Invalid container type'
	END
	ELSE
	IF (SELECT COUNT(*) FROM [WhiskyClubCentral].[dbo].[CatalogDistillery] WHERE id_Distillery = @idDistillery) <= 0
	BEGIN
		PRINT 3
		RETURN 3 --'Invalid distillery ID'
	END
	ELSE
	IF (SELECT COUNT(*) FROM [WhiskyClubCentral].[dbo].[CatalogProductType] WHERE id_ProductType = @whiskyType) <= 0
	BEGIN
		PRINT 4
		RETURN 4 --'Invalid product type'
	END
	ELSE
	BEGIN
		INSERT INTO [WhiskyClubCentral].[dbo].[Product] (
		name_product,
		type_product,
		aged_product,
		distillery_product,
		container_product,
		price_product,
		special_product,
		status,
		amount,
		image
		) VALUES (
		@productName,
		@whiskyType,
		@ageProduct,
		@idDistillery,
		@containerType,
		@price,
		@exclusivity,
		1,
		@amount,
		@image
		)

		SET @lastInsertedProduct = (SELECT TOP 1 id_product FROM [WhiskyClubCentral].[dbo].[Product] ORDER BY id_product DESC)

		

		INSERT INTO [WhiskyGermany].[dbo].[Product]
				   ([id_product]
				   ,[name_product]
				   ,[type_product]
				   ,[aged_product]
				   ,[container_product]
				   ,[price_product]
				   ,[special_product]
				   ,image)
			 VALUES
				   (@lastInsertedProduct
				   ,@productName
				   ,@whiskyType
				   ,@ageProduct
				   ,@containerType
				   ,@price
				   ,@exclusivity,
				   @image)

		INSERT INTO [WhiskyJapan].[dbo].[Product]
				   ([id_product]
				   ,[name_product]
				   ,[type_product]
				   ,[aged_product]
				   ,[container_product]
				   ,[price_product]
				   ,[special_product]
				   ,image)
			 VALUES
				   (@lastInsertedProduct
				   ,@productName
				   ,@whiskyType
				   ,@ageProduct
				   ,@containerType
				   ,@price
				   ,@exclusivity
				   ,@image)

		INSERT INTO [WhiskyUS].[dbo].[Product]
				   ([id_product]
				   ,[name_product]
				   ,[type_product]
				   ,[aged_product]
				   ,[container_product]
				   ,[price_product]
				   ,[special_product]
				   ,image)
			 VALUES
				   (@lastInsertedProduct
				   ,@productName
				   ,@whiskyType
				   ,@ageProduct
				   ,@containerType
				   ,@price
				   ,@exclusivity
				   ,@image)
		END
GO
/****** Object:  StoredProcedure [dbo].[AddProductToStore]    Script Date: 6/16/2022 5:09:00 PM ******/
SET ANSI_NULLS ON
GO
SET QUOTED_IDENTIFIER ON
GO
CREATE PROCEDURE [dbo].[AddProductToStore]
@idStore INT,
@amount INT
AS
DECLARE
@lastInsertedProduct INT,
@IdCountryStore INT
    IF  @idStore IS NULL OR @amount IS NULL 
    BEGIN
        RETURN 1 --'One or more paramters are null'
    END
    SET @lastInsertedProduct = (SELECT TOP 1 id_product FROM [WhiskyClubCentral].[dbo].[Product] ORDER BY id_product DESC)
    IF (@lastInsertedProduct IS NULL)
    BEGIN
        RETURN 2 --'No products in the database'
    END

    SET @IdCountryStore = (SELECT country_store FROM [WhiskyClubCentral].[dbo].[Store] WHERE id_store = @idStore)

    IF @IdCountryStore = 1 --Store is from Germany
    BEGIN
        INSERT INTO [WhiskyGermany].[dbo].[ProductxStore] (aumount,id_store,id_product) VALUES (@amount,@idStore,@lastInsertedProduct)
    END
    ELSE
    IF @IdCountryStore = 2 --Store is from the United States
    BEGIN
       INSERT INTO [WhiskyUS].[dbo].[ProductxStore] (aumount,id_store,id_product) VALUES (@amount,@idStore,@lastInsertedProduct)
    END
    ELSE
    IF @IdCountryStore = 3 --Store is from Japan
    BEGIN
        INSERT INTO [WhiskyJapan].[dbo].[ProductxStore] (aumount,id_store,id_product) VALUES (@amount,@idStore,@lastInsertedProduct)
    END
    RETURN 0
GO
/****** Object:  StoredProcedure [dbo].[ChangeAccountSubscription]    Script Date: 6/16/2022 5:09:00 PM ******/
SET ANSI_NULLS ON
GO
SET QUOTED_IDENTIFIER ON
GO

CREATE PROCEDURE [dbo].[ChangeAccountSubscription] 
@username nvarchar(64),
@newPlan int
AS
DECLARE @IdClient int,
@country_id INT

EXEC @IdClient = FindUserByNickname @nickname = @username

SET @country_id = (SELECT country_client FROM [WhiskyClubCentral].[dbo].[Client] WHERE id_client = @IdClient)

UPDATE [WhiskyClubCentral].[dbo].[Client] SET subscription_client = @newPlan WHERE id_client = @IdClient

IF (@country_id = 1) --Client is from Germany
        BEGIN
            UPDATE [WhiskyGermany].[dbo].[Client] SET subscription_client = @newPlan WHERE id_client = @IdClient
        END
        ELSE
        IF (@country_id = 2) --Client is from the United States
        BEGIN
            UPDATE [WhiskyUS].[dbo].[Client] SET subscription_client = @newPlan WHERE id_client = @IdClient
        END
        IF (@country_id = 3) --Client is from Japan
        BEGIN
            UPDATE [WhiskyJapan].[dbo].[Client] SET subscription_client = @newPlan WHERE id_client = @IdClient
        END



GO
/****** Object:  StoredProcedure [dbo].[consultProducts]    Script Date: 6/16/2022 5:09:00 PM ******/
SET ANSI_NULLS ON
GO
SET QUOTED_IDENTIFIER ON
GO
CREATE PROCEDURE [dbo].[consultProducts]
@id_client INT
AS
BEGIN
	SET NOCOUNT ON; 
DECLARE	
	@error INT,
	@id_subs INT,
	@id_product_cursor INT, --for products cicle
	@id_store_cursor INT, --for storexproducts cicle
	@client_location geography,
	@client_country INT,
	@cliente_money_equi FLOAT,
	@product_id INT,
	@product_name VARCHAR(128),
	@product_type VARCHAR(128),
	@product_aged INT,
	@destilley VARCHAR(128),
	@product_container VARCHAR(128),
	@product_price MONEY,
	@product_amount MONEY,
	@product_distance FLOAT,
	@product_status BIT,
	@product_special VARCHAR(128),
	--
	@nearbyStore VARCHAR(128),
	@nearbyCountry VARCHAR(128),
	@money_type VARCHAR(128),
	--Stores (validate distance)
	@store_id INT, 
	@store_name VARCHAR(128),
	@store_distance FLOAT,
	@store_location GEOGRAPHY,
	@store_country VARCHAR(128)


DECLARE @result TABLE
	(product_code INT, 
	 product_name VARCHAR(128),
	 product_type VARCHAR(128),
	 product_aged INT,
	 destilley VARCHAR(128),
	 product_container VARCHAR(128),
	 product_price MONEY,
	 amount INT,
	 nearbyStore VARCHAR(128),
	 nearbyCountry VARCHAR(128),
	 nearbyDistance FLOAT,
	 money_type VARCHAR(128),
	 statusProduct VARCHAR(128)
	)

DECLARE @distanceAux TABLE
	(store_name VARCHAR(128),
	 store_country VARCHAR(128),
	 store_distance FLOAT
	)

	SET @error = 0

	--values not null
	IF (@id_client IS NULL)
		BEGIN
			SET @error = 1 --null value
			RETURN @error
		END

	--client exists?
	IF (SELECT COUNT(*) FROM Client WHERE [id_client] = @id_client AND [status_client] = 1) = 0
		BEGIN
			SET @error = 1 --client not exist
			RETURN @error
		END

	--GET LOCATION:
	SELECT @client_location = [location_client] FROM [dbo].[Client] WHERE [id_client] = @id_client AND [status_client] = 1
	--GET COUNTRY
	SELECT @client_country = [country_client] FROM [dbo].[Client] WHERE [id_client] = @id_client AND [status_client] = 1
	--GET MONEY EQUIVALENCE 
	SELECT @cliente_money_equi = [dollar_equivalent] FROM [dbo].[CatalogCountry] WHERE [id_Country] = @client_country
	--GET MONEY TYPE
	SELECT @money_type = [money_type] FROM [dbo].[CatalogCountry] WHERE [id_Country] = @client_country
	--GET SUB
	SELECT @id_subs =  [subscription_client]  FROM [dbo].[Client] WHERE [id_client] = @id_client AND [status_client] = 1



	--CICLE
	SELECT @id_product_cursor = MIN([id_product]) FROM [dbo].[Product]
	WHILE  @id_product_cursor IS NOT NULL
	
	BEGIN
	DELETE FROM @distanceAux
		--GET NEARBY STORE
		--1- GERMANY
		SELECT @id_store_cursor = MIN([id_productxStore]) FROM [WhiskyGermany].[dbo].[ProductxStore]
		WHILE  @id_store_cursor IS NOT NULL
		BEGIN
			IF (SELECT COUNT(*) FROM [WhiskyGermany].[dbo].[ProductxStore] 
				WHERE  [id_store] = @id_store_cursor AND [id_product] = @id_product_cursor AND [aumount] > 0)>  0
				BEGIN
					SET @store_id = @id_store_cursor
					SELECT @store_name = [name_store], @store_location = [location_store], @store_country = [name_Country]
							FROM [dbo].[Store] 
							INNER JOIN [dbo].[CatalogCountry] ON [country_store] = [id_Country]
							WHERE [id_store] = @store_id 
					SET @store_distance = @store_location.STDistance(@client_location)
				END

			INSERT INTO @distanceAux 
				VALUES(@store_name,@store_country,@store_distance)
			SET @id_store_cursor = (SELECT MIN([id_productxStore]) FROM [WhiskyGermany].[dbo].[ProductxStore] 
								WHERE [id_product] > @id_store_cursor) --NEXT STORE
			
			PRINT @id_store_cursor;
		END--END WHILE STORE
		--GET NEARBY STORE
		--2- EEUU
		--3- JAPAN
		--SELECT NEARBY STORE
		SELECT @nearbyStore = store_name, @nearbyCountry = store_country, @store_distance = store_distance 
				FROM @distanceAux WHERE store_distance = (SELECT MIN(store_distance) FROM @distanceAux )

		--
		IF (SELECT [status] FROM [dbo].[Product] WHERE [id_product] = @id_product_cursor) = 1
			AND
			((SELECT [special_product] FROM [dbo].[Product] WHERE [id_product] = @id_product_cursor) = 0 OR @id_subs = 3 OR @id_subs = 4)
			AND 
			(SELECT [amount] FROM [dbo].[Product] WHERE [id_product] = @id_product_cursor) > 1
			BEGIN
			--UPDATE VALUES
				SELECT 
					 @product_id = [id_product]
					,@product_name = [name_product]
					,@product_type = [dbo].[CatalogProductType].name_ProductType
					,@product_aged = [aged_product]
					,@destilley = [dbo].[CatalogDistillery].name_Distillery
					,@product_container = [dbo].[CatalogContainer].description_Container
					,@product_price = ([price_product]*@cliente_money_equi)
					,@product_amount = [amount]
					,@product_status = [special_product]
				FROM [dbo].[Product] 
				INNER JOIN  [dbo].[CatalogProductType] ON [type_product] = [id_ProductType]
				INNER JOIN  [dbo].[CatalogDistillery] ON [distillery_product] = [id_Distillery]
				INNER JOIN  [dbo].[CatalogContainer] ON [container_product] = [id_Container]
				WHERE [status] = 1 AND ([special_product] = 0 OR @id_subs = 3 OR @id_subs = 4) AND [id_product] = @id_product_cursor AND [amount] > 0 

				IF (@product_status = 1)
					SET @product_special = 'SPECIAL'
				ELSE
					SET @product_special = 'NORMAL'
				--insert to result
				INSERT INTO @result VALUES
							(@id_product_cursor,--product_code
							 @product_name,		--product_name
							 @product_type,		--product_type 
							 @product_aged,		--product_aged
							 @destilley,		--destilley 
							 @product_container, --product_container 
							 @product_price,	--product_price 
							 @product_amount,	--amount 
							 @nearbyStore,		--nearbyStore
							 @nearbyCountry,	--nearbyCountry 
							 @store_distance/1000,
							 @money_type,
							 @product_special)

			END
		
		SET @id_product_cursor = (SELECT MIN([id_product]) FROM [dbo].[Product] WHERE [id_product] > @id_product_cursor) --NEXT PRODUCT
	END --end while

	SELECT * FROM @result


print @error;
RETURN @error
END
GO
/****** Object:  StoredProcedure [dbo].[consultProductsParameters]    Script Date: 6/16/2022 5:09:00 PM ******/
SET ANSI_NULLS ON
GO
SET QUOTED_IDENTIFIER ON
GO
CREATE PROCEDURE [dbo].[consultProductsParameters]
@id_client INT,
@id_productType_ INT,
@product_name_ VARCHAR(128),
@lowPrice_ INT,
@higPrice_ INT,
@distance_ INT,
@order_ INT
AS
BEGIN
	SET NOCOUNT ON; 
DECLARE	
	@error INT,
	@id_product_cursor INT, --for products cicle
	@id_store_cursor INT, --for storexproducts cicle
	@client_location geography,
	@client_country INT,
	@cliente_money_equi FLOAT,
	@product_id INT,
	@product_name VARCHAR(128),
	@product_type VARCHAR(128),
	@product_aged INT,
	@destilley VARCHAR(128),
	@product_container VARCHAR(128),
	@product_price MONEY,
	@product_amount MONEY,
	@id_subs INT,
	@product_status BIT,
	--
	@nearbyStore VARCHAR(128),
	@nearbyCountry VARCHAR(128),
	@money_type VARCHAR(128),
	--Stores (validate distance)
	@store_id INT, 
	@store_name VARCHAR(128),
	@store_distance FLOAT,
	@store_location GEOGRAPHY,
	@store_country VARCHAR(128),
	@product_special  VARCHAR(128)

DECLARE @result TABLE
	(product_code INT, 
	 product_name VARCHAR(128),
	 product_type VARCHAR(128),
	 product_aged INT,
	 destilley VARCHAR(128),
	 product_container VARCHAR(128),
	 product_price MONEY,
	 amount INT,
	 nearbyStore VARCHAR(128),
	 nearbyCountry VARCHAR(128),
	 nearbyLocation FLOAT,
	 money_type VARCHAR(128),
	 statusProduct  VARCHAR(128)
	)

DECLARE @distanceAux TABLE
	(store_name VARCHAR(128),
	 store_country VARCHAR(128),
	 store_distance FLOAT
	)

	SET @error = 0

	
	--values not null
	IF (@id_client IS NULL)
		BEGIN
			SET @error = 1 --null value
			RETURN @error
		END

	--client exists?
	IF (SELECT COUNT(*) FROM Client WHERE [id_client] = @id_client AND [status_client] = 1) = 0
		BEGIN
			SET @error = 1 --client not exist
			RETURN @error
		END

	--GET LOCATION:
	SELECT @client_location = [location_client] FROM [dbo].[Client] WHERE [id_client] = @id_client AND [status_client] = 1
	--GET COUNTRY
	SELECT @client_country = [country_client] FROM [dbo].[Client] WHERE [id_client] = @id_client AND [status_client] = 1
	--GET MONEY EQUIVALENCE 
	SELECT @cliente_money_equi = [dollar_equivalent] FROM [dbo].[CatalogCountry] WHERE [id_Country] = @client_country
	--GET MONEY TYPE
	SELECT @money_type = [money_type] FROM [dbo].[CatalogCountry] WHERE [id_Country] = @client_country
	--GET SUB
	SELECT @id_subs =  [subscription_client]  FROM [dbo].[Client] WHERE [id_client] = @id_client AND [status_client] = 1


	--CICLE
	SELECT @id_product_cursor = MIN([id_product]) FROM [dbo].[Product]
	WHILE  @id_product_cursor IS NOT NULL
	BEGIN
	DELETE FROM @distanceAux
		IF (((SELECT [name_product] FROM [dbo].[Product] WHERE [id_product]=@id_product_cursor) LIKE '%'+@product_name_+'%') OR (@product_name_ = '')) --BY NAME
			AND (((SELECT [type_product] FROM [dbo].[Product] WHERE [id_product]=@id_product_cursor) = @id_productType_) OR (@id_productType_ = 0)) --BY TYPE
			AND (((SELECT [price_product] FROM [dbo].[Product] WHERE [id_product]=@id_product_cursor) >= @lowPrice_) OR (@lowPrice_ = '')) --low price
			AND (((SELECT [price_product] FROM [dbo].[Product] WHERE [id_product]=@id_product_cursor) <= @higPrice_) OR (@higPrice_ = '')) --high price
			AND (((SELECT [price_product] FROM [dbo].[Product] WHERE [id_product]=@id_product_cursor) BETWEEN @lowPrice_ AND @higPrice_ ) OR (@lowPrice_ = '' OR @higPrice_ = '')) --high price
			AND (SELECT [status] FROM [dbo].[Product] WHERE [id_product] = @id_product_cursor) = 1
			AND((SELECT [special_product] FROM [dbo].[Product] WHERE [id_product] = @id_product_cursor) = 0 OR @id_subs = 3 OR @id_subs = 4)
			AND (SELECT [amount] FROM [dbo].[Product] WHERE [id_product] = @id_product_cursor) > 1
			--validar aqui
			
			
			BEGIN
				--GET NEARBY STORE
		--1- GERMANY
		SELECT @id_store_cursor = MIN([id_productxStore]) FROM [WhiskyGermany].[dbo].[ProductxStore]
		WHILE  @id_store_cursor IS NOT NULL
		BEGIN
			IF (SELECT COUNT(*) FROM [WhiskyGermany].[dbo].[ProductxStore] 
				WHERE  [id_store] = @id_store_cursor AND [id_product] = @id_product_cursor AND [aumount] > 0)>  0
				BEGIN
					SET @store_id = @id_store_cursor
					SELECT @store_name = [name_store], @store_location = [location_store], @store_country = [name_Country]
							FROM [dbo].[Store] 
							INNER JOIN [dbo].[CatalogCountry] ON [country_store] = [id_Country]
							WHERE [id_store] = @store_id 
					SET @store_distance = @store_location.STDistance(@client_location)
				END

			INSERT INTO @distanceAux 
				VALUES(@store_name,@store_country,@store_distance)
			SET @id_store_cursor = (SELECT MIN([id_productxStore]) FROM [WhiskyGermany].[dbo].[ProductxStore] 
								WHERE [id_product] > @id_store_cursor) --NEXT STORE
			
			PRINT @id_store_cursor;
		END--END WHILE STORE
		--GET NEARBY STORE
		--2- EEUU
		--3- JAPAN
		--SELECT NEARBY STORE
		SELECT @nearbyStore = store_name, @nearbyCountry = store_country, @store_distance = store_distance 
				FROM @distanceAux WHERE store_distance = (SELECT MIN(store_distance) FROM @distanceAux )

		IF ((@store_distance/1000) < @distance_) OR (@distance_ = '')
			BEGIN
				--UPDATE VALUES
				SELECT 
					 @product_id = [id_product]
					,@product_name = [name_product]
					,@product_type = [dbo].[CatalogProductType].name_ProductType
					,@product_aged = [aged_product]
					,@destilley = [dbo].[CatalogDistillery].name_Distillery
					,@product_container = [dbo].[CatalogContainer].description_Container
					,@product_price = ([price_product]*@cliente_money_equi)
					,@product_amount = [amount]
					,@product_status = [special_product]
				FROM [dbo].[Product] 
				INNER JOIN  [dbo].[CatalogProductType] ON [type_product] = [id_ProductType]
				INNER JOIN  [dbo].[CatalogDistillery] ON [distillery_product] = [id_Distillery]
				INNER JOIN  [dbo].[CatalogContainer] ON [container_product] = [id_Container]
				WHERE [id_product] = @id_product_cursor
		
				IF (@product_status = 1)
					SET @product_special = 'SPECIAL'
				ELSE
					SET @product_special = 'NORMAL'

				--insert to result
				INSERT INTO @result VALUES
							(@id_product_cursor,--product_code
							 @product_name,		--product_name
							 @product_type,		--product_type 
							 @product_aged,		--product_aged
							 @destilley,		--destilley 
							 @product_container, --product_container 
							 @product_price,	--product_price 
							 @product_amount,	--amount 
							 @nearbyStore,		--nearbyStore
							 @nearbyCountry,	--nearbyCountry 
							 (@store_distance/1000),
							 @money_type,
							 @product_special)
					END

			END --END IF
		
		

		SET @id_product_cursor = (SELECT MIN([id_product]) FROM [dbo].[Product] WHERE [id_product] > @id_product_cursor) --NEXT PRODUCT
	END --end while

	IF (@order_ = 2)
		BEGIN
			--price priority
			IF (@lowPrice_ != '' or @higPrice_ != '')
				BEGIN
					SELECT * FROM @result ORDER BY product_price DESC
					RETURN @error;
				END

			--distance
			IF (@distance_ != '')
				BEGIN
					SELECT * FROM @result ORDER BY nearbyLocation DESC
					RETURN @error;
				END
			--type
			IF (@id_productType_ != 0)
				BEGIN
					SELECT * FROM @result ORDER BY product_type DESC
					RETURN @error;
				END
			--nombre
			IF (@product_name_ != '')
				BEGIN
					SELECT * FROM @result ORDER BY product_name DESC
					RETURN @error;
				END
		END

	IF (@order_ = 1)
		BEGIN
			--price priority
			IF (@lowPrice_ != '' or @higPrice_ != '')
				BEGIN
					SELECT * FROM @result ORDER BY product_price ASC
					RETURN @error;
				END

			--distance
			IF (@distance_ != '')
				BEGIN
					SELECT * FROM @result ORDER BY nearbyLocation ASC
					RETURN @error;
				END
			--type
			IF (@id_productType_ != 0)
				BEGIN
					SELECT * FROM @result ORDER BY product_type ASC
					RETURN @error;
				END
			--nombre
			IF (@product_name_ != '')
				BEGIN
					SELECT * FROM @result ORDER BY product_name ASC
					RETURN @error;
				END
		END
		SELECT * FROM @result

print @error;
RETURN @error
END
GO
/****** Object:  StoredProcedure [dbo].[consultProductsXStore]    Script Date: 6/16/2022 5:09:00 PM ******/
SET ANSI_NULLS ON
GO
SET QUOTED_IDENTIFIER ON
GO
CREATE PROCEDURE [dbo].[consultProductsXStore]
@id_client INT,
@id_store_ INT
AS
BEGIN
	SET NOCOUNT ON; 
DECLARE	
	@error INT,
	@id_product_cursor INT, --for products cicle
	@id_store_cursor INT, --for storexproducts cicle
	@client_location geography,
	@client_country INT,
	@cliente_money_equi FLOAT,
	@product_id INT,
	@product_name VARCHAR(128),
	@product_type VARCHAR(128),
	@product_aged INT,
	@destilley VARCHAR(128),
	@product_container VARCHAR(128),
	@product_price MONEY,
	@product_amount MONEY,
	@id_subs INT,
	@product_status BIT,
	--
	@nearbyStore VARCHAR(128),
	@nearbyCountry VARCHAR(128),
	@money_type VARCHAR(128),
	--Stores (validate distance)
	@store_id INT, 
	@store_name VARCHAR(128),
	@store_distance FLOAT,
	@store_location GEOGRAPHY,
	@store_country VARCHAR(128),
	@product_special  VARCHAR(128)

DECLARE @result TABLE
	(product_code INT, 
	 product_name VARCHAR(128),
	 product_type VARCHAR(128),
	 product_aged INT,
	 destilley VARCHAR(128),
	 product_container VARCHAR(128),
	 product_price MONEY,
	 amount INT,
	 idStore INT,
	 money_type VARCHAR(128),
	 statusProduct  VARCHAR(128),
	 nearbyStore  VARCHAR(128)
	)
	SET @error = 0

	
	--values not null
	IF (@id_client IS NULL)
		BEGIN
			SET @error = 1 --null value
			RETURN @error
		END

	--client exists?
	IF (SELECT COUNT(*) FROM Client WHERE [id_client] = @id_client AND [status_client] = 1) = 0
		BEGIN
			SET @error = 1 --client not exist
			RETURN @error
		END

	--GET LOCATION:
	SELECT @client_location = [location_client] FROM [dbo].[Client] WHERE [id_client] = @id_client AND [status_client] = 1
	--GET COUNTRY
	SELECT @client_country = [country_client] FROM [dbo].[Client] WHERE [id_client] = @id_client AND [status_client] = 1
	--GET MONEY EQUIVALENCE 
	SELECT @cliente_money_equi = [dollar_equivalent] FROM [dbo].[CatalogCountry] WHERE [id_Country] = @client_country
	--GET MONEY TYPE
	SELECT @money_type = [money_type] FROM [dbo].[CatalogCountry] WHERE [id_Country] = @client_country
	--GET SUB
	SELECT @id_subs =  [subscription_client]  FROM [dbo].[Client] WHERE [id_client] = @id_client AND [status_client] = 1
	SELECT @nearbyStore =  [name_store] from [dbo].[Store] where [id_store] = @id_store_

	--GERMANY
	IF (@id_store_ = 1 OR @id_store_ = 2 OR @id_store_ = 3)
		BEGIN
			SELECT @id_store_cursor = MIN([id_productxStore]) FROM [WhiskyGermany].[dbo].[ProductxStore]
			WHILE  @id_store_cursor IS NOT NULL
			BEGIN
				IF(SELECT [id_store] FROM [WhiskyGermany].[dbo].[ProductxStore] 
					WHERE [id_productxStore]=@id_store_cursor)=@id_store_
					BEGIN
					--SELECT PRODUC ID
					SELECT @product_id = [id_product] FROM  [WhiskyGermany].[dbo].[ProductxStore] WHERE [id_productxStore]=@id_store_cursor
					--STATUS TRUE?
					--AMOUNTA > 0?
					IF (SELECT [aumount] FROM [WhiskyGermany].[dbo].[ProductxStore] WHERE [id_productxStore]=@id_store_cursor) > 0
						AND (SELECT [status] FROM [WhiskyClubCentral].[dbo].[Product]  WHERE [id_product] =@product_id) = 1
						AND ((SELECT [special_product] FROM [WhiskyClubCentral].[dbo].[Product]  WHERE [id_product] =@product_id) = 0 OR @id_subs=3 or @id_subs=4)
						BEGIN
						SELECT 
						   @product_amount=[aumount]
						  ,@product_id = [WhiskyGermany].[dbo].[ProductxStore].[id_product]
						  ,@product_name=[name_product]
						  ,@product_type=[dbo].[CatalogProductType].name_ProductType
						  ,@product_aged = [aged_product]
						  ,@destilley = [dbo].[CatalogDistillery].name_Distillery
						  ,@product_container = [dbo].[CatalogContainer].description_Container
						  ,@product_price = ([price_product]*@cliente_money_equi)
						  ,@product_special = [special_product]
						  ,@product_amount = [WhiskyGermany].[dbo].[ProductxStore].[aumount]

					  FROM [WhiskyGermany].[dbo].[ProductxStore]
					  INNER JOIN [WhiskyClubCentral].[dbo].[Product] ON [WhiskyClubCentral].[dbo].[Product].[id_product] = [WhiskyGermany].[dbo].[ProductxStore].id_product
					  INNER JOIN  [dbo].[CatalogProductType] ON [type_product] = [id_ProductType]
					  INNER JOIN  [dbo].[CatalogDistillery] ON [distillery_product] = [id_Distillery]
					  INNER JOIN  [dbo].[CatalogContainer] ON [container_product] = [id_Container]
					  WHERE [aumount] > 0 AND [id_store] = @id_store_ AND [status] = 1 AND [id_store] = @id_store_ AND [id_productxStore]=@id_store_cursor
					  AND ([WhiskyClubCentral].[dbo].[Product].[special_product] = 0 or @id_subs=3 or @id_subs=4)

				  

					   --insert to result
					INSERT INTO @result VALUES
								(@product_id,--product_code
								@product_name,		--product_name
								@product_type,		--product_type 
								@product_aged,		--product_aged
								@destilley,		--destilley 
								@product_container, --product_container 
								@product_price,	--product_price 
								@product_amount,	--amount 
								@id_store_,		--nearbyStore
								@money_type,
								@product_special,
								@nearbyStore)
					END
					END
				
			SELECT @id_store_cursor = MIN([id_productxStore]) FROM [WhiskyGermany].[dbo].[ProductxStore] WHERE [id_productxStore] > @id_store_cursor
			END--END WHILE STORE
			SELECT * FROM @result
			RETURN 0;

		END--END GERMANY 

		--JAPAN
	IF (@id_store_ = 4 OR @id_store_ = 5 OR @id_store_ = 6)
		BEGIN
			SELECT @id_store_cursor = MIN([id_productxStore]) FROM [WhiskyJapan].[dbo].[ProductxStore]
			WHILE  @id_store_cursor IS NOT NULL
			BEGIN
				IF(SELECT [id_store] FROM [WhiskyJapan].[dbo].[ProductxStore] 
					WHERE [id_productxStore]=@id_store_cursor)=@id_store_
					BEGIN
					--SELECT PRODUC ID
					SELECT @product_id = [id_product] FROM  [WhiskyJapan].[dbo].[ProductxStore] WHERE [id_productxStore]=@id_store_cursor
					--STATUS TRUE?
					--AMOUNTA > 0?
					IF (SELECT [aumount] FROM [WhiskyJapan].[dbo].[ProductxStore] WHERE [id_productxStore]=@id_store_cursor) > 0
						AND (SELECT [status] FROM [WhiskyClubCentral].[dbo].[Product]  WHERE [id_product] =@product_id) = 1
						AND ((SELECT [special_product] FROM [WhiskyClubCentral].[dbo].[Product]  WHERE [id_product] =@product_id) = 0 OR @id_subs=3 or @id_subs=4)
					BEGIN
					SELECT 
					   @product_amount=[aumount]
					  ,@product_id = [WhiskyJapan].[dbo].[ProductxStore].[id_product]
					  ,@product_name=[name_product]
					  ,@product_type=[dbo].[CatalogProductType].name_ProductType
					  ,@product_aged = [aged_product]
					  ,@destilley = [dbo].[CatalogDistillery].name_Distillery
					  ,@product_container = [dbo].[CatalogContainer].description_Container
					  ,@product_price = ([price_product]*@cliente_money_equi)
					  ,@product_special = [special_product]
					  ,@product_amount = [WhiskyJapan].[dbo].[ProductxStore].[aumount]
				  FROM [WhiskyJapan].[dbo].[ProductxStore]
				  INNER JOIN [WhiskyClubCentral].[dbo].[Product] ON [WhiskyClubCentral].[dbo].[Product].[id_product] = [WhiskyJapan].[dbo].[ProductxStore].id_product
				  INNER JOIN  [dbo].[CatalogProductType] ON [type_product] = [id_ProductType]
				  INNER JOIN  [dbo].[CatalogDistillery] ON [distillery_product] = [id_Distillery]
				  INNER JOIN  [dbo].[CatalogContainer] ON [container_product] = [id_Container]
				  WHERE [aumount] > 0 AND [id_store] = @id_store_ AND [status] = 1 AND [id_store] = @id_store_ AND [id_productxStore]=@id_store_cursor
				  AND ([WhiskyClubCentral].[dbo].[Product].[special_product] = 0 or @id_subs=3 or @id_subs=4)

				   --insert to result
				INSERT INTO @result VALUES
							(@product_id,--product_code
							@product_name,		--product_name
							@product_type,		--product_type 
							@product_aged,		--product_aged
							@destilley,		--destilley 
							@product_container, --product_container 
							@product_price,	--product_price 
							@product_amount,	--amount 
							@id_store_,		--nearbyStore
							@money_type,
							@product_special,
							@nearbyStore)
					END
					END
				
			SELECT @id_store_cursor = MIN([id_productxStore]) FROM [WhiskyJapan].[dbo].[ProductxStore] WHERE [id_productxStore] > @id_store_cursor
			END--END WHILE STORE
			SELECT * FROM @result
			RETURN 0;

		END--END JAPAN

			--EU
	IF (@id_store_ = 4 OR @id_store_ = 5 OR @id_store_ = 6)
		BEGIN
			SELECT @id_store_cursor = MIN([id_productxStore]) FROM [WhiskyUS].[dbo].[ProductxStore]
			WHILE  @id_store_cursor IS NOT NULL
			BEGIN
				IF(SELECT [id_store] FROM [WhiskyUS].[dbo].[ProductxStore] 
					WHERE [id_productxStore]=@id_store_cursor)=@id_store_
					BEGIN
					--SELECT PRODUC ID
					SELECT @product_id = [id_product] FROM  [WhiskyUS].[dbo].[ProductxStore] WHERE [id_productxStore]=@id_store_cursor
					--STATUS TRUE?
					--AMOUNTA > 0?
					IF (SELECT [aumount] FROM [WhiskyUS].[dbo].[ProductxStore] WHERE [id_productxStore]=@id_store_cursor) > 0
						AND (SELECT [status] FROM [WhiskyClubCentral].[dbo].[Product]  WHERE [id_product] =@product_id) = 1
						AND ((SELECT [special_product] FROM [WhiskyClubCentral].[dbo].[Product]  WHERE [id_product] =@product_id) = 0 OR @id_subs=3 or @id_subs=4)
					BEGIN
					SELECT 
					   @product_amount=[aumount]
					  ,@product_id = [WhiskyUS].[dbo].[ProductxStore].[id_product]
					  ,@product_name=[name_product]
					  ,@product_type=[dbo].[CatalogProductType].name_ProductType
					  ,@product_aged = [aged_product]
					  ,@destilley = [dbo].[CatalogDistillery].name_Distillery
					  ,@product_container = [dbo].[CatalogContainer].description_Container
					  ,@product_price = ([price_product]*@cliente_money_equi)
					  ,@product_special = [special_product]
					  ,@product_amount = [WhiskyUS].[dbo].[ProductxStore].[aumount]
				  FROM [WhiskyUS].[dbo].[ProductxStore]
				  INNER JOIN [WhiskyClubCentral].[dbo].[Product] ON [WhiskyClubCentral].[dbo].[Product].[id_product] = [WhiskyUS].[dbo].[ProductxStore].id_product
				  INNER JOIN  [dbo].[CatalogProductType] ON [type_product] = [id_ProductType]
				  INNER JOIN  [dbo].[CatalogDistillery] ON [distillery_product] = [id_Distillery]
				  INNER JOIN  [dbo].[CatalogContainer] ON [container_product] = [id_Container]
				  WHERE [aumount] > 0 AND [id_store] = @id_store_ AND [status] = 1 AND [id_store] = @id_store_ AND [id_productxStore]=@id_store_cursor
				  AND ([WhiskyClubCentral].[dbo].[Product].[special_product] = 0 or @id_subs=3 or @id_subs=4)

				   --insert to result
				INSERT INTO @result VALUES
							(@product_id,--product_code
							@product_name,		--product_name
							@product_type,		--product_type 
							@product_aged,		--product_aged
							@destilley,		--destilley 
							@product_container, --product_container 
							@product_price,	--product_price 
							@product_amount,	--amount 
							@id_store_,		--nearbyStore
							@money_type,
							@product_special,
							@nearbyStore)
					END
					END
				
			SELECT @id_store_cursor = MIN([id_productxStore]) FROM [WhiskyUS].[dbo].[ProductxStore] WHERE [id_productxStore] > @id_store_cursor
			END--END WHILE STORE
			SELECT * FROM @result
			RETURN 0;

		END--END EU


print @error;
RETURN @error
END
GO
/****** Object:  StoredProcedure [dbo].[consultPurchaseXStore]    Script Date: 6/16/2022 5:09:00 PM ******/
SET ANSI_NULLS ON
GO
SET QUOTED_IDENTIFIER ON
GO

CREATE PROCEDURE [dbo].[consultPurchaseXStore]
@idStore_ INT
AS
BEGIN
	SET NOCOUNT ON; 
DECLARE	
	@error INT

SELECT [id_purchase]
      ,[name_client]
      ,[date_purchase],
	   [email_client]
      ,([purchase].[location_client].STAsText()) AS direction
      ,[subtotal]
      ,[shipping]
      ,[total]
      ,[id_PurchasingManager]
      ,[id_Dealer]
      ,[name_StatusPurchase]
      ,[distance]
      ,[moneyType]
	  ,[store]
  FROM [dbo].[purchase] 
  INNER JOIN [dbo].[Client] ON  [client_purchase] = [id_client]
  INNER JOIN [dbo].[CatalogStatusPurchase] ON [status_purchase] = [id_StatusPurchase]
  WHERE [store] = @idStore_ AND [status_purchase] = 1

print @error;
RETURN @error
END
GO
/****** Object:  StoredProcedure [dbo].[CreateNewUser]    Script Date: 6/16/2022 5:09:00 PM ******/
SET ANSI_NULLS ON
GO
SET QUOTED_IDENTIFIER ON
GO

CREATE PROCEDURE [dbo].[CreateNewUser] 
@nickname nvarchar(50), 
@password nvarchar(50), 
@full_name varchar(50), 
@country_id int, 
@email varchar(64), 
@id_subscription int
AS
DECLARE
@lastInsertedUser INT,
@lastInsertedClient INT

	IF (@nickname IS NULL or @password IS NULL OR @full_name IS NULL OR @country_id IS NULL OR @email IS NULL OR @id_subscription IS NULL)
	BEGIN
		RETURN 1 --'One or more paramters are null'
	END

	IF (SELECT COUNT(*) FROM [WhiskyClubCentral].[dbo].[Users] WHERE nickname = @nickname) > 0
	BEGIN
		RETURN 2 --'Nickname is already in use'
	END

	IF (SELECT COUNT(*) FROM [WhiskyClubCentral].[dbo].[Client] WHERE email_client = @email) > 0
	BEGIN
		RETURN 3 --'Email is already in use'
	END


	INSERT INTO [WhiskyClubCentral].[dbo].[Users] (nickname,password_user,type_user) VALUES (@nickname,PWDENCRYPT(@password),1)

	SET @lastInsertedUser = (SELECT MAX(id_user) FROM [dbo].[Users])
	SET @lastInsertedClient = (SELECT MAX([id_client]) FROM [WhiskyClubCentral].[dbo].[Client]) + 1

	INSERT INTO [WhiskyClubCentral].[dbo].[Client]
			   ([id_client]
			   ,[name_client]
			   ,[country_client]
			   ,[email_client]
			   ,[subscription_client]
			   ,[user_credentials])
		 VALUES
			   (@lastInsertedClient
			   ,@full_name
			   ,@country_id
			   ,@email
			   ,@id_subscription
			   ,@lastInsertedUser)


	IF (@country_id = 1) --Client is from Germany
	BEGIN
		INSERT INTO [WhiskyGermany].[dbo].[Client] (id_client,name_client,email_client,subscription_client)
		VALUES (@lastInsertedUser,@full_name,@email,@id_subscription)
	END

PRINT 0
RETURN 0

EXEC CreateNewUser 
@nickname = 'PRUEBA', 
@password = 'PRUEBA', 
@full_name = 'PRUEBA', 
@country_id = 1, 
@email = 'PRUEBA@GMAIL.COM', 
@id_subscription =1
GO
/****** Object:  StoredProcedure [dbo].[FindUserByNickname]    Script Date: 6/16/2022 5:09:00 PM ******/
SET ANSI_NULLS ON
GO
SET QUOTED_IDENTIFIER ON
GO

CREATE PROCEDURE [dbo].[FindUserByNickname] 
@nickname nvarchar(64)
AS
DECLARE @result int,
@IdCredentials int
SET @IdCredentials = (SELECT id_user FROM [WhiskyClubCentral].[dbo].[Users] WHERE nickname = @nickname)
SET @result = (SELECT id_client FROM [WhiskyClubCentral].[dbo].[Client] WHERE user_credentials = @IdCredentials)
RETURN @result
GO
/****** Object:  StoredProcedure [dbo].[generatePurchase]    Script Date: 6/16/2022 5:09:00 PM ******/
SET ANSI_NULLS ON
GO
SET QUOTED_IDENTIFIER ON
GO
CREATE PROCEDURE [dbo].[generatePurchase]
@jsonProducts_ VARCHAR (MAX),
@idStore_ INT,
@idClient_ INT
AS
BEGIN
	SET NOCOUNT ON; 
DECLARE	
	@error INT,
	--CYCLE
	@cursorProducts INT,
	--PRODUCT INFO
	@idProduct_ INT,
	@amountProduct_ INT,
	@priceProduct_ MONEY,
	@subtotal_ MONEY,
	--DATA OF CLIENTE
	@location_client GEOGRAPHY,
	@sub_client INT,
	@sub_discount INT,
	@shipping_discount FLOAT,
	@distance_client FLOAT,
	@country_client INT,
	@money_client VARCHAR(128),
	@moneyEquivalence_cliente FLOAT,
	--DATA OF STORE
	@location_store GEOGRAPHY,
	--DATA OF SHIPPING
	@shippingPrice MONEY,
	--DATA OF PURCHASE
	@lastPurchase_id INT


DECLARE @products TABLE
	(idCursor INT IDENTITY(1,1) PRIMARY KEY, 
	 idProduct INT,
	 quantity INT
	)
DECLARE @results TABLE
	(idCursor INT  PRIMARY KEY, 
	 purchase_id INT,
	 client_name VARCHAR(128),
	 store_name VARCHAR(128),
	 product_name VARCHAR(128),
	 product_priceInd MONEY,
	 product_amount INT,
	 product_subtotal MONEY,
	 purchase_total MONEY,
	 purchase_shipping MONEY,
	 client_sub VARCHAR(128),
	 product_success VARCHAR(128),
	 moneyType VARCHAR(128)
	)

DECLARE @errorTable TABLE
	(idCursor INT IDENTITY(1,1) PRIMARY KEY, 
	 id_Product INT,
	 amount_product INT
	)
	SET @error = 0

	--NULL DATA?
	IF (@jsonProducts_ IS NULL OR @idClient_ IS NULL OR @idStore_ IS NULL) 
		BEGIN
			SET @error = 1
			RETURN @error
		END

	--JSON FORMAT?
	IF ISJSON(@jsonProducts_) < 1
		BEGIN
			 SET @error = 5
			RETURN @error
		END

	--TABLE WITH PRODUCTS
	INSERT INTO @products SELECT * FROM OPENJSON(@jsonProducts_)
							WITH (idProduct INT,
								 quantity INT)

	--DATA OF CLIENT
	SELECT @location_client = [location_client],
			@sub_client = [subscription_client],
			@money_client = [money_type],
		    @moneyEquivalence_cliente = [dollar_equivalent]
			FROM [dbo].[Client] 
			INNER JOIN [dbo].[CatalogCountry] ON [country_client] = [id_Country]
			WHERE [id_client] = @idClient_


	SELECT @sub_client = [subscription_client] FROM [dbo].[Client] WHERE [id_client] = @idClient_
	--DATA OF STORE
	SELECT @location_store = [location_store] FROM [dbo].[Store] WHERE [id_store] = @idStore_
	--DATA OF PRICE
	SELECT @sub_discount = [discount_subscription], 
		   @shipping_discount = ([discount_shipping]/100) FROM [dbo].[CatalogSubscription] WHERE [id_subscription] = @sub_client

	--SHIPPING PRICE 
	SET @distance_client = @location_store.STDistance (@location_client) 
	IF (@distance_client > 1000)
		BEGIN
			SET @distance_client = @distance_client/1000 --KM
		END
	ELSE
		BEGIN
			SET @distance_client = 0
		END
	--PRICE
	SET @shippingPrice = 15 + (@distance_client/2) 
	--DISCOUNT
	SET @shippingPrice = @shippingPrice - (@shippingPrice * @shipping_discount)
	--CONVER TO MONEYTYPE
	SET @shippingPrice = @shippingPrice * @moneyEquivalence_cliente
	--RECALCULATE
	SET @distance_client = @location_store.STDistance (@location_client) /1000

	--GENERATE PURCHAESE
	INSERT INTO [dbo].[purchase]
			   ([client_purchase]
			   ,[date_purchase]
			   ,[location_client]
			   ,[subtotal]
			   ,[shipping]
			   ,[total]
			   ,[distance]
			   ,[moneyType]
			   ,[store])
		 VALUES
			   (@idClient_
			   ,GETDATE()
			   ,@location_client
			   ,0
			   ,@shippingPrice
			   ,@shippingPrice
			   ,@distance_client
			   ,@money_client
			   ,@idStore_)

	--LAST INSERTED ID
	SELECT @lastPurchase_id = MAX([id_purchase]) FROM [dbo].[purchase]

	--GERMANY------------------------------------------------------------------------------------------------
	IF (@idStore_ = 1 OR @idStore_ = 2 OR @idStore_ = 3)
		BEGIN
			--GENERATE PURCHASE LOCAL GERMNANY
			INSERT INTO [WhiskyGermany].[dbo].[purchase] SELECT * FROM [WhiskyClubCentral].[dbo].[purchase] WHERE [id_purchase] = @lastPurchase_id

			--INIT CYCLE FOR PRODUCTS
			SELECT @cursorProducts = MIN(idCursor) FROM @products
			WHILE @cursorProducts IS NOT NULL
			BEGIN
				--INFO
				SELECT @amountProduct_ = quantity,
					   @idProduct_ = idProduct 
					   FROM @products WHERE @cursorProducts = idCursor

				--VERIFY QUANTITY
				IF (SELECT [aumount] FROM [WhiskyGermany].[dbo].[ProductxStore] WHERE [id_product] = @idProduct_ AND [id_store] = @idStore_) >= @amountProduct_
					BEGIN
						--PRICE OF PRODUCT
						SELECT @priceProduct_ = [price_product] FROM [WhiskyClubCentral].[dbo].[Product] WHERE [id_product] = @idProduct_
						--SUBTOTAL
						SET @subtotal_ = (@priceProduct_ * @amountProduct_) * @moneyEquivalence_cliente

						--GENERATE LINE OF FACT
						INSERT INTO [WhiskyClubCentral].[dbo].[purchaseXProduct]
								   ([id_purchase]
								   ,[id_product]
								   ,[amount]
								   ,[subtotal])
							 VALUES
								   (@lastPurchase_id
								   ,@idProduct_
								   ,@amountProduct_
								   ,@subtotal_)
								   
						--ADD TO RESULT 
						INSERT INTO @results VALUES
								(@cursorProducts, 
								 @lastPurchase_id,
								 (SELECT [name_client] FROM [WhiskyClubCentral].[dbo].[Client] WHERE [id_client] = @idClient_),
								 (SELECT [name_store] FROM [WhiskyClubCentral].[dbo].[Store] WHERE [id_store] = @idStore_),
								 (SELECT [name_product] FROM [WhiskyClubCentral].[dbo].[Product] WHERE [id_product] = @idProduct_),
								 @priceProduct_,
								 @amountProduct_,
								 @subtotal_,
								 0,
								 @shippingPrice,
								 (SELECT [name_subscription] FROM [WhiskyClubCentral].[dbo].[CatalogSubscription] WHERE [id_subscription] = @sub_client),
								 'Processed',
								 @money_client
								)

						--INSERT LOCAL
						INSERT INTO [WhiskyGermany].[dbo].[purchaseXProduct]
								   ([id_purchaseXProduct]
								   ,[id_purchase]
								   ,[id_product]
								   ,[amount]
								   ,[subtotal])
							 VALUES
								   ((SELECT MAX([id_purchaseXProduct]) FROM [WhiskyClubCentral].[dbo].[purchaseXProduct])
								   ,@lastPurchase_id
								   ,@idProduct_
								   ,@amountProduct_
								   ,@subtotal_)

						--DECREMENT AMOUNT X STORE
						UPDATE [WhiskyGermany].[dbo].[ProductxStore]
						   SET [aumount] = [aumount] - @amountProduct_
						 WHERE [id_store] = @idStore_ AND [id_product] = @idProduct_

						--DECREMENT AMOUNT GENERAL
						UPDATE [WhiskyClubCentral].[dbo].[Product]
						   SET [amount] = [amount] - @amountProduct_
						 WHERE [id_product] = @idProduct_


						 --ACT SUBTOTAL AND TOTAL
						UPDATE [WhiskyClubCentral].[dbo].[purchase]
							SET 
								 [subtotal] = [subtotal] + @subtotal_
								,[total] = [total] + @subtotal_
							WHERE [id_purchase] = @lastPurchase_id
						--CENTRAL
						UPDATE [WhiskyGermany].[dbo].[purchase]
							SET 
								 [subtotal] = [subtotal] + @subtotal_
								,[total] = [total] + @subtotal_
							WHERE [id_purchase] = @lastPurchase_id



					END
				ELSE --NO EXIST AMOUNT OF PRODUCT
					BEGIN
						--INSERT INTO ERRORS TABLE
						INSERT INTO @errorTable VALUES (@idProduct_, @amountProduct_)

						--ADD TO RESULT 
						INSERT INTO @results VALUES
								(@cursorProducts, 
								 @lastPurchase_id,
								 (SELECT [name_client] FROM [WhiskyClubCentral].[dbo].[Client] WHERE [id_client] = @idClient_),
								 (SELECT [name_store] FROM [WhiskyClubCentral].[dbo].[Store] WHERE [id_store] = @idStore_),
								 (SELECT [name_product] FROM [WhiskyClubCentral].[dbo].[Product] WHERE [id_product] = @idProduct_),
								 (SELECT [price_product]*@moneyEquivalence_cliente FROM [WhiskyClubCentral].[dbo].[Product] WHERE [id_product] = @idProduct_),
								 @amountProduct_,
								 0,
								 0,
								 @shippingPrice,
								 (SELECT [name_subscription] FROM [WhiskyClubCentral].[dbo].[CatalogSubscription] WHERE [id_subscription] = @sub_client),
								 'canceled',
								 @money_client
								)
					END


				SELECT @cursorProducts = MIN(idCursor) FROM @products WHERE idCursor > @cursorProducts --INDEX ++
			END--END WHILE

			--RETORNAR ERRORES
			UPDATE @results SET purchase_total = (SELECT total FROM [WhiskyClubCentral].[dbo].[purchase] WHERE [id_purchase]=@lastPurchase_id)
			
			--ACT STATUS
			IF (SELECT subtotal FROM [WhiskyClubCentral].[dbo].[purchase] WHERE [id_purchase]=@lastPurchase_id) = 0
				BEGIN
				--central
				UPDATE [WhiskyClubCentral].[dbo].[purchase]
				   SET [status_purchase] = 3
				 WHERE [id_purchase]=@lastPurchase_id
				 --us
				 UPDATE [WhiskyGermany].[dbo].[purchase]
				   SET [status_purchase] = 3
				 WHERE [id_purchase]=@lastPurchase_id
				END

			SELECT * FROM @results
			RETURN 0;

		END--END GERMANY

	--JAPAN--------------------------------------------------------------------------------------------
	IF (@idStore_ = 4 OR @idStore_ = 5 OR @idStore_ = 6)
		BEGIN
			--GENERATE PURCHASE LOCAL GERMNANY
			INSERT INTO [WhiskyJapan].[dbo].[purchase] SELECT * FROM [WhiskyClubCentral].[dbo].[purchase] WHERE [id_purchase] = @lastPurchase_id

			--INIT CYCLE FOR PRODUCTS
			SELECT @cursorProducts = MIN(idCursor) FROM @products
			WHILE @cursorProducts IS NOT NULL
			BEGIN
				--INFO
				SELECT @amountProduct_ = quantity,
					   @idProduct_ = idProduct 
					   FROM @products WHERE @cursorProducts = idCursor

				--VERIFY QUANTITY
				IF (SELECT [aumount] FROM [WhiskyJapan].[dbo].[ProductxStore] WHERE [id_product] = @idProduct_ AND [id_store] = @idStore_) >= @amountProduct_
					BEGIN
						--PRICE OF PRODUCT
						SELECT @priceProduct_ = [price_product] FROM [WhiskyClubCentral].[dbo].[Product] WHERE [id_product] = @idProduct_
						--SUBTOTAL
						SET @subtotal_ = (@priceProduct_ * @amountProduct_) * @moneyEquivalence_cliente

						--GENERATE LINE OF FACT
						INSERT INTO [WhiskyClubCentral].[dbo].[purchaseXProduct]
								   ([id_purchase]
								   ,[id_product]
								   ,[amount]
								   ,[subtotal])
							 VALUES
								   (@lastPurchase_id
								   ,@idProduct_
								   ,@amountProduct_
								   ,@subtotal_)


						--INSERT LOCAL
						INSERT INTO [WhiskyJapan].[dbo].[purchaseXProduct]
								   ([id_purchaseXProduct]
								   ,[id_purchase]
								   ,[id_product]
								   ,[amount]
								   ,[subtotal])
							 VALUES
								   ((SELECT MAX([id_purchaseXProduct]) FROM [WhiskyClubCentral].[dbo].[purchaseXProduct])
								   ,@lastPurchase_id
								   ,@idProduct_
								   ,@amountProduct_
								   ,@subtotal_)
						--ADD TO RESULT 
						INSERT INTO @results VALUES
								(@cursorProducts, 
								 @lastPurchase_id,
								 (SELECT [name_client] FROM [WhiskyClubCentral].[dbo].[Client] WHERE [id_client] = @idClient_),
								 (SELECT [name_store] FROM [WhiskyClubCentral].[dbo].[Store] WHERE [id_store] = @idStore_),
								 (SELECT [name_product] FROM [WhiskyClubCentral].[dbo].[Product] WHERE [id_product] = @idProduct_),
								 @priceProduct_,
								 @amountProduct_,
								 @subtotal_,
								 0,
								 @shippingPrice,
								 (SELECT [name_subscription] FROM [WhiskyClubCentral].[dbo].[CatalogSubscription] WHERE [id_subscription] = @sub_client),
								 'Processed',
								 @money_client
								)

						--DECREMENT AMOUNT
						UPDATE [WhiskyJapan].[dbo].[ProductxStore]
						   SET [aumount] = [aumount] - @amountProduct_
						 WHERE [id_store] = @idStore_ AND [id_product] = @idProduct_

						UPDATE [WhiskyClubCentral].[dbo].[Product]
						   SET [amount] = [amount] - @amountProduct_
						 WHERE [id_product] = @idProduct_

						 --ACT SUBTOTAL AND TOTAL
						UPDATE [WhiskyClubCentral].[dbo].[purchase]
							SET 
								 [subtotal] = [subtotal] + @subtotal_
								,[total] = [total] + @subtotal_
							WHERE [id_purchase] = @lastPurchase_id
						--CENTRAL
						UPDATE [WhiskyJapan].[dbo].[purchase]
							SET 
								 [subtotal] = [subtotal] + @subtotal_
								,[total] = [total] + @subtotal_
							WHERE [id_purchase] = @lastPurchase_id
					END
				ELSE --NO EXIST AMOUNT OF PRODUCT
					BEGIN
						--INSERT INTO ERRORS TABLE
						INSERT INTO @errorTable VALUES (@idProduct_, @amountProduct_)

						--ADD TO RESULT 
						INSERT INTO @results VALUES
								(@cursorProducts, 
								 @lastPurchase_id,
								 (SELECT [name_client] FROM [WhiskyClubCentral].[dbo].[Client] WHERE [id_client] = @idClient_),
								 (SELECT [name_store] FROM [WhiskyClubCentral].[dbo].[Store] WHERE [id_store] = @idStore_),
								 (SELECT [name_product] FROM [WhiskyClubCentral].[dbo].[Product] WHERE [id_product] = @idProduct_),
								 (SELECT [price_product]*@moneyEquivalence_cliente FROM [WhiskyClubCentral].[dbo].[Product] WHERE [id_product] = @idProduct_),
								 @amountProduct_,
								 0,
								 0,
								 @shippingPrice,
								 (SELECT [name_subscription] FROM [WhiskyClubCentral].[dbo].[CatalogSubscription] WHERE [id_subscription] = @sub_client),
								 'canceled',
								 @money_client
								)
					END


				SELECT @cursorProducts = MIN(idCursor) FROM @products WHERE idCursor > @cursorProducts--INDEX ++
			END--END WHILE

			--RETORNAR ERRORES
			UPDATE @results SET purchase_total = (SELECT total FROM [WhiskyClubCentral].[dbo].[purchase] WHERE [id_purchase]=@lastPurchase_id)
			
			--ACT STATUS
			IF (SELECT subtotal FROM [WhiskyClubCentral].[dbo].[purchase] WHERE [id_purchase]=@lastPurchase_id) = 0
				BEGIN
				--central
				UPDATE [WhiskyClubCentral].[dbo].[purchase]
				   SET [status_purchase] = 3
				 WHERE [id_purchase]=@lastPurchase_id
				 --us
				 UPDATE [WhiskyJapan].[dbo].[purchase]
				   SET [status_purchase] = 3
				 WHERE [id_purchase]=@lastPurchase_id
				END
			
			SELECT * FROM @results
			RETURN 0;

		END--END JAPAN

	--US--------------------------------------------------------------------------------------------
	IF (@idStore_ = 7 OR @idStore_ = 8 OR @idStore_ = 9)
		BEGIN
			--GENERATE PURCHASE LOCAL GERMNANY
			INSERT INTO [WhiskyUS].[dbo].[purchase] SELECT * FROM [WhiskyClubCentral].[dbo].[purchase] WHERE [id_purchase] = @lastPurchase_id

			--INIT CYCLE FOR PRODUCTS
			SELECT @cursorProducts = MIN(idCursor) FROM @products
			WHILE @cursorProducts IS NOT NULL
			BEGIN
				--INFO
				SELECT @amountProduct_ = quantity,
					   @idProduct_ = idProduct 
					   FROM @products WHERE @cursorProducts = idCursor

				--VERIFY QUANTITY
				IF (SELECT [aumount] FROM [WhiskyUS].[dbo].[ProductxStore] WHERE [id_product] = @idProduct_ AND [id_store] = @idStore_) >= @amountProduct_
					BEGIN
						--PRICE OF PRODUCT
						SELECT @priceProduct_ = [price_product] FROM [WhiskyClubCentral].[dbo].[Product] WHERE [id_product] = @idProduct_
						--SUBTOTAL
						SET @subtotal_ = (@priceProduct_ * @amountProduct_) * @moneyEquivalence_cliente

						--GENERATE LINE OF FACT
						INSERT INTO [WhiskyClubCentral].[dbo].[purchaseXProduct]
								   ([id_purchase]
								   ,[id_product]
								   ,[amount]
								   ,[subtotal])
							 VALUES
								   (@lastPurchase_id
								   ,@idProduct_
								   ,@amountProduct_
								   ,@subtotal_)


						--INSERT LOCAL
						INSERT INTO [WhiskyUS].[dbo].[purchaseXProduct]
								   ([id_purchaseXProduct]
								   ,[id_purchase]
								   ,[id_product]
								   ,[amount]
								   ,[subtotal])
							 VALUES
								   ((SELECT MAX([id_purchaseXProduct]) FROM [WhiskyClubCentral].[dbo].[purchaseXProduct])
								   ,@lastPurchase_id
								   ,@idProduct_
								   ,@amountProduct_
								   ,@subtotal_)
						--ADD TO RESULT 
						INSERT INTO @results VALUES
								(@cursorProducts, 
								 @lastPurchase_id,
								 (SELECT [name_client] FROM [WhiskyClubCentral].[dbo].[Client] WHERE [id_client] = @idClient_),
								 (SELECT [name_store] FROM [WhiskyClubCentral].[dbo].[Store] WHERE [id_store] = @idStore_),
								 (SELECT [name_product] FROM [WhiskyClubCentral].[dbo].[Product] WHERE [id_product] = @idProduct_),
								 @priceProduct_,
								 @amountProduct_,
								 @subtotal_,
								 0,
								 @shippingPrice,
								 (SELECT [name_subscription] FROM [WhiskyClubCentral].[dbo].[CatalogSubscription] WHERE [id_subscription] = @sub_client),
								 'Processed',
								 @money_client
								)

						--DECREMENT AMOUNT
						UPDATE [WhiskyUS].[dbo].[ProductxStore]
						   SET [aumount] = [aumount] - @amountProduct_
						 WHERE [id_store] = @idStore_ AND [id_product] = @idProduct_

						 --DECREMENT AMOUNT GENERAL
						UPDATE [WhiskyClubCentral].[dbo].[Product]
						   SET [amount] = [amount] - @amountProduct_
						 WHERE [id_product] = @idProduct_

						 --ACT SUBTOTAL AND TOTAL
						UPDATE [WhiskyClubCentral].[dbo].[purchase]
							SET 
								 [subtotal] = [subtotal] + @subtotal_
								,[total] = [total] + @subtotal_
							WHERE [id_purchase] = @lastPurchase_id
						--CENTRAL
						UPDATE [WhiskyUS].[dbo].[purchase]
							SET 
								 [subtotal] = [subtotal] + @subtotal_
								,[total] = [total] + @subtotal_
							WHERE [id_purchase] = @lastPurchase_id
					END
				ELSE --NO EXIST AMOUNT OF PRODUCT
					BEGIN
						--INSERT INTO ERRORS TABLE
						INSERT INTO @errorTable VALUES (@idProduct_, @amountProduct_)

						--ADD TO RESULT 
						INSERT INTO @results VALUES
								(@cursorProducts, 
								 @lastPurchase_id,
								 (SELECT [name_client] FROM [WhiskyClubCentral].[dbo].[Client] WHERE [id_client] = @idClient_),
								 (SELECT [name_store] FROM [WhiskyClubCentral].[dbo].[Store] WHERE [id_store] = @idStore_),
								 (SELECT [name_product] FROM [WhiskyClubCentral].[dbo].[Product] WHERE [id_product] = @idProduct_),
								 (SELECT [price_product]*@moneyEquivalence_cliente FROM [WhiskyClubCentral].[dbo].[Product] WHERE [id_product] = @idProduct_),
								 @amountProduct_,
								 0,
								 0,
								 @shippingPrice,
								 (SELECT [name_subscription] FROM [WhiskyClubCentral].[dbo].[CatalogSubscription] WHERE [id_subscription] = @sub_client),
								 'canceled',
								 @money_client
								)
					END


				SELECT @cursorProducts = MIN(idCursor) FROM @products WHERE idCursor > @cursorProducts
			END--END WHILE

			--RETORNAR ERRORES
			UPDATE @results SET purchase_total = (SELECT total FROM [WhiskyClubCentral].[dbo].[purchase] WHERE [id_purchase]=@lastPurchase_id)
			
			--ACT STATUS
			IF (SELECT subtotal FROM [WhiskyClubCentral].[dbo].[purchase] WHERE [id_purchase]=@lastPurchase_id) = 0
				BEGIN
				--central
				UPDATE [WhiskyClubCentral].[dbo].[purchase]
				   SET [status_purchase] = 3
				 WHERE [id_purchase]=@lastPurchase_id
				 --us
				 UPDATE [WhiskyUS].[dbo].[purchase]
				   SET [status_purchase] = 3
				 WHERE [id_purchase]=@lastPurchase_id
				END


			SELECT * FROM @results
			RETURN 0;

		END--END US

RETURN @error
END
GO
/****** Object:  StoredProcedure [dbo].[getContainerCatalog]    Script Date: 6/16/2022 5:09:00 PM ******/
SET ANSI_NULLS ON
GO
SET QUOTED_IDENTIFIER ON
GO
CREATE PROCEDURE [dbo].[getContainerCatalog]
AS
BEGIN
	SET NOCOUNT ON; 
DECLARE	
	@error INT

	SELECT [id_Container],
			[description_Container]
	  FROM [dbo].[CatalogContainer]

print @error;
RETURN @error
END
GO
/****** Object:  StoredProcedure [dbo].[getDistilleryCatalog]    Script Date: 6/16/2022 5:09:00 PM ******/
SET ANSI_NULLS ON
GO
SET QUOTED_IDENTIFIER ON
GO
CREATE PROCEDURE [dbo].[getDistilleryCatalog]
AS
BEGIN
	SET NOCOUNT ON; 
DECLARE	
	@error INT


	  SELECT [id_Distillery],
			[name_Distillery]
	  FROM [dbo].[CatalogDistillery]
	  AS distilleryInfo


print @error;
RETURN @error
END
GO
/****** Object:  StoredProcedure [dbo].[insertLocation]    Script Date: 6/16/2022 5:09:00 PM ******/
SET ANSI_NULLS ON
GO
SET QUOTED_IDENTIFIER ON
GO
CREATE PROCEDURE [dbo].[insertLocation]
@idClient_ INT,
@latitude FLOAT,
@longitude FLOAT,
@name VARCHAR(128)
AS
BEGIN
	SET NOCOUNT ON; 
DECLARE	
	@error INT,
	@direction GEOGRAPHY

	SET @direction = geography::Point(@latitude, @longitude, 4326)

	IF (SELECT COUNT(*) FROM [dbo].[Client] WHERE [id_client] = @idClient_) = 0
		BEGIN
			print 1;
			RETURN 1; --ERROR
		END

	IF (SELECT COUNT(*) FROM [dbo].[LocationXClient] WHERE [name_location] LIKE @name) > 0
		BEGIN
			print 2;
			RETURN 2; --ERROR
		END
	INSERT INTO [dbo].[LocationXClient]
			   ([id_client]
			   ,[location_client]
			   ,[name_location])
		 VALUES
			   (@idClient_
			   ,@direction
			   ,@name)


RETURN 0
END

exec insertLocation
@idClient_ =1,
@latitude = 52.182017089,
@longitude = 38.320312500,
@name = 'prueba'
GO
/****** Object:  StoredProcedure [dbo].[returnProductTypes]    Script Date: 6/16/2022 5:09:00 PM ******/
SET ANSI_NULLS ON
GO
SET QUOTED_IDENTIFIER ON
GO
CREATE PROCEDURE [dbo].[returnProductTypes]
AS
BEGIN
	SET NOCOUNT ON; 
DECLARE	
	@error INT

	SELECT [id_ProductType]
		  ,[name_ProductType]
	  FROM [dbo].[CatalogProductType]

print @error;
RETURN @error
END
GO
/****** Object:  StoredProcedure [dbo].[returnPurchase]    Script Date: 6/16/2022 5:09:00 PM ******/
SET ANSI_NULLS ON
GO
SET QUOTED_IDENTIFIER ON
GO
CREATE PROCEDURE [dbo].[returnPurchase]
AS
BEGIN
	SET NOCOUNT ON; 
DECLARE	
	@error INT

SELECT [id_purchase]
      ,[name_client]
      ,[date_purchase],
	   [email_client]
      ,([purchase].[location_client].STAsText()) AS direction
      ,[subtotal]
      ,[shipping]
      ,[total]
      ,[id_PurchasingManager]
      ,[id_Dealer]
      ,[name_StatusPurchase]
      ,[distance]
      ,[moneyType]
  FROM [dbo].[purchase] 
  INNER JOIN [dbo].[Client] ON  [client_purchase] = [id_client]
  INNER JOIN [dbo].[CatalogStatusPurchase] ON [status_purchase] = [id_StatusPurchase]
  WHERE [id_purchase] = (SELECT MAX([id_purchase]) FROM [dbo].[purchase] )

print @error;
RETURN @error
END
GO
/****** Object:  StoredProcedure [dbo].[returnStores]    Script Date: 6/16/2022 5:09:00 PM ******/
SET ANSI_NULLS ON
GO
SET QUOTED_IDENTIFIER ON
GO
CREATE PROCEDURE [dbo].[returnStores]
AS
BEGIN
	SET NOCOUNT ON; 
DECLARE	
	@error INT

	SELECT [id_store]
		  ,[name_store]
		  ,[country_store]
		  ,[location_store]
		  ,[location_storeText]
	  FROM [dbo].[Store]

print @error;
RETURN @error
END
GO
/****** Object:  StoredProcedure [dbo].[verifyLogin]    Script Date: 6/16/2022 5:09:00 PM ******/
SET ANSI_NULLS ON
GO
SET QUOTED_IDENTIFIER ON
GO

CREATE PROCEDURE [dbo].[verifyLogin]
@nickname nvarchar(50), 
@password nvarchar(50)
AS
DECLARE @email varchar(64),
@idClient int,
@idUserType int
    IF @nickname IS NULL or @password IS NULL
    BEGIN
        PRINT 1
        RETURN 1 --'One or more paramters are null'
    END
    ELSE
    IF (SELECT COUNT(*) FROM [WhiskyClubCentral].[dbo].[Users] WHERE nickname = @nickname) <= 0
    BEGIN
        PRINT 2
        RETURN 2 --'No account registered with the sent nickname'
    END
    ELSE
    IF (SELECT pwdcompare(@password, (select [password_user] FROM [WhiskyClubCentral].[dbo].[Users] where nickname=@nickname))) <= 0
    BEGIN
        PRINT 3
        RETURN 3 --'The given password and nickname combination does not exist'
    END
    ELSE
    BEGIN
        EXEC @IdClient = FindUserByNickname @nickname = @nickname
        SET @email = (SELECT email_client FROM [WhiskyClubCentral].[dbo].[Client] WHERE id_client = @idClient)
		SET @idUserType = (SELECT type_user FROM [WhiskyClubCentral].[dbo].[Users] WHERE nickname = @nickname)
        SELECT @idClient as idClient, @email AS emailClient, @idUserType AS userType
        RETURN 0
    END
GO
USE [master]
GO
ALTER DATABASE [WhiskyClubCentral] SET  READ_WRITE 
GO
